tree
version=v4
num_class=1
num_tree_per_iteration=1
label_index=0
max_feature_idx=22
feature_names=SeniorCitizen Partner Dependents tenure OnlineSecurity OnlineBackup DeviceProtection TechSupport StreamingTV StreamingMovies PaperlessBilling MonthlyCharges PhoneCategory InternetService_DSL InternetService_Fiber_optic InternetService_No Contract_Month-to-month Contract_One_year Contract_Two_year PaymentMethod_Bank_transfer_(automatic) PaymentMethod_Credit_card_(automatic) PaymentMethod_Electronic_check PaymentMethod_Mailed_check
feature_infos=[0:1] [0:1] [0:1] [-1.3198684548787756:1.6102008832062693] [0:1] [0:1] [0:1] [0:1] [0:1] [0:1] [0:1] [-1.5463750064828874:1.7917386381567895] [0:2] [0:1] [0:1] [0:1] [0:1] [0:1] [0:1] [0:1] [0:1] [0:1] [0:1]
tree_sizes=6718 6799 6820 6809 6824 6834 6835 6877 6861 6869 6880 6874 6881 6897 6876 6883 6885 6911 6887 6897

Tree=0
num_leaves=63
num_cat=0
split_feature=16 11 17 11 9 3 14 3 3 11 21 3 0 11 3 11 3 19 18 10 3 3 12 7 13 11 12 8 3 11 11 3 3 11 10 11 5 11 12 3 3 10 5 3 19 11 12 1 3 3 20 4 3 1 11 12 1 3 21 5 11 7
split_gain=105 26.915 13.6408 6.36735 5.36134 6.92396 5.27056 5.55486 3.94915 3.82642 3.42965 3.21163 2.85812 2.85339 3.45181 2.27909 1.95121 2.00147 3.11963 2.64562 2.09139 1.88408 1.86035 1.84461 1.71738 2.11404 3.18398 1.47638 1.82531 1.51193 1.41081 2.55824 2.24045 1.35177 1.28851 3.32917 1.20433 1.1002 1.04809 0.957716 0.909112 0.85328 1.06398 0.949416 0.855108 0.820705 0.801481 1.3834 0.787233 0.785852 0.754907 0.855585 0.747351 1.52724 0.734073 0.733361 1.50483 1.66173 2.40672 0.736154 0.586588 0.56451
threshold=1.0000000180025095e-35 -0.75087429216328283 1.0000000180025095e-35 0.89493198735807045 1.0000000180025095e-35 0.32829554779406223 1.0000000180025095e-35 -1.0960437137750567 1.5898531794695678 0.52209292605378799 1.0000000180025095e-35 1.1015082897887269 1.0000000180025095e-35 0.052099810912977731 -0.93326208388144316 -0.14386904981711271 -1.2181299361952669 1.0000000180025095e-35 1.0000000180025095e-35 1.0000000180025095e-35 1.0608128823153236 0.45038177021427245 1.0000000180025095e-35 1.0000000180025095e-35 1.0000000180025095e-35 -1.4791145076729835 1.5000000000000002 1.0000000180025095e-35 1.3863761421025509 1.4795170634342727 -0.17376260484373676 1.2642899196823407 1.3863761421025509 0.14011972293581496 1.0000000180025095e-35 0.3061950286392815 1.0000000180025095e-35 -1.4724714954448446 1.5000000000000002 -1.2588253436686703 -0.52630800914740916 1.0000000180025095e-35 1.0000000180025095e-35 1.2235945122089373 1.0000000180025095e-35 -1.4924005321292608 1.5000000000000002 1.0000000180025095e-35 0.043427695480238365 -0.68908963904102272 1.0000000180025095e-35 1.0000000180025095e-35 0.49107717768767584 1.0000000180025095e-35 0.63834564004621452 1.0000000180025095e-35 1.0000000180025095e-35 -0.36352637925379561 1.0000000180025095e-35 1.0000000180025095e-35 -0.32489113303389122 1.0000000180025095e-35
decision_type=2 2 2 2 2 2 2 2 2 2 2 2 2 2 2 2 2 2 2 2 2 2 2 2 2 2 2 2 2 2 2 2 2 2 2 2 2 2 2 2 2 2 2 2 2 2 2 2 2 2 2 2 2 2 2 2 2 2 2 2 2 2
left_child=1 11 3 9 5 34 7 37 41 10 22 16 -10 24 -15 -7 -1 19 40 20 46 49 -3 -24 25 -9 -27 50 -29 38 -25 -32 -33 -16 35 -4 -34 39 -30 -2 -19 44 -43 -44 -5 -41 -18 -48 -36 -8 51 -6 53 -21 -23 -26 59 60 -59 -57 -58 -56
right_child=6 2 4 8 27 15 21 13 12 -11 -12 -13 -14 14 33 -17 17 18 -20 52 -22 54 23 30 55 26 -28 28 29 -31 31 32 36 -35 48 -37 -38 -39 -40 45 -42 42 43 -45 -46 -47 47 -49 -50 -51 -52 -53 -54 -55 61 56 57 58 -60 -61 -62 -63
leaf_value=0.092095929171525148 0.16210738279878259 -0.1995411783525165 -0.19954117835251578 -0.066513727248943263 0.071264706817510168 0.0026605482869738817 0.19041929948829772 0.11639902199332244 -0.19954117835251706 -0.19954117835251714 0.11314190645578925 -0.19954117835251722 0.061926572678191544 0.13746170250460243 0.030233511446311187 -0.19954117835251708 -0.19954117835251728 0.13013555275462657 -0.19954117835251695 -0.19954117835251678 0.081294554610139833 0.081294554610139833 -0.19954117835251681 0.13013555275462663 0.15837709160416522 -0.19954117835251728 0.09588342415139571 0.14157677633912555 0.03741397061955274 0.14512085906928968 -0.19954117835251661 0.13997664943540097 0.037413970619552636 -0.19954117835251695 0.073704399522551964 0.1301355527546266 -0.19954117835251681 0.18060897274522258 -0.19954117835251664 0.13254195230672414 -0.0099770597927699503 0.14687041260042683 0.11905398171827349 0.011085620352342049 0.092095929171525009 0.014052195025570769 0.053210980825650026 -0.19954117835251683 0.17424722917771085 0.17646666657553145 0.11422012401288001 -0.064138237028541503 0.057494915802712113 0.014052195025570738 0.1651897883340242 0.15764559021197402 0.0560508927764541 -0.19954117835251728 0.09781430394581464 0.090238367940080458 0.14737355217808659 0.11314190645578935
leaf_weight=0.64999999664723773 7.8624999215826392 0.9625000143423702 0.47500000707805401 0.71250000409781733 1.3999999947845965 0.93750000093132291 120.31249856576324 5.399999963119626 0.98750001471489646 1.9125000284984706 1.2124999919906256 2.6375000393018118 0.72499999776482582 1.1249999906867745 0.41249999962746986 1.3750000204890964 3.3750000502914173 0.86249999329447757 0.65000000968575466 0.53750000800937436 0.33749999850988377 1.349999994039538 0.62500000931322608 0.57499999552965109 14.299999861046674 0.58750000875443109 0.96249999478459358 19.449999833479527 0.39999999944120535 0.54999999515712261 0.7375000109896076 0.83749999292194821 0.39999999944120646 0.67500001005828381 1.3874999945983293 0.86249999329447746 0.46250000689178705 46.374999478459358 0.35000000521540642 1.7124999864026906 1.0000000018626451 2.4624999780207872 1.4874999895691874 1.8000000007450578 0.64999999664723873 0.88750000018626263 0.37499999906867731 0.51250000763684511 1.7749999808147547 60.749999334104359 1.8124999878928068 0.7000000039115547 0.73749999795109022 0.88750000018626451 14.812499849125745 9.2874999102205003 1.1124999970197675 0.47500000707805046 0.63749999646097422 1.9624999901279814 1.9124999828636648 2.4249999839812508
leaf_count=16 89 77 38 39 40 39 715 108 79 153 25 211 22 18 15 110 270 15 52 43 9 36 50 10 172 47 23 296 14 8 59 13 14 54 39 15 37 362 28 29 44 35 29 72 16 35 12 41 16 522 37 38 23 35 159 113 35 38 15 49 27 50
internal_value=0.148776 0.0288588 0.0629474 -0.0105498 0.101593 0.0230662 0.173377 0.154081 0.0474829 -0.076846 -0.0364753 -0.101458 -0.0888468 0.124938 0.0146556 -0.117568 -0.0753934 -0.0871312 -0.0109202 -0.115446 -0.158332 0.182625 -0.0759124 -0.0431996 0.131598 0.0868507 -0.016092 0.123285 0.133909 0.0191867 -0.0107636 -0.0440014 0.0234754 -0.112385 0.0953363 0.0130541 -0.0896489 0.174001 -0.0731651 0.144709 0.0549073 0.0803074 0.0971679 0.0599382 0.00915326 0.0920959 -0.177305 -0.0927445 0.130136 0.185738 0.0669387 0.0261304 -0.0242218 -0.0665137 0.152306 0.142073 0.126922 0.0753554 -0.0291465 0.145887 0.113788 0.157868
internal_weight=355.925 60.5875 48.025 16.55 31.475 6.8125 295.337 95.6875 8.825 7.725 5.8125 12.5625 1.7125 38.85 2.2125 2.3125 9.925 9.275 2.5125 6.7625 4.6 199.65 4.6 3.6375 36.6375 6.95 1.55 24.6625 20.75 1.3 3.0125 2.4375 1.7 1.0875 4.5 1.3375 0.8625 56.8375 0.75 10.4625 1.8625 7.1125 5.75 3.2875 1.3625 2.6 4.2625 0.8875 3.1625 181.062 3.9125 2.1 2.1625 1.425 18.5875 29.6875 15.3875 4.1375 1.1125 11.25 3.025 17.2375
internal_count=4930 2219 1448 730 718 257 2711 1229 292 438 285 771 101 714 87 149 560 544 111 433 332 1482 260 183 627 178 70 461 346 50 133 123 64 69 108 53 51 515 42 153 59 191 136 101 55 64 323 53 55 1237 115 78 101 78 245 449 277 115 53 162 62 209
is_linear=0
shrinkage=0.1


Tree=1
num_leaves=63
num_cat=0
split_feature=16 11 17 11 9 3 14 3 3 11 21 3 11 11 3 11 11 11 3 2 3 12 7 11 11 11 22 11 3 3 11 11 10 11 3 17 11 11 22 13 3 11 11 20 7 12 1 3 21 10 10 5 3 19 1 3 3 3 5 11 19 4
split_gain=85.6024 21.9861 11.1157 5.23218 4.36886 5.64494 4.32129 4.53808 3.2268 3.15486 2.81084 2.66653 2.53737 2.32427 2.81582 1.89886 1.71461 2.07175 2.25459 1.71585 1.54817 1.53365 1.5187 1.43703 1.22978 1.85061 2.74043 1.15276 2.10559 1.82552 1.12191 1.09325 1.05072 2.72943 0.971578 1.46875 1.31028 1.64442 0.988549 0.925323 0.89466 0.872421 1.50199 1.38745 0.827699 0.735596 1.22454 1.35497 1.97871 0.695009 0.691444 0.862922 0.767378 0.693018 0.691011 0.648018 0.644072 0.640372 0.599211 0.597504 0.540933 0.531489
threshold=1.0000000180025095e-35 -0.75087429216328283 1.0000000180025095e-35 0.89493198735807045 1.0000000180025095e-35 0.32829554779406223 1.0000000180025095e-35 -1.0960437137750567 1.5898531794695678 0.52209292605378799 1.0000000180025095e-35 1.1015082897887269 1.3192543934304275 0.052099810912977731 -0.93326208388144316 -0.14386904981711271 -1.3113784489124822 -1.4625069771026367 -1.2181299361952669 1.0000000180025095e-35 0.45038177021427245 1.0000000180025095e-35 1.0000000180025095e-35 -1.1785182043497089 0.55696874025151588 0.3061950286392815 1.0000000180025095e-35 -0.17376260484373676 1.2642899196823407 1.3863761421025509 0.14011972293581496 0.1567272535061616 1.0000000180025095e-35 0.3061950286392815 1.0201174748419202 1.0000000180025095e-35 -1.4973827913003646 -1.4940612851862953 1.0000000180025095e-35 1.0000000180025095e-35 -1.2588253436686703 -1.4791145076729835 -1.3595402875664875 1.0000000180025095e-35 1.0000000180025095e-35 1.0000000180025095e-35 1.0000000180025095e-35 -0.36352637925379561 1.0000000180025095e-35 1.0000000180025095e-35 1.0000000180025095e-35 1.0000000180025095e-35 1.2235945122089373 1.0000000180025095e-35 1.0000000180025095e-35 -0.68908963904102272 1.3863761421025509 0.043427695480238365 1.0000000180025095e-35 0.63834564004621452 1.0000000180025095e-35 1.0000000180025095e-35
decision_type=2 2 2 2 2 2 2 2 2 2 2 2 2 2 2 2 2 2 2 2 2 2 2 2 2 2 2 2 2 2 2 2 2 2 2 2 2 2 2 2 2 2 2 2 2 2 2 2 2 2 2 2 2 2 2 2 2 2 2 2 2 2
left_child=1 11 3 9 5 32 7 39 50 10 21 16 -10 23 -15 -7 17 18 -1 54 55 -3 -23 41 25 44 -27 -24 -29 -30 -16 -31 33 -4 35 -20 -37 -38 -39 40 -2 -9 43 -43 -6 -25 58 -48 -49 -21 53 -52 -53 -5 -19 -8 -26 -34 -47 -22 -58 -61
right_child=6 2 4 8 24 15 20 13 12 -11 -12 -13 -14 14 30 -17 -18 19 34 49 59 22 27 45 56 26 -28 28 29 31 -32 -33 57 -35 -36 36 37 38 -40 -41 -42 42 -44 -45 -46 46 47 48 -50 -51 51 52 -54 -55 -56 -57 60 -59 -60 61 -62 -63
leaf_value=0.094489429577650649 0.14917170998429821 -0.18254369085168687 -0.1825436908516862 -0.060069735922896529 0.12783462872513432 0.0023949023784309003 0.17189191868708018 0.10474224248720432 0.058924052699943247 -0.18254369085168745 0.10180336629016291 -0.18254369085168753 -0.1875813307228576 0.1237734101433383 0.027196889061075282 -0.18254369085168742 -0.18784828662914069 0.018814204284486533 -0.18489618637144245 -0.18390555172560141 0.073111683593327953 -0.18254369085168717 0.11714830129960595 0.14657397917343895 0.13022607697985814 -0.21084272874002383 0.10270645913793244 -0.18254369085168698 0.12604918763884518 0.039320131070001596 -0.18254369085168728 -0.18702124458233896 0.066282597341545096 0.11714830129960591 0.049668733664446692 -0.18684184322090105 0.10123893516064258 -0.029991448377337738 -0.18364905882246363 0.16411482337619976 0.090142087636454982 -0.18320779662194081 0.084351055092396432 0.080075266438348155 0.044527406623576293 0.1420616337081477 0.10237631177055213 -0.18254369085168759 0.08798560181965509 -0.0094672640159453123 0.13229155421863342 0.10713854467472435 0.0099763702543683146 0.082835047371933507 0.14703620280170612 0.15916976060881019 0.01133055273116281 0.15714926701371712 0.081162388254379492 0.15206616663588424 0.12279617197924123 0.11060861659588815
leaf_weight=0.62367660924792101 10.055220603011547 0.95298234745860355 0.47030297666788345 0.71171254105865756 3.3363440455868867 0.93749833945184979 119.2284419760108 5.3817504812031984 0.73478404711931922 1.8935883007943628 1.2086279494687913 2.6114191599190226 0.96725643891841173 1.1197022646665575 0.41240575537085422 1.3614033535122869 1.0794301638379682 0.87296254374086968 1.9825015999376763 0.420991526916623 1.3477720022201563 0.61881970614194903 0.57257240265607778 13.018194478005173 16.496258784085516 0.52284651063382603 0.5970529904589057 0.73020725324750069 0.83341099694371201 0.39890619460493326 0.6683252826333046 0.45888044312596321 1.3856173409149053 0.85885860398411751 0.37388684041798104 0.79365704488008981 0.62276725564151814 1.1198940230533527 0.66868454124778498 42.899209558963776 3.4479615902528158 0.49515068437904153 1.9033712381497006 0.33596611022949219 1.8561463383957741 9.2300344128161633 3.0137797258794308 0.4703029766678799 0.63597758859395981 0.49929302651435137 2.4492679908871651 1.4822414889931681 1.7999446988105772 0.64862367324531078 0.81055297516286373 60.2794966166839 0.88303507957607397 1.7615946754813192 1.9585103066638119 13.079319331794979 0.8587960135191679 4.0498449727892867
leaf_count=14 108 77 38 39 52 39 715 108 23 153 25 211 78 18 15 110 87 34 160 34 36 50 10 148 246 42 12 59 13 14 54 37 39 15 12 64 14 54 54 328 79 40 45 9 59 113 62 38 15 22 35 29 72 16 11 522 35 16 49 135 15 74
internal_value=0.134046 0.0255059 0.0563718 -0.0101588 0.091334 0.0202454 0.156369 0.138842 0.0424858 -0.0705329 -0.0338015 -0.0926863 -0.081163 0.112444 0.012637 -0.107125 -0.0689075 -0.0542995 -0.0858012 0.0205297 0.164783 -0.0696981 -0.0399317 0.11847 0.110953 0.0729094 -0.04368 -0.0104555 -0.040629 0.0206454 -0.102507 -0.0817632 0.0856583 0.011107 -0.10602 -0.117241 -0.0753917 -0.0387096 -0.0874384 0.156929 0.134099 0.0813721 0.0353772 -0.0767797 0.098055 0.129099 0.114239 0.0676315 -0.0270221 -0.0892655 0.0721617 0.0873739 0.053855 0.00806888 0.0805485 0.16762 0.12412 0.117144 0.131401 0.13722 0.0662878 0.142264
internal_weight=353.298 60.2673 47.7876 16.4618 31.3258 6.77528 293.031 95.0459 8.79383 7.668 5.77441 12.4797 1.70204 38.6435 2.20043 2.2989 9.8683 8.78887 6.18507 2.6038 197.985 4.56578 3.6128 36.443 24.5505 6.31239 1.1199 2.99398 2.4214 1.6912 1.08073 0.857787 4.47637 1.32916 5.56139 5.1875 3.205 2.41135 1.78858 56.4024 13.5032 8.11624 2.73449 0.831117 5.19249 28.3268 15.3086 4.12006 1.10628 0.920285 7.09179 5.73145 3.28219 1.36034 1.68352 179.508 18.2381 3.14721 11.1885 18.4769 1.74183 17.1292
internal_count=4930 2219 1448 730 718 257 2711 1229 292 438 285 771 101 714 87 149 560 473 372 101 1482 260 183 627 461 165 54 133 123 64 69 51 108 53 358 346 186 122 108 515 187 202 94 49 111 425 277 115 53 56 191 136 101 55 45 1237 296 55 162 245 50 209
is_linear=0
shrinkage=0.1


Tree=2
num_leaves=63
num_cat=0
split_feature=16 11 17 11 14 3 9 3 11 3 21 3 0 11 1 11 11 11 3 2 3 12 3 17 22 7 11 11 8 3 11 3 2 3 11 0 11 5 10 11 12 11 3 12 3 11 11 3 11 20 11 11 11 3 3 10 5 11 3 1 3 11
split_gain=71.1753 18.1099 9.11206 4.33569 3.7148 3.84435 3.56856 4.64361 2.6528 2.65074 2.32297 2.27284 2.18013 1.90806 2.49691 1.61921 1.44238 1.71508 1.86201 1.4012 1.35182 1.28971 1.28851 1.28483 1.28153 1.27238 1.13041 1.3428 1.07789 1.43005 1.18341 0.95454 1.99468 1.61112 0.928718 0.871147 1.7783 1.50991 0.861187 2.26395 0.818335 0.803557 0.74234 0.731289 1.42023 2.21047 1.05964 0.669307 0.668352 0.657854 0.731761 1.1871 1.10809 0.646264 0.573268 0.565235 0.715233 0.663539 0.627167 0.561529 0.539608 0.523456
threshold=1.0000000180025095e-35 -0.75087429216328283 1.0000000180025095e-35 0.89493198735807045 1.0000000180025095e-35 -1.0960437137750567 1.0000000180025095e-35 0.32829554779406223 0.52209292605378799 1.5898531794695678 1.0000000180025095e-35 1.1015082897887269 1.0000000180025095e-35 0.052099810912977731 1.0000000180025095e-35 -0.14386904981711271 -1.3113784489124822 -1.4625069771026367 -1.2181299361952669 1.0000000180025095e-35 0.45038177021427245 1.0000000180025095e-35 1.0608128823153236 1.0000000180025095e-35 1.0000000180025095e-35 1.0000000180025095e-35 -1.4973827913003646 -1.4940612851862953 1.0000000180025095e-35 1.3863761421025509 1.4795170634342727 -0.60769882409421594 1.0000000180025095e-35 0.084123102953641768 -1.4840967668440872 1.0000000180025095e-35 -0.19867390069925672 1.0000000180025095e-35 1.0000000180025095e-35 0.3061950286392815 1.5000000000000002 -1.4724714954448446 -0.97395749135484655 1.0000000180025095e-35 -0.32283097178039222 -0.32987339220499518 -1.4791145076729835 -1.2588253436686703 -1.4924005321292608 1.0000000180025095e-35 -0.69440868822410418 0.68318597258615055 -0.024294829710617014 0.084123102953641768 -0.68908963904102272 1.0000000180025095e-35 1.0000000180025095e-35 1.4886512052479632 1.2235945122089373 1.0000000180025095e-35 0.043427695480238365 0.51046765465454558
decision_type=2 2 2 2 2 2 2 2 2 2 2 2 2 2 2 2 2 2 2 2 2 2 2 2 2 2 2 2 2 2 2 2 2 2 2 2 2 2 2 2 2 2 2 2 2 2 2 2 2 2 2 2 2 2 2 2 2 2 2 2 2 2
left_child=1 11 3 8 5 41 7 38 10 55 21 16 -11 24 42 -9 17 18 -1 59 54 -3 23 -20 43 -23 -25 -28 49 -30 40 -26 33 -33 -29 36 -27 -38 39 -4 -31 47 -15 -7 -45 46 -46 -2 -49 50 -8 52 -52 -21 -6 57 -57 -5 -58 -19 -40 -22
right_child=4 2 6 9 20 13 28 15 -10 12 -12 -13 -14 14 -16 -17 -18 19 22 53 61 25 -24 26 31 35 27 34 29 30 -32 32 -34 -35 -36 -37 37 -39 60 -41 -42 -43 -44 44 45 -47 -48 48 -50 -51 51 -53 -54 -55 -56 56 58 -59 -60 -61 -62 -63
leaf_value=0.085386637011131084 0.13297510565648282 -0.16954967604435583 -0.1695496760443552 -0.063484022813230886 0.15763316131641256 0.13538676995699012 0.1802683303591637 0.0021558307551634449 -0.16954967604435639 -0.17342960386377865 0.092142023864854428 -0.16954967604435647 0.056631151167193833 0.14252161823498649 -0.18517029972582963 -0.16954967604435636 -0.173724510254432 0.016920058786248866 -0.17202746655718104 -0.012241875201275593 0.042147855451528493 -0.16954967604435611 0.10443701078360326 -0.17352789100451177 0.094797427850203175 0.12134884528152699 0.091147686793543889 -0.17947759828632934 0.11662501021048564 0.023928086493609765 0.12032151783309485 -0.21487003172870844 0.086590045595193954 0.071502444606908078 -0.027199824312921585 0.09744345921718213 0.0054933199378931971 -0.17736558026135263 0.05976787025923036 0.1062672589482871 -0.18606817582817514 0.14919074043503766 0.0086643095770107259 0.11782629742155047 0.023185147155270001 0.094704909977147297 -0.20422328998486577 0.11091316078043799 0.0036631984416331076 0.096655391667973337 0.027025370243526799 0.066450146330347334 -0.20217632892893267 -0.1839817787454725 0.1455386603836468 0.12031107281874971 0.097042027711657985 0.076493941297135201 0.0089792210810833994 0.1327384973600064 0.1436274644148077 0.12840254514427726
leaf_weight=0.61959170177578737 7.6750753931701183 0.92820884753018873 0.45807709358632809 0.67099240887909928 116.44896652549505 12.758720935322346 0.2351618111133581 0.93749399762600694 1.8443630347028372 0.9585223216563461 1.1986023299396036 2.5435333354398599 0.7222966905683279 0.76192671433091175 0.49912826251238573 1.3260126393288372 1.0563541315495957 0.87303842045366875 1.9971511447802175 0.54197811521589745 0.73312168940902012 0.6027330178767446 0.29870082903653372 0.78843482118099695 5.5901324078440666 0.54167691804468576 0.62043313216417839 0.61186968628316929 19.112833413295451 0.39803192671388277 0.54082908295094967 0.51487474329769534 1.5368928369134665 0.31766406632959843 1.1594244455918734 0.59999564383178938 0.91016646753996722 0.89619056787341833 1.3807246312499049 0.84944789484143257 0.34765194356441498 45.039095565676689 0.90807938482612294 12.304885687306522 0.38280081748962436 2.1036623306572428 0.44090462848544121 1.691444266587496 0.88509556837379744 1.7954232785850766 0.39863912854343675 1.005776349455118 0.4479537419974825 0.36781376414000988 59.070717231370509 2.4151398502290249 1.4686347767710688 0.68371368106454611 1.7998003810644148 0.80424913391470909 1.7271440876647828 17.461280427873135
leaf_count=14 89 77 38 36 715 144 1 39 153 79 25 211 22 8 41 110 87 34 165 26 23 50 6 65 113 8 14 50 296 14 8 42 35 8 58 13 38 74 39 15 28 362 38 191 13 45 36 29 35 37 14 27 36 30 522 35 29 19 72 11 16 222
internal_value=0.122349 0.0227906 0.0509367 -0.00972703 0.142975 0.126595 0.0827585 0.0180248 -0.065355 0.038263 -0.0315073 -0.0853755 -0.0745658 0.102162 0.0110805 -0.0984331 -0.0633919 -0.0499685 -0.0789228 0.0182526 0.150873 -0.0645967 -0.0975138 -0.109165 0.107658 -0.0371608 -0.0696875 -0.0354564 0.100564 0.109756 0.00770342 0.0722517 0.0190604 -0.105602 -0.0798021 -0.0100935 -0.0375726 -0.0852287 0.0777258 0.00963781 -0.0739761 0.143439 0.0697356 0.117726 0.102933 0.0403296 -0.0985397 0.118171 0.0740705 0.0522724 0.0140999 -0.00699552 -0.0942511 -0.0816735 0.153563 0.0652078 0.0790432 0.00716219 0.0485493 0.0724543 0.106371 0.124927
internal_weight=346.609 59.4848 47.2022 16.241 287.124 93.4104 30.9612 6.6789 7.52194 8.7191 5.67757 12.2826 1.68082 38.1197 2.16913 2.26351 9.73904 8.68269 6.09561 2.58708 193.714 4.47897 5.47601 5.17731 35.9505 3.55076 3.18016 2.39173 24.2823 20.3993 1.28651 7.95956 2.36943 0.832539 1.77129 2.94803 2.34803 1.80636 4.41539 1.30752 0.745684 55.2907 1.67001 27.991 15.2323 2.92737 0.823705 10.2516 2.57654 3.88295 2.08753 1.85237 0.846593 0.909792 175.52 7.03828 5.68358 1.35471 3.26844 1.67729 3.10787 18.1944
internal_count=4930 2219 1448 730 2711 1229 718 257 438 292 285 771 101 714 87 149 560 473 372 101 1482 260 358 352 627 183 187 122 461 346 50 198 85 50 108 133 120 112 108 53 42 515 46 429 285 94 49 153 64 115 78 77 50 56 1237 191 136 55 101 45 55 245
is_linear=0
shrinkage=0.1


Tree=3
num_leaves=63
num_cat=0
split_feature=16 11 17 11 14 3 9 3 11 3 11 3 21 11 1 11 3 11 11 3 3 21 17 2 11 9 2 11 11 0 10 11 11 3 11 6 11 3 6 13 11 11 11 10 3 11 11 3 3 10 3 11 21 11 11 1 11 3 19 10 3 3
split_gain=59.9715 15.0151 7.51599 3.60752 3.33283 3.38555 2.92784 3.84554 2.2717 2.18473 1.98487 1.974 1.92565 1.58244 2.07908 1.4052 1.2615 1.23618 1.43245 1.56318 1.46352 1.66383 1.45157 1.14769 1.14244 1.11571 1.07608 1.54076 0.985824 0.985195 1.31148 1.15159 0.970379 0.948678 1.34091 1.96603 0.915091 0.806066 0.751066 0.735436 0.73331 2.65987 0.81896 0.708364 0.681011 0.679588 0.93322 0.65232 0.619484 0.599822 0.573824 0.521395 0.517077 0.496751 1.83492 1.66909 0.66132 0.547412 0.490277 0.813879 1.77453 1.01526
threshold=1.0000000180025095e-35 -0.75087429216328283 1.0000000180025095e-35 0.89493198735807045 1.0000000180025095e-35 -1.0960437137750567 1.0000000180025095e-35 0.32829554779406223 0.52209292605378799 1.5898531794695678 1.3192543934304275 1.1015082897887269 1.0000000180025095e-35 0.052099810912977731 1.0000000180025095e-35 -0.14386904981711271 0.73524962252809634 -1.3113784489124822 -1.4625069771026367 -0.56700341662081255 1.0608128823153236 1.0000000180025095e-35 1.0000000180025095e-35 1.0000000180025095e-35 -1.1785182043497089 1.0000000180025095e-35 1.0000000180025095e-35 -1.5106688157566419 0.94558495559762756 1.0000000180025095e-35 1.0000000180025095e-35 0.028849268114492555 0.67820371341504659 -0.404221786727199 0.3061950286392815 1.0000000180025095e-35 -0.15383356815932073 1.3049853271557441 1.0000000180025095e-35 1.0000000180025095e-35 -1.4791145076729835 -1.450881705703394 -1.3396112508820714 1.0000000180025095e-35 -1.2588253436686703 0.38923268149101481 0.086975625110705848 -0.68908963904102272 -0.97395749135484655 1.0000000180025095e-35 0.81664043747490311 -0.53414601822025898 1.0000000180025095e-35 1.3607732198562941 1.1149817674151636 1.0000000180025095e-35 1.465400662449478 1.1828991047355337 1.0000000180025095e-35 1.0000000180025095e-35 -0.93326208388144316 -0.72978504651442622
decision_type=2 2 2 2 2 2 2 2 2 2 2 2 2 2 2 2 2 2 2 2 2 2 2 2 2 2 2 2 2 2 2 2 2 2 2 2 2 2 2 2 2 2 2 2 2 2 2 2 2 2 2 2 2 2 2 2 2 2 2 2 2 2
left_child=1 11 3 8 5 39 7 43 12 53 -11 17 25 24 48 -9 47 18 19 22 21 -21 -1 -20 40 29 27 -24 37 30 31 -3 33 -8 36 -36 -35 50 -27 44 58 -42 -43 45 -2 46 -4 -6 -15 -25 -18 -26 -49 54 -5 -56 -55 -58 59 60 -7 -62
right_child=4 2 6 9 16 13 32 15 -10 10 -12 -13 -14 14 -16 -17 28 -19 23 20 -22 -23 26 49 51 38 -28 -29 -30 -31 -32 -33 -34 34 35 -37 -38 -39 -40 -41 41 42 -44 -45 -46 -47 -48 52 -50 -51 -52 -53 -54 56 55 -57 57 -59 -60 -61 61 -63
leaf_value=-0.16900327125495351 0.12527554081497844 0.052303655822903132 -0.15932306143756336 0.093635578358228708 0.14626209941642385 0.099301948080135038 0.11509777987981046 0.0019406581111152338 -0.15932306143756469 0.054308344110107168 -0.1667998544321011 -0.15932306143756478 0.083758968172434001 0.13085024168691534 -0.17203344156663958 -0.15932306143756467 0.085889401619043126 -0.16269370311174916 0.065495491614432952 -0.16622600240911334 0.09456492326723076 0.054237934802734658 0.11892811435948084 -0.16545422668669635 0.12356933936246919 -0.027874505665391403 0.077964474294184211 -0.17297519724731003 0.12321859391467641 0.096769806641623157 -0.17159297855405864 -0.16498470120105985 0.10439741812339538 -0.022380647534256087 0.053858588921696107 -0.21064488324233752 0.095105334929524665 0.12082647129140325 -0.16613503515961833 0.13903870795624471 -0.17709306090124363 0.13760908240702216 0.013721423202402955 0.097206630158720761 0.073077236325929051 0.089799379900556253 0.071956440314893219 0.12129426859305147 0.0077873953923019799 -0.0012408187344448893 -0.041234001376248046 0.095764240257533509 0.14014896197037505 0.13282083676938838 0.029230005820827312 -0.21155284257493126 0.10147452733709456 0.0070942412543783147 0.13444262159540865 0.11332277056418433 0.013594795859845419 -0.22159860226689046
leaf_weight=0.49206270091235493 9.624516371637581 1.0733579043298958 0.39423983357846981 1.7292345976456984 112.53393800929189 1.1199540421366689 2.117699459195137 0.93748780153691802 1.7740792511031029 0.72802746109664418 0.91785189509391785 2.446606026031076 1.1843578675761817 0.74425372481346141 0.48622708674520243 1.2754818145185707 0.56444661598652535 1.0198654355481256 1.6643039090558898 2.6928104506805539 0.29604721069335926 0.39217553101479996 0.27943895384669348 0.40243100188672531 12.048885739408432 0.58429146744310823 1.2976758684962988 0.51239056792110171 8.2816592603921872 0.57974739000201214 0.62405441049486388 0.31562930159270752 17.123905004002154 0.88983778469264541 0.65596270468085982 0.49162385147064924 2.6003056047484305 1.0194613942876456 1.199467889033258 40.715928267687559 0.53520655538886819 1.009798989631236 1.1314686387777315 3.0522680897265673 3.3762137070298186 0.56951665598899126 0.31296342145651579 22.21611237898469 0.90821362566202801 0.49732084758579731 0.95729604829102755 15.317547346465291 42.124188580550253 1.5607658410444853 0.71758444886654593 0.4807771909981966 1.1211126567795875 1.3600710453465579 1.5221501998603342 1.8897124072536826 0.37771593779325452 0.35702078510075852
leaf_count=42 108 35 34 34 715 20 31 39 153 23 78 211 25 8 41 110 11 87 45 228 6 14 5 34 144 31 34 43 99 12 53 27 284 37 18 40 51 13 102 328 44 11 39 55 79 11 8 260 38 22 43 281 341 20 23 39 20 55 17 29 13 29
internal_value=0.112731 0.0205518 0.0463464 -0.0092529 0.132023 0.116337 0.0754981 0.0162271 -0.0607944 0.0346284 -0.0689963 -0.0791834 -0.0293612 0.0932564 0.00973074 -0.0910064 0.139642 -0.058645 -0.0461999 -0.0730778 -0.117819 -0.1382 -0.0144816 0.0163036 0.0983156 -0.0599731 0.0219071 -0.0699617 0.1065 -0.0180943 -0.0511747 0.0029277 0.0917359 0.0596411 0.0343183 -0.0594542 0.0651514 0.0520166 -0.120846 0.132427 0.0649279 0.022306 0.0721455 0.0710446 0.11172 0.00849872 -0.0569734 0.14167 0.0632136 -0.0746884 0.00591876 0.108006 0.133639 0.0590997 0.0277303 -0.067371 0.0818207 0.0497396 0.0865884 0.0671351 0.0200752 -0.10069
internal_weight=337.227 58.3648 46.3717 15.9504 278.862 91.1648 30.4213 6.54196 7.33499 8.61543 1.64588 11.9931 5.56091 37.4482 2.13869 2.21297 187.697 9.54652 8.52666 5.9626 3.38103 3.08499 2.58157 2.56406 35.3095 4.37655 2.08951 0.79183 10.8229 2.59279 2.01304 1.38899 23.8793 6.75543 4.63773 1.14759 3.49014 2.5412 1.78376 53.7167 7.94303 2.67647 2.14127 4.32899 13.0007 1.27672 0.707203 176.874 1.65247 0.899752 1.52174 27.3664 64.3403 6.96955 2.9276 1.19836 4.04195 2.48118 5.26655 3.7444 1.85469 0.734737
internal_count=4930 2219 1448 730 2711 1229 718 257 438 292 101 771 285 714 87 149 1482 560 473 372 248 242 124 101 627 260 82 48 166 127 115 62 461 177 146 58 88 67 133 515 202 94 50 108 187 53 42 1316 46 56 54 425 601 191 96 62 95 75 108 91 62 42
is_linear=0
shrinkage=0.1


Tree=4
num_leaves=63
num_cat=0
split_feature=16 11 3 11 3 14 3 4 11 3 10 3 22 12 3 1 0 11 3 21 3 3 11 11 11 4 11 11 11 3 11 11 3 11 11 4 3 4 7 11 3 13 21 3 12 0 3 17 11 11 3 3 11 3 19 11 11 3 3 3 9 5
split_gain=51.1737 12.5048 6.40932 4.76929 3.27471 3.06531 3.03785 2.02902 2.01638 1.73747 1.67839 1.6382 1.65289 1.35929 1.46297 1.19543 2.22093 1.18228 1.17569 1.16778 1.15568 1.34804 1.18337 1.11515 1.62186 1.52814 4.42358 1.07357 1.25303 1.21506 1.26683 1.19796 1.76959 1.19686 0.920045 0.893203 1.00933 0.879775 0.83888 0.749228 0.679579 0.679359 0.679271 0.642025 1.79158 0.61209 0.604953 0.596228 0.579855 0.553803 0.520562 1.33241 0.899444 0.453663 0.798256 0.559 1.2822 0.432648 0.461588 1.26721 0.394447 0.406724
threshold=1.0000000180025095e-35 -0.75087429216328283 1.5491577719961644 0.96219248616797437 0.57246799263448267 1.0000000180025095e-35 -1.0960437137750567 1.0000000180025095e-35 0.68982898481428911 1.1015082897887269 1.0000000180025095e-35 0.73524962252809634 1.0000000180025095e-35 1.0000000180025095e-35 -0.60769882409421594 1.0000000180025095e-35 1.0000000180025095e-35 1.7178351271187471 -0.60769882409421594 1.0000000180025095e-35 0.36899095526746561 1.0000000180025095e-35 0.3061950286392815 0.028849268114492555 -0.32987339220499518 1.0000000180025095e-35 -1.4990435443573993 -1.3113784489124822 -1.3180214611406209 -0.81117586146123299 -1.4924005321292608 -1.4840967668440872 1.0608128823153236 -1.3595402875664875 -0.34315941666127253 1.0000000180025095e-35 0.89803125242170989 1.0000000180025095e-35 1.0000000180025095e-35 -0.49760945096549641 1.5898531794695678 1.0000000180025095e-35 1.0000000180025095e-35 -0.404221786727199 1.5000000000000002 1.0000000180025095e-35 -1.2588253436686703 1.0000000180025095e-35 -0.30330134329244057 0.33276707755183604 0.73524962252809634 1.3049853271557441 1.0086935717649452 0.53177258516107928 1.0000000180025095e-35 -1.3396112508820714 -1.4741322485018793 0.77594503000149972 1.1828991047355337 1.3863761421025509 1.0000000180025095e-35 1.0000000180025095e-35
decision_type=2 2 2 2 2 2 2 2 2 2 2 2 2 2 2 2 2 2 2 2 2 2 2 2 2 2 2 2 2 2 2 2 2 2 2 2 2 2 2 2 2 2 2 2 2 2 2 2 2 2 2 2 2 2 2 2 2 2 2 2 2 2
left_child=1 9 3 4 10 6 41 40 11 27 20 -6 15 -8 -15 16 -13 45 -7 35 21 22 34 24 25 26 -16 28 29 30 -1 32 -31 -32 -3 36 -17 -12 -25 -39 -4 46 50 -41 -45 -9 -2 57 -26 -37 60 52 -52 55 -55 56 -33 -5 -59 -60 61 -20
right_child=5 2 7 47 8 18 13 17 -10 -11 37 12 -14 14 23 19 -18 -19 42 -21 -22 -23 -24 38 48 -27 -28 -29 -30 31 33 53 -34 -35 -36 49 -38 39 -40 43 -42 -43 -44 44 -46 -47 -48 -49 -50 -51 51 -53 -54 54 -56 -57 -58 58 59 -61 -62 -63
leaf_value=0.073656740537135987 0.11610481193482576 0.023656739282718397 0.079393029984140884 -0.0064672773165372613 -0.18275307569568347 0.13649398243269725 0.11107838669467728 -0.16368917912025427 -0.17498441477656054 -0.1510917900320693 0.10489883475828972 -0.17109955600172966 -0.17332004252451819 0.089555121297830068 0.084575251990524583 0.05216359326707326 0.083087800050727856 0.068664282451514402 0.071575514996754519 0.10531441920406688 0.081937902149499905 -0.19291171035197011 0.060234659737841978 0.029004537009259587 0.13621710578391047 0.094549218642532462 -0.20069571836555999 -0.15386716133989323 0.096625035360257086 -0.15772875743969544 -0.17517566146452371 0.026136058320042205 0.11418079224988741 0.075649686919704875 -0.18309759849508911 0.056696546546410258 -0.17162672928891815 0.13757173986572388 -0.16886641016002524 0.079465934055283724 -0.051975379789884125 0.12967518911759765 0.12720876943597934 -0.20744164623508779 0.05911558099556849 -0.055774388318325957 0.066485416594817132 0.098758143813046984 0.060187840093951096 -0.049720068853534666 -0.092024243976990605 0.12534762633395305 0.059585885091726944 -0.17424307309021214 0.0095515351630978684 0.060484307003566044 -0.17052195321540176 0.10857638744101439 -0.079144137157224376 0.079651854843860947 0.12448839178346478 0.11675542817734229
leaf_weight=1.2758290991187098 9.3257988374680263 0.38430969882756538 0.91549057327210792 0.80975692253559906 0.51791912131011297 113.81335330381989 13.29232958331704 2.0767335696145901 0.83023513201624144 2.3304031426087013 5.2726780064404011 0.83842704351991393 0.50368334818631399 15.076540425419806 1.1412656381726267 0.32821670640260014 0.58258341904729605 0.31285760551691044 3.7428447213023937 1.6788037102669475 1.1981927650049327 0.45610910095274437 1.2239132998511193 0.42486902512609948 1.6889945883303878 1.0717248097062113 1.0379323456436393 0.97431516833603282 0.59726946800947178 2.2632542485371214 0.53052232041955005 0.88765273988246962 0.26764847431331862 0.29659612383693257 0.48919934406876797 2.1101016029715542 0.52215484343469143 0.48544630967080626 0.43222366459667683 0.58867825102061044 0.69101199973374605 39.191832650452852 43.262767410837114 0.43028177227824882 0.60905894450843334 0.703694513067603 3.3360185772180548 15.039374826475978 2.4702918324619549 0.63655801955610503 0.59650368615984861 2.1420794473960996 1.1375253787264226 0.5375466402620076 0.42167765460908413 0.72830248996615643 0.52918830513954163 2.0839229365810752 0.62829454708844457 2.5107865389436483 11.597402597777545 4.2608856484293938
leaf_count=35 108 15 22 31 44 767 172 183 73 211 84 73 43 282 23 10 13 9 75 31 28 39 31 17 16 19 86 87 13 200 45 38 4 7 42 69 45 5 37 13 40 328 399 36 16 41 79 249 62 37 32 22 26 46 17 23 45 31 34 61 113 48
internal_value=0.104594 0.0186098 0.0422907 0.0550412 0.0196507 0.122842 0.107595 -0.0682875 -0.0269028 -0.0738712 0.0553821 -0.0109744 0.00138127 0.0855522 0.0710171 0.0145209 -0.0668883 -0.115639 0.130315 0.0364479 0.000914488 -0.0371041 -0.00322191 0.0372106 0.0497012 -0.00321601 -0.0512967 -0.0545416 -0.0429317 -0.0537033 0.0111635 -0.07791 -0.128974 -0.0852323 -0.0921338 0.00430661 -0.0852507 0.0830485 -0.0707799 0.0285361 0.022887 0.123169 0.119777 -0.00397638 -0.0512378 -0.136377 0.103032 0.0881046 0.0910617 0.0320337 0.106082 0.0725966 0.0074322 -0.0362791 -0.0934465 -0.0107161 -0.0473155 0.0615458 0.0720903 0.0478685 0.112704 0.0956276
internal_weight=326.142 57.0987 45.4585 40.7587 19.6866 269.043 88.4898 4.69979 8.54868 11.6402 11.1379 7.71845 7.20053 36.6362 23.3438 6.69685 1.42101 3.09329 180.553 5.27583 3.75172 2.55353 2.09742 8.2673 7.41021 3.25092 2.1792 9.3098 8.33549 7.73822 2.10295 5.63527 2.5309 0.827118 0.873509 3.59703 0.850372 7.38614 0.857093 2.11347 1.6065 51.8537 66.74 1.62802 1.03934 2.78043 12.6618 21.0721 4.15929 2.74666 23.4772 3.87611 1.73403 3.10437 0.959224 2.14514 1.41684 6.03276 5.223 3.13908 19.6011 8.00373
internal_count=4930 2219 1448 1153 747 2711 1229 295 438 771 309 365 321 714 542 278 86 233 1482 192 155 127 88 260 206 128 109 560 473 460 87 373 204 52 57 161 55 154 54 70 62 515 715 65 52 224 187 406 78 106 316 80 58 169 63 106 83 157 126 95 236 123
is_linear=0
shrinkage=0.1


Tree=5
num_leaves=63
num_cat=0
split_feature=16 11 3 11 14 3 3 4 11 3 10 3 22 12 3 3 11 11 3 3 11 11 11 3 11 3 11 11 11 11 4 11 11 11 6 3 3 4 7 11 11 0 5 3 3 12 3 17 10 11 7 3 11 11 3 3 22 11 1 3 3 3
split_gain=44.1653 10.4286 5.31076 3.97435 2.87375 2.7709 2.7127 1.72401 1.72151 1.55039 1.39873 1.38051 1.39656 1.19489 1.22317 1.17848 1.1362 1.00365 0.952147 1.13291 0.981386 0.944383 1.03645 1.02043 1.06751 1.515 1.04834 1.01251 0.921975 1.35248 1.27176 3.66614 0.886263 0.853069 0.881763 2.02502 0.808272 0.743502 0.720118 0.651967 0.627881 0.566629 0.557434 0.5539 0.531103 1.47979 0.524905 0.521637 0.50744 0.50172 0.486715 0.469642 0.567848 0.443735 0.478988 0.443011 0.407038 0.862508 0.540651 0.928546 0.396287 0.541474
threshold=1.0000000180025095e-35 -0.75087429216328283 1.5491577719961644 0.96219248616797437 1.0000000180025095e-35 -1.0960437137750567 0.57246799263448267 1.0000000180025095e-35 0.68982898481428911 1.1015082897887269 1.0000000180025095e-35 0.73524962252809634 1.0000000180025095e-35 1.0000000180025095e-35 -0.60769882409421594 0.45038177021427245 -0.25680025769546982 1.7178351271187471 0.36899095526746561 1.0000000180025095e-35 0.3061950286392815 -1.3113784489124822 -1.3180214611406209 -0.81117586146123299 -1.4840967668440872 1.0608128823153236 -1.4924005321292608 -1.3595402875664875 0.028849268114492555 -0.32987339220499518 1.0000000180025095e-35 -1.4990435443573993 -0.56154844366133083 -0.14386904981711271 1.0000000180025095e-35 1.3049853271557441 -0.81117586146123299 1.0000000180025095e-35 1.0000000180025095e-35 -1.4724714954448446 -0.49760945096549641 1.0000000180025095e-35 1.0000000180025095e-35 1.5898531794695678 -0.404221786727199 1.5000000000000002 -0.97395749135484655 1.0000000180025095e-35 1.0000000180025095e-35 -0.30330134329244057 1.0000000180025095e-35 -1.2588253436686703 -1.4924005321292608 1.0037113125938411 0.8573358449483065 1.3049853271557441 1.0000000180025095e-35 -1.3396112508820714 1.0000000180025095e-35 0.81664043747490311 -0.72978504651442622 -0.85187126893463638
decision_type=2 2 2 2 2 2 2 2 2 2 2 2 2 2 2 2 2 2 2 2 2 2 2 2 2 2 2 2 2 2 2 2 2 2 2 2 2 2 2 2 2 2 2 2 2 2 2 2 2 2 2 2 2 2 2 2 2 2 2 2 2 2
left_child=1 9 3 6 5 39 10 43 11 21 18 -8 16 -7 60 46 32 41 19 20 36 22 23 26 25 -25 -1 -28 29 30 31 -16 -13 -18 42 -36 -3 -12 -30 51 -39 -9 -35 -4 -42 -46 -6 -5 -37 -31 53 -2 -53 54 -17 -56 58 -58 -26 -60 61 -15
right_child=4 2 7 47 15 13 8 17 -10 -11 37 12 -14 14 28 50 33 -19 -20 -21 -22 -23 -24 24 56 -27 27 -29 38 49 -32 -33 -34 34 35 48 -38 40 -40 -41 44 -43 -44 -45 45 -47 -48 -49 -50 -51 -52 52 -54 -55 55 -57 57 -59 59 -61 -62 -63
leaf_value=0.066477858860013811 0.10491598141118992 0.025116761270166644 0.072009774020655018 0.055863170140000598 0.13099761520557426 0.10310505802594128 -0.17066819940791897 -0.15517454159354391 -0.1648942248892479 -0.14434754956279525 0.096485012200219378 0.013750583542127826 -0.16289501790768962 0.083001019875465154 0.077324725868340299 0.10492839109303387 0.094983271298199348 0.061997291170700602 0.074381716276756674 -0.17907073749697877 0.054815357387367807 -0.14666843413393219 0.087507466664205821 -0.14996206358208003 0.036335305924316927 0.10478889555833822 -0.1643882367851553 0.068782002455161903 0.026018648280663123 0.12634530959936152 0.086822365578006155 -0.18437813178706541 -0.19133699456762848 0.10396446793449328 -0.16509334621366434 0.077098182136554991 -0.17060254246554565 0.12720069571824644 -0.15917840498045241 0.120770116005844 0.072424054772909585 -0.050490272076174764 -0.0034332787175378912 -0.047038123535029668 -0.18969136502489733 0.053713610057515071 0.11939440866250053 0.0909313529553296 -0.040382713908376312 0.054756683848401294 0.053668061510089765 0.089432950915985993 -0.010575530128378993 0.11742547642306263 0.0017610949126662741 0.093468762145051371 -0.15499526474232803 0.026598360825798972 -0.16963077091836479 0.048316252966428573 0.11042550218081003 0.025307069332984423
leaf_weight=1.2682306664064529 7.0063243918120861 0.37491467595100469 0.90626356564462074 5.9654566384851941 76.543755229562521 12.871205027215181 0.50198720116168072 1.9800475109368569 0.79719601292163123 2.2023653043434015 5.1491929739713669 0.39655956532806158 0.48469007667154063 9.0778676364570821 1.1217770762741568 3.3394411746412542 1.457828068174418 0.31080216821283091 1.1847694152966139 0.44518083333969105 1.2094951299950478 0.92302494775503774 0.59173355903476466 2.1503197597339732 1.1867835586890598 0.26187172159552563 0.51136011630296718 0.29290157835930386 0.42544160597026337 1.6341244298964737 1.0484147584065797 1.0238656094297764 0.44960287772118768 1.082452435977763 0.79141679871827397 0.94803761504590489 0.4826309019699716 0.47100634779781136 0.41453775018453598 40.315325275063515 0.58036830741912138 0.6997921960428356 0.87309999484568823 0.68717862572520971 0.42668756842613176 0.60239684954285622 79.460619482211769 14.679613285697997 0.60057483892887831 2.4418624741956609 2.2293500006198874 1.6201175060123207 0.87405491713434269 9.057658148929475 1.1397508988156917 0.97937988489866246 0.65452089998871088 0.43564253579825163 0.42977428995072853 0.35857448074966669 3.7114569498226038 1.9818879812955863
leaf_count=35 89 14 22 157 504 172 44 183 73 211 84 16 43 170 23 44 32 9 28 39 31 87 13 200 43 4 45 7 17 16 19 86 38 20 71 26 43 5 37 362 13 41 40 40 36 16 733 249 35 62 52 29 35 93 41 15 59 18 37 12 50 62
internal_value=0.09753 0.0168576 0.0385999 0.0502961 0.114958 0.0999717 0.0176853 -0.0633454 -0.0251046 -0.0690906 0.0505157 -0.0104149 0.000940596 0.0787302 0.0650189 0.122382 0.0129731 -0.108109 0.000482504 -0.0343685 -0.00320386 -0.0508062 -0.0399383 -0.0499269 -0.0725408 -0.122306 0.00984034 -0.0794707 0.0338155 0.0452763 -0.00344749 -0.0475556 -0.0952214 0.0288854 0.00645325 -0.0349647 -0.085035 0.0761009 -0.0653778 0.115217 0.0256496 -0.127838 0.0560143 0.0206699 -0.00406934 -0.047209 0.125088 0.0807983 0.0315374 0.0834576 0.0971716 0.0916503 0.0543861 0.103853 0.0813309 0.0441448 -0.0333789 -0.0824282 -0.00630632 -0.0704992 0.0821508 0.0726624
internal_weight=314.125 55.8063 44.5392 39.9552 258.318 85.5683 19.3101 4.58408 8.38345 11.2671 10.9266 7.58625 7.08426 35.7524 22.8812 172.75 6.59957 2.99064 3.69699 2.51222 2.06704 9.06474 8.14171 7.54998 5.47749 2.41219 2.07249 0.804262 8.11002 7.27004 3.19406 2.14564 0.846162 5.75341 4.29558 2.34003 0.857546 7.22965 0.839979 49.8158 2.08046 2.67984 1.95555 1.59344 1.60945 1.02908 156.004 20.6451 1.54861 4.07599 16.7456 9.5005 2.49417 14.5162 5.45857 2.11913 3.0653 1.09016 1.97513 0.788349 14.7712 11.0598
internal_count=4930 2219 1448 1153 2711 1229 747 295 438 771 309 365 321 714 542 1482 278 233 155 127 88 560 473 460 373 204 87 52 260 206 128 109 54 224 192 132 57 154 54 515 70 224 60 62 65 52 1237 406 61 78 245 153 64 193 100 56 169 77 92 49 282 232
is_linear=0
shrinkage=0.1


Tree=6
num_leaves=63
num_cat=0
split_feature=16 11 3 11 14 3 3 11 4 3 3 22 10 3 21 3 11 11 11 11 3 11 3 11 11 3 3 11 21 1 0 21 11 11 11 3 11 4 5 4 3 9 3 3 3 0 11 11 11 11 19 10 11 11 1 12 3 6 3 8 11 17
split_gain=38.3399 8.72894 4.41089 3.31425 2.72072 2.54469 2.25842 1.4829 1.47339 1.3938 1.1744 1.18858 1.1695 1.16203 1.07902 0.98491 0.984703 0.857753 0.83738 0.86103 0.862534 0.958307 1.30769 0.870511 0.864986 0.786089 0.963736 0.816979 0.747327 0.745645 1.91202 0.850956 0.734611 0.636782 0.636331 0.731287 0.77714 0.627312 0.59617 0.580788 0.687991 0.561264 0.741891 1.50378 0.536694 0.532222 0.529022 0.507817 0.649795 1.3627 0.631847 0.882877 0.82902 1.11299 0.50968 1.48656 1.60417 0.583854 0.490632 1.2355 0.670661 0.460785
threshold=1.0000000180025095e-35 -0.75087429216328283 1.5491577719961644 0.96219248616797437 1.0000000180025095e-35 -1.0960437137750567 0.57246799263448267 0.68982898481428911 1.0000000180025095e-35 1.1015082897887269 0.73524962252809634 1.0000000180025095e-35 1.0000000180025095e-35 -0.68908963904102272 1.0000000180025095e-35 1.4270715495759543 0.052099810912977731 1.7178351271187471 -1.3113784489124822 -1.3180214611406209 -0.81117586146123299 -1.4840967668440872 1.0608128823153236 -1.4924005321292608 -1.3595402875664875 0.36899095526746561 1.0000000180025095e-35 0.3061950286392815 1.0000000180025095e-35 1.0000000180025095e-35 1.0000000180025095e-35 1.0000000180025095e-35 -0.34315941666127253 0.19824607993202822 -1.4774537546159487 -1.2588253436686703 -1.500704297414434 1.0000000180025095e-35 1.0000000180025095e-35 1.0000000180025095e-35 0.89803125242170989 1.0000000180025095e-35 0.53177258516107928 1.3049853271557441 0.043427695480238365 1.0000000180025095e-35 -0.49760945096549641 -1.3113784489124822 -1.4791145076729835 -1.450881705703394 1.0000000180025095e-35 1.0000000180025095e-35 -1.4874182729581567 -1.5090080626996072 1.0000000180025095e-35 1.0000000180025095e-35 -0.36352637925379561 1.0000000180025095e-35 -0.404221786727199 1.0000000180025095e-35 -0.31824812080575254 1.0000000180025095e-35
decision_type=2 2 2 2 2 2 2 2 2 2 2 2 2 2 2 2 2 2 2 2 2 2 2 2 2 2 2 2 2 2 2 2 2 2 2 2 2 2 2 2 2 2 2 2 2 2 2 2 2 2 2 2 2 2 2 2 2 2 2 2 2 2
left_child=1 9 3 6 5 34 12 10 -4 18 -8 15 25 -6 16 29 47 45 19 20 23 22 -22 -1 -25 26 27 32 41 30 -12 39 -3 -18 35 -2 -37 -14 -17 40 -31 42 44 -44 -15 -10 -39 48 50 -50 51 52 53 -7 -49 -56 57 -57 -16 60 -60 -5
right_child=4 2 8 61 13 14 7 -9 17 -11 11 -13 37 28 58 38 33 -19 -20 -21 21 -23 -24 24 -26 -27 -28 -29 -30 31 -32 -33 -34 -35 -36 36 -38 46 -40 -41 -42 -43 43 -45 -46 -47 -48 54 49 -51 -52 -53 -54 -55 55 56 -58 -59 59 -61 -62 -63
leaf_value=0.060112435367907037 0.099315706724172573 0.024007247898545948 0.018712651498213419 0.050747975900377322 0.1224713676545623 0.020565663054936859 -0.16095558031545384 -0.15662174868079703 -0.14816156109004341 -0.13874139240485883 -0.15990762652201762 -0.15444002403033519 0.089036267494024365 0.059361397495980975 0.10438053378966379 -0.0060565635207999596 0.011609698207069825 0.056054257019017784 -0.14070648225016921 0.07952807709206236 -0.14355111395440293 -0.030814982043054436 0.096600782952065908 -0.15567059224988619 0.062635436957788476 0.067664462174458387 -0.16802425226943937 0.04992383634098628 0.11314372268311611 0.041671590124755624 0.096068850857204652 0.1058187337051221 -0.16427644824274698 -0.16081206466826509 0.11361297836359757 0.087465506157496653 -0.040357888824058004 0.11832874458853655 -0.1641044381229069 0.039750403785023335 -0.1583845567931382 0.10378179300929682 -0.11481019737713981 0.10194419499404531 0.11040645987837934 -0.045722312756861325 -0.0040517611248606636 0.087016414736127756 -0.16723936586864738 0.048200900337477939 0.11061481562671721 0.085490621628568256 0.055380531268987135 -0.23382420506387921 0.094101875947479652 -0.029159326102999952 -0.17871031494686074 0.093776799265882421 -0.10248682507545151 0.10067351745117831 0.050923827355938679 0.083951944293846975
leaf_weight=1.2588721467182042 6.5046517373993993 0.37896518874913521 1.5787833528593171 5.9054175401106486 97.603918220847845 0.34514263365417719 0.48137338366359284 0.7589022135362028 1.8733952688053257 2.0681166006252161 0.63894146867096402 0.46203341428190459 5.0159223014488816 4.3852391391992551 10.761005473323165 0.49534333124756802 0.80247919354587682 0.30846521630883206 0.86851393338292737 0.58457253221422423 2.028282042592763 3.0131291421130313 0.25528127327561367 0.48808413743972789 0.28895010985433944 1.1696720607578752 0.4294068245217203 1.1948101390153167 43.458465204574168 0.32002289127558503 0.53709517139941454 1.5639060074463484 0.45724363625049824 0.29218102339655161 39.263757094740868 1.0404750425368545 0.8761700475588422 0.45463037025183473 0.46058973763138056 2.1206682128831744 0.3713996410369873 13.993375739082694 0.59527908079326219 0.69232328236103058 3.884207958355546 0.69545521587133396 1.583579941652715 9.1182071659714001 0.44209495931863785 0.87403845414519554 1.4125311002135279 1.2975486926734447 0.58976737223565578 0.34280538745224476 2.7916692690923801 0.78932514227926753 0.47735002543777216 0.75663865357637405 0.56000358331948541 2.5669116964563727 0.58021608833223492 14.299896731972694
leaf_count=35 84 15 62 157 715 11 44 73 183 211 59 43 84 90 141 24 32 9 87 13 200 169 4 45 7 28 39 31 427 10 10 25 42 27 375 18 38 5 41 75 34 166 34 9 41 41 65 151 39 22 17 23 15 29 40 32 40 12 32 36 15 249
internal_value=0.0913487 0.0153558 0.0353503 0.0460934 0.108082 0.0932584 0.0159862 -0.023453 -0.0589145 -0.0648813 -0.00989008 0.000543044 0.0462931 0.11551 0.072698 0.0115461 0.0578439 -0.101509 -0.0474949 -0.0372695 -0.0465809 -0.0678445 -0.116704 0.00873912 -0.0744907 0.000172868 -0.0319122 -0.00313485 0.10537 0.0276883 -0.0430033 0.0466865 -0.0789473 -0.0344122 0.108263 0.0833196 0.0290327 0.0700268 -0.0822075 0.0138009 -0.0657892 0.0910237 0.0723434 0.00173519 0.0833376 -0.120429 0.0232457 0.0630936 0.03676 -0.0241664 0.0568682 0.0273882 -0.0316162 -0.106197 0.073118 0.0467983 -0.0184689 0.0310091 0.0935721 0.0621974 -0.0244218 0.0742474
internal_weight=301.507 54.4097 43.5559 39.0998 247.098 82.485 18.8945 8.21028 4.4561 10.8538 7.45137 6.97 10.6842 164.613 34.7999 6.50797 20.3318 2.87732 8.78569 7.91717 7.3326 5.29669 2.28356 2.03591 0.777034 3.6301 2.46043 2.03102 67.0089 5.55203 1.17604 4.376 0.836209 1.09466 47.6851 8.4213 1.91665 7.05413 0.955933 2.81209 0.691423 23.5504 9.55705 1.2876 8.26945 2.56885 2.03821 19.2371 5.30393 1.31613 3.9878 2.57526 1.27772 0.687948 13.9332 4.81498 2.02331 1.54596 14.4681 3.70713 1.14022 20.2053
internal_count=4930 2219 1448 1153 2711 1229 747 438 295 771 365 321 309 1482 714 278 490 233 560 473 460 373 204 87 52 155 127 88 767 213 69 144 57 59 515 140 56 154 65 119 44 340 174 43 131 224 70 431 156 61 95 78 55 40 275 124 84 44 224 83 47 406
is_linear=0
shrinkage=0.1


Tree=7
num_leaves=63
num_cat=0
split_feature=16 11 17 14 3 11 9 3 11 3 3 21 11 12 1 20 7 3 11 12 7 11 11 3 21 17 3 2 3 11 2 8 3 11 11 3 3 11 22 3 3 13 21 3 11 5 3 3 11 10 10 11 11 3 3 7 1 10 12 19 11 3
split_gain=33.4436 7.30034 3.72174 2.59719 2.34972 2.00387 1.6557 2.42152 1.45169 1.27195 1.17109 1.13559 1.13296 0.966375 0.96763 1.01359 0.90968 0.892559 1.77532 0.861402 0.897797 0.752576 0.746917 0.988074 1.11012 1.05973 1.01472 0.757896 0.900834 0.728264 0.701932 0.632384 1.08938 0.82105 0.624574 1.38105 0.937847 0.684688 0.620456 0.823505 2.08501 0.611184 0.595857 1.0916 0.584305 0.547333 0.517746 0.506786 1.11286 1.79316 0.506644 0.480764 1.3705 0.753684 0.477502 0.451343 0.434516 0.428387 0.592168 0.486239 0.419017 0.407215
threshold=1.0000000180025095e-35 -0.75087429216328283 1.0000000180025095e-35 1.0000000180025095e-35 -1.0960437137750567 0.89493198735807045 1.0000000180025095e-35 0.32829554779406223 0.52209292605378799 1.1015082897887269 0.45038177021427245 1.0000000180025095e-35 -0.14386904981711271 1.0000000180025095e-35 1.0000000180025095e-35 1.0000000180025095e-35 1.0000000180025095e-35 1.5898531794695678 1.3192543934304275 1.0000000180025095e-35 1.0000000180025095e-35 -1.3113784489124822 -1.4625069771026367 -0.56700341662081255 1.0000000180025095e-35 1.0000000180025095e-35 1.0608128823153236 1.0000000180025095e-35 -1.0553483063016533 -1.4824360137870527 1.0000000180025095e-35 1.0000000180025095e-35 1.3863761421025509 1.465400662449478 -0.19867390069925672 1.2642899196823407 1.3863761421025509 0.1567272535061616 1.0000000180025095e-35 -0.60769882409421594 0.084123102953641768 1.0000000180025095e-35 1.0000000180025095e-35 -0.36352637925379561 -0.66368475666896287 1.0000000180025095e-35 -0.97395749135484655 1.1828991047355337 -0.024294829710617014 1.0000000180025095e-35 1.0000000180025095e-35 -0.014330311368408883 -0.47103740205294176 -0.404221786727199 -1.2588253436686703 1.0000000180025095e-35 1.0000000180025095e-35 1.0000000180025095e-35 1.5000000000000002 1.0000000180025095e-35 0.63834564004621452 -0.77048045398782961
decision_type=2 2 2 2 2 2 2 2 2 2 2 2 2 2 2 2 2 2 2 2 2 2 2 2 2 2 2 2 2 2 2 2 2 2 2 2 2 2 2 2 2 2 2 2 2 2 2 2 2 2 2 2 2 2 2 2 2 2 2 2 2 2
left_child=1 9 5 4 41 8 7 51 11 21 46 19 -9 -6 38 29 -17 57 -19 -3 -21 22 23 25 26 -1 -25 28 -27 -16 56 47 -33 -34 -22 -36 -37 -38 45 44 -41 54 43 61 -40 -15 -5 48 -8 -50 -32 52 -4 -54 -2 60 -24 59 -59 -7 -12 -31
right_child=3 2 6 10 13 17 31 12 -10 -11 55 -13 -14 14 15 16 -18 18 -20 20 34 -23 30 24 -26 27 -28 -29 -30 42 50 32 33 -35 35 36 37 -39 39 40 -42 -43 -44 -45 -46 -47 -48 -49 49 -51 -52 -53 53 -55 -56 -57 -58 58 -60 -61 -62 -63
leaf_value=-0.15007585506302973 0.094700274576993815 -0.14409968323149899 0.10697629470633607 0.11854057797386038 0.090038791173589927 -0.067539219956334301 0.081530839159618854 0.0018416709834724277 -0.13792657438622077 -0.13402547417077523 0.034116763543630045 0.064603637049090876 -0.14802675858871878 0.0910390812028357 0.090160301818382541 -0.20314497459247616 0.027212584024795594 0.069600518500284744 -0.14803840185239206 -0.14697868728238514 0.09700017281393207 -0.13570626021633617 0.0010900635370453488 -0.14137835500220586 0.06505183795084761 0.077829163942329069 0.062772545600768601 0.070706143254922457 -0.15224719348408752 -0.037116676674101699 -0.15168643983126673 0.080811235002922643 -0.086885680587082348 0.080565861484529031 -0.15179127054987998 0.10012441239038086 0.039365027109591756 -0.15026116459425037 0.0089992903971689697 -0.19764287708290551 0.10339998384392979 0.10878047312196165 0.052489447578506349 -0.15889452994287556 0.095420097327576101 0.032427949607348468 0.1064096083132474 0.085637098858545285 0.021012028214630919 -0.21919749171474978 0.0040380215621611199 0.079529570303942282 0.012268091283174451 -0.19146871530632517 0.049082971409424817 0.040461846364224958 0.10511564834047385 -0.025915505629879817 0.067099408043309411 0.054014178056942336 0.095719881120618772 0.061650769892317547
leaf_weight=0.42989730834960815 8.305328391492365 0.77379933092743103 0.69656349252909444 68.579685574397445 12.007209168747066 0.7012320039793829 1.0686727631837134 0.91183969751000438 1.4448234615847466 1.9318607533350576 1.2135799685493101 1.1194941857829688 1.1289352597668765 9.1725469054654241 1.7476541046053169 0.35640673246234644 0.33030068594962358 0.71301945298910119 0.79014776088297367 0.51877386681735549 0.50442572683095521 0.81267379317432542 0.85998798999935411 2.2364231236279024 0.37620927672833193 0.28580895252525806 0.27321342285722483 1.234830747358501 0.42062821984291066 0.80347082484513477 0.36464117653667916 17.02967105712742 0.70677895471453556 0.49993190914392471 0.62673793733120442 0.79345946107059695 0.38172931130975485 0.37992574740201235 1.3428617855533957 0.46260757837444444 0.45768115110695362 34.060811273753643 1.9931380273774264 0.46582578029483523 1.8743578074499965 1.9282073443755514 72.24538136459887 1.0867872126400469 1.0119209084659839 0.44851048011332761 0.48923691175878048 2.5086098350584534 0.36403068248182557 0.36226446647196986 3.1706556770950547 2.1140142297372213 0.75322637613862753 0.80582271609455336 4.5440927678719163 0.62011002097278833 12.244330210611222 0.86885460838675499
leaf_count=42 108 77 10 504 172 39 21 39 153 211 34 25 110 142 29 31 12 23 78 50 8 87 34 228 14 7 6 34 41 34 34 296 41 9 60 14 14 37 46 40 6 328 51 43 27 59 733 22 34 38 22 48 15 35 79 52 11 33 103 16 159 22
internal_value=0.0858254 0.0140575 0.0324662 0.101963 0.0872276 -0.00820234 0.0539776 0.00731631 -0.0494454 -0.0607516 0.10944 -0.0243707 -0.081064 0.0672569 0.0547112 0.0226177 -0.0923449 0.0248104 -0.0448025 -0.0494046 -0.0265423 -0.0441698 -0.034539 -0.0558417 -0.0951397 -0.0080139 -0.119153 0.023446 -0.0591634 0.0360463 0.010854 0.0667302 0.0743052 -0.0175117 -0.00328358 -0.0264683 0.024039 -0.0552236 0.0685391 0.0354874 -0.0479272 0.102056 0.0131545 -0.0235127 0.0593482 0.0808583 0.112317 0.0285266 0.00398557 -0.0527583 -0.0624627 0.0531934 0.00676064 -0.0893526 0.0820968 0.0834172 0.0496607 0.0404956 0.0530892 -0.0104938 0.0901648 0.0141978
internal_weight=288.756 53.0107 42.5421 235.745 79.3479 14.7176 27.8245 5.97224 6.54317 10.4686 156.397 5.09835 2.04077 33.8111 21.8039 6.56565 0.686707 8.17442 1.50317 3.97885 3.20505 8.53678 7.7241 5.25701 2.88585 2.37117 2.50964 1.94127 0.706437 5.87894 2.46709 21.8523 18.2364 1.20671 2.68628 2.18185 1.55511 0.761655 15.2383 4.13751 0.920289 45.5368 4.13129 2.13815 3.21722 11.1008 140.825 3.61589 2.5291 1.46043 0.853878 3.93147 1.42286 0.726295 11.476 15.5719 1.61321 6.67126 5.34992 1.32134 13.4579 1.67233
internal_count=4930 2219 1448 2711 1229 730 718 257 438 771 1482 285 149 714 542 222 43 292 101 260 183 560 473 372 248 124 234 82 48 179 101 461 346 50 133 125 65 51 320 119 46 515 150 99 73 201 1237 115 93 72 56 108 60 50 187 245 45 191 136 55 193 56
is_linear=0
shrinkage=0.1


Tree=8
num_leaves=63
num_cat=0
split_feature=16 11 3 14 11 3 17 3 4 3 3 20 21 11 12 1 11 21 12 13 22 3 3 3 11 11 11 11 11 17 3 3 3 19 11 3 11 3 0 10 10 11 3 3 3 3 8 3 3 12 0 11 3 3 9 11 3 10 6 11 5 11
split_gain=29.2185 6.14622 3.17244 2.49945 2.44564 2.18761 1.58239 1.1836 1.16337 1.15566 0.963067 0.954762 0.951715 1.14944 0.884239 0.936125 0.943846 1.40061 0.837429 0.805061 0.776614 0.771454 0.861642 0.743457 0.692055 0.674784 0.648256 0.677002 1.09843 1.36909 0.902722 0.761214 1.38469 0.653997 1.13807 0.543444 0.670165 0.564604 0.508033 1.12847 0.50284 1.01156 0.781478 1.2657 0.762841 0.664661 0.607902 1.05072 0.576026 0.497173 0.480172 0.733226 0.988978 0.469441 0.437916 0.407747 0.397924 0.374395 1.36795 2.20279 0.447359 0.474602
threshold=1.0000000180025095e-35 -0.75087429216328283 1.5491577719961644 1.0000000180025095e-35 1.0086935717649452 -1.0553483063016533 1.0000000180025095e-35 -0.68908963904102272 1.0000000180025095e-35 1.1015082897887269 1.1422036972621303 1.0000000180025095e-35 1.0000000180025095e-35 0.48721711185606015 1.0000000180025095e-35 1.0000000180025095e-35 -1.4824360137870527 1.0000000180025095e-35 1.0000000180025095e-35 1.0000000180025095e-35 1.0000000180025095e-35 -0.404221786727199 -0.77048045398782961 -1.2588253436686703 1.7178351271187471 -1.3113784489124822 -1.3180214611406209 -1.3296467325398635 -1.3396112508820714 1.0000000180025095e-35 1.0608128823153236 -0.56700341662081255 0.49107717768767584 1.0000000180025095e-35 -1.4924005321292608 0.73524962252809634 0.94558495559762756 1.3049853271557441 1.0000000180025095e-35 1.0000000180025095e-35 1.0000000180025095e-35 -0.38467824308713922 0.32829554779406223 0.81664043747490311 0.57246799263448267 0.36899095526746561 1.0000000180025095e-35 -0.64839423156761933 0.89803125242170989 1.5000000000000002 1.0000000180025095e-35 -0.19867390069925672 1.3049853271557441 -0.48561260167400583 1.0000000180025095e-35 0.38923268149101481 1.5898531794695678 1.0000000180025095e-35 1.0000000180025095e-35 1.4886512052479632 1.0000000180025095e-35 1.2395382466927636
decision_type=2 2 2 2 2 2 2 2 2 2 2 2 2 2 2 2 2 2 2 2 2 2 2 2 2 2 2 2 2 2 2 2 2 2 2 2 2 2 2 2 2 2 2 2 2 2 2 2 2 2 2 2 2 2 2 2 2 2 2 2 2 2
left_child=1 9 4 5 6 19 12 -5 56 25 40 -12 13 18 -7 -16 -17 21 -3 23 35 22 -18 -2 38 26 27 28 29 30 -1 33 -33 34 -31 49 37 -37 -10 -40 41 -8 -42 44 -44 46 47 -43 -45 -9 51 -20 -53 -6 -22 -48 -4 58 -55 -60 -59 -62
right_child=3 2 8 7 53 14 10 20 24 -11 11 -13 -14 -15 15 16 17 -19 50 -21 54 -23 -24 -25 -26 -27 -28 -29 -30 31 -32 32 -34 -35 -36 36 -38 -39 39 -41 42 45 43 48 -46 -47 55 -49 -50 -51 -52 52 -54 57 -56 -57 -58 60 59 -61 61 -63
leaf_value=-0.13915693711830165 0.088983112498945208 -0.14032659013455498 0.06053485432067162 0.11149781799501297 0.12546829988672784 0.083755736789207225 -0.18505146486200599 0.082061842767862728 -0.1407663400323852 -0.13001874539199021 -0.1649572531485044 0.018829307866292711 0.046644923117593759 -0.15065313160038019 0.062758554431911431 0.077340653636132919 -0.11545442682626127 0.051771269087155826 0.078862167022255972 0.10337790903456881 -0.024518928990517712 -0.15237582688739373 0.035998123569575526 0.032329303185641749 0.050927328424980933 -0.13146847511377832 0.070448933373144632 -0.18185441835467364 0.091012973508089401 0.046110820656983798 0.057651546025230704 -0.14394857988717669 0.035694738748165741 0.10025323866295338 -0.15030059585465239 -0.015189468037363299 0.088195336012137526 0.088739941632813887 0.098187054250072389 -0.16121796923938481 0.074811847735762743 0.048976982771260676 -0.0061888375747808149 0.11952842825336488 -0.17296842176502436 0.064642372448102628 -0.044801353683892799 -0.19179903505225504 0.0006803285980699124 0.10512270968223032 0.082893582287679957 -0.14494012389647237 0.016057080211178933 0.097129134958519658 0.073158163991115729 0.070169639969543451 -0.041869718028166525 0.087466061637115344 -0.22115239845724499 0.047719507650112639 -0.01105415297845859 0.061616363514530051
leaf_weight=1.7810021080076679 7.9642436411231756 0.52858219109475735 0.87719029746949562 87.049976190552115 1.228509784676137 11.154337756335737 0.2458027722313999 12.418484495952724 1.6703655766323215 1.7966916011646379 0.47050624806433983 0.70800394285470247 1.1829743850976226 0.96390609350055445 13.877428037114443 1.7332967156544326 0.63066608738154173 1.9435139289125798 0.51763690449297506 34.079982064664364 0.82692934945225594 0.68783089518547003 0.92894892953336217 3.2662782287225109 0.29653424210846413 0.75690554548054834 0.56656847521662701 0.32436810526996929 0.63625088799744833 0.96121470071375381 0.26814887486398209 0.93963257595896832 0.78965746611356735 0.78070207685232151 0.42564321309328002 1.3550613969564422 6.921372639015317 0.850988084450364 0.31984197534620751 0.35254668910056353 5.7991202101111412 0.31696269847452641 0.72750133927911542 0.92160830087959744 0.44019375089555979 2.0113034350797534 0.50850693788379431 0.42327785771339876 0.73149486258625984 37.821025918237865 0.5278958175331353 0.7129554711282251 0.82082552183419466 1.3991578733548531 1.031573910266161 0.78415585123002529 0.66874203737825155 6.4172537922859192 0.46189528610557318 0.89537628181278706 1.0440771011635659 6.4541253792122006
leaf_count=192 108 55 22 715 9 167 21 182 183 211 44 28 35 103 302 32 37 49 11 349 30 66 28 91 9 87 13 28 16 32 6 96 34 14 42 50 97 12 9 32 107 10 29 11 41 53 29 41 32 379 11 72 36 20 17 16 40 98 39 24 39 139
internal_value=0.0808627 0.012894 0.0298967 0.0964382 0.0391731 0.0817273 0.014522 0.104005 -0.0526523 -0.0573579 0.0319898 -0.0545453 -0.0323105 -0.0552493 0.0612371 0.0485523 0.0152746 -0.0103946 -0.0256601 0.0957261 0.0933516 -0.0641535 -0.0252452 0.072506 -0.0930031 -0.0414955 -0.0323828 -0.0408183 -0.0338682 -0.0472311 -0.113403 -0.0124347 -0.0619168 0.0270423 -0.0141702 0.0953443 0.0728976 0.0249015 -0.111221 -0.0378241 0.0398893 0.011914 0.0538122 0.0106403 -0.0690608 0.0238853 -0.0164387 -0.0887014 0.0669384 0.0994224 -0.00216129 -0.0240486 -0.0587801 0.0658112 0.0296974 0.0249424 0.0162365 0.0614152 0.0277448 -0.0437807 0.0680847 0.0514975
internal_weight=275.998 51.4556 41.4288 224.542 37.2436 76.2665 19.3432 148.275 4.18522 10.0268 14.0884 1.17851 5.25478 4.0718 30.956 19.8017 5.92426 4.19096 3.1079 45.3105 61.2254 2.24745 1.55962 11.2305 2.63929 8.23009 7.47319 6.90662 6.58225 5.946 2.04915 3.89685 1.72929 2.16756 1.38686 59.3669 9.12742 2.20605 2.34275 0.672389 12.9099 4.29001 8.61992 2.8208 1.1677 4.04421 2.0329 0.740241 1.6531 50.2395 2.57931 2.05142 1.53378 17.9004 1.8585 1.29266 1.54593 16.6719 2.75643 1.35727 13.9155 7.4982
internal_count=4930 2219 1448 2711 1153 1229 785 1482 295 771 462 72 323 288 681 514 212 180 185 548 767 131 65 199 233 560 473 460 432 416 198 218 130 88 74 720 159 62 224 41 390 170 220 113 70 149 96 51 43 561 130 119 108 368 47 45 62 359 83 63 276 178
is_linear=0
shrinkage=0.1


Tree=9
num_leaves=63
num_cat=0
split_feature=16 11 3 21 11 3 18 9 14 3 4 7 20 11 11 21 11 3 2 3 12 3 4 3 11 11 2 11 11 3 11 11 3 3 3 3 10 0 2 20 22 3 3 11 3 10 5 7 3 3 3 3 3 11 3 22 0 11 3 0 7 3
split_gain=25.6149 5.18356 2.654 2.45746 2.05088 1.40651 1.31882 1.29969 1.26216 1.05355 1.01275 0.974277 1.24765 2.06068 0.895693 0.804081 1.02143 0.800314 0.882872 0.756217 0.734046 0.623279 0.850056 1.57825 0.607139 0.603363 0.566804 0.825457 1.95628 0.552543 0.586915 0.549774 0.770345 0.559371 1.3091 1.14042 0.479609 0.468647 0.988124 0.44159 0.465542 0.72598 0.556538 0.52388 0.557819 0.425982 0.77723 1.6614 0.661653 1.04736 0.66568 0.491761 0.423687 0.408661 0.402818 0.57141 0.397781 0.610768 0.873094 0.396362 0.370126 0.363252
threshold=1.0000000180025095e-35 -0.75087429216328283 1.5491577719961644 1.0000000180025095e-35 1.0086935717649452 -0.64839423156761933 1.0000000180025095e-35 1.0000000180025095e-35 1.0000000180025095e-35 1.1015082897887269 1.0000000180025095e-35 1.0000000180025095e-35 1.0000000180025095e-35 -0.32987339220499518 -0.32987339220499518 1.0000000180025095e-35 0.48721711185606015 1.1422036972621303 1.0000000180025095e-35 -1.1367391212484601 1.0000000180025095e-35 -0.16004934188677863 1.0000000180025095e-35 -0.56700341662081255 -1.3113784489124822 1.7178351271187471 1.0000000180025095e-35 -1.5106688157566419 -1.2798241408288236 -0.24144015683358541 -0.47103740205294176 -1.4625069771026367 -1.2181299361952669 -0.32283097178039222 0.084123102953641768 0.81664043747490311 1.0000000180025095e-35 1.0000000180025095e-35 1.0000000180025095e-35 1.0000000180025095e-35 1.0000000180025095e-35 1.0608128823153236 -0.97395749135484655 -1.4840967668440872 -0.68908963904102272 1.0000000180025095e-35 1.0000000180025095e-35 1.0000000180025095e-35 0.32829554779406223 0.81664043747490311 0.57246799263448267 0.89803125242170989 -0.48561260167400583 -1.4990435443573993 0.36899095526746561 1.0000000180025095e-35 1.0000000180025095e-35 -0.19867390069925672 1.3049853271557441 1.0000000180025095e-35 1.0000000180025095e-35 0.97942206736851667
decision_type=2 2 2 2 2 2 2 2 2 2 2 2 2 2 2 2 2 2 2 2 2 2 2 2 2 2 2 2 2 2 2 2 2 2 2 2 2 2 2 2 2 2 2 2 2 2 2 2 2 2 2 2 2 2 2 2 2 2 2 2 2 2
left_child=1 9 4 5 6 8 17 11 19 24 60 14 13 -13 21 16 20 45 -19 -2 -8 22 23 -7 31 37 -21 -28 -29 -5 -31 32 -1 -33 -35 -36 -16 -12 -39 40 43 42 -42 44 -34 46 47 -3 -47 50 -50 -51 -6 -23 55 -48 57 -22 -59 -9 -4 -32
right_child=3 2 10 29 52 7 15 59 -10 -11 25 12 -14 -15 36 -17 -18 18 -20 26 56 53 -24 -25 -26 -27 27 28 -30 30 61 33 39 34 35 -37 -38 38 -40 -41 41 -43 -44 -45 -46 48 54 -49 49 51 -52 -53 -54 -55 -56 -57 -58 58 -60 -61 -62 -63
leaf_value=0.060280594908429352 0.085254593016553359 0.022011870033971547 0.053780407934547574 0.10372882799705672 0.11907843641382559 0.027888509147431014 -0.13550906369492152 0.068656768532977239 0.10438068807225659 -0.12658579622049812 -0.13618825335532064 0.028203213682385854 0.048417327574510741 -0.26234694398337344 0.015277762903201309 0.042389400210043691 -0.14535371367030256 -0.15926127041788871 0.019845590082585136 0.064474199716512678 0.072424201522582402 0.1089693853540825 0.07400229345253273 -0.21530782802903256 -0.12784500561955875 0.046125925874440254 0.13178051050780601 -0.25134173782350283 0.026488355161522828 0.020352361175034261 0.095410774360805847 -0.075538587425860615 0.034108630893419839 0.1334653316962674 -0.17192168270287675 0.046481104229523729 0.07638751845379374 -0.15341023819788047 0.092254563478776808 -0.13805229305213104 -0.0056853262494679724 0.083044503429275052 -0.13291615324392525 0.051628154617914285 -0.14020255164653384 0.069221127224538048 -0.069132707635981075 -0.18943104953939449 -0.0055666002196584075 0.11131549103539201 -0.16347400825139777 0.00061178451138838106 0.056640028973844153 0.0098485037422527798 0.085169773913241154 0.075386872872276176 0.075967242587588191 -0.13949873990741243 0.014420455899955354 0.10284179480616309 -0.04721888882550819 0.059116389421771311
leaf_weight=0.56208016723394383 22.966971402056515 1.2922577653080232 0.93878424167632946 99.806812360882759 1.1645864350721264 0.55009095743298519 0.49403991969302286 8.6665015635080618 25.190845617093146 1.6648383429273961 1.5587812643498189 0.52998772729188215 1.1313374089077115 0.45252211065962999 1.5411175172775964 1.1707835365086792 0.90293003013357509 0.45287620276212581 0.70155509747564793 9.0435986630618554 0.50660732947290021 0.64771078061312426 0.44815999269485463 0.51824245881289277 0.70222763530909826 0.29398000054061402 0.42547557316720519 0.30958744790405046 1.3973922086879598 1.2470897892490054 21.194239298813049 0.58983824495226178 0.31779177486896515 0.78536302316933948 0.3925040573813019 0.61166200786828995 7.7068214463070035 0.34094083495438088 0.31500079017132521 0.68144940026104439 0.45522889029234637 0.2399577610194682 1.4046108601614835 0.74690728913992577 0.43472984340041876 5.6432735193520784 0.54776511574164055 0.52160778315737832 0.72831256128847621 0.88892150484025456 0.42145713791251183 0.73143874481320381 16.266823321580887 1.1624086685478676 1.3151370761916039 0.5465807281434536 0.51736951805651177 0.66878866311162644 0.82086444739252329 5.5726197590120146 0.59142205119132996 3.1700427504256359
leaf_count=14 318 46 28 964 9 16 55 161 233 211 183 16 26 42 46 35 103 44 28 178 11 7 8 47 87 9 3 27 40 35 253 36 12 11 36 18 127 32 9 77 25 4 164 29 47 107 34 48 29 11 41 32 359 45 27 15 11 72 36 58 34 61
internal_value=0.0763016 0.011817 0.0275254 0.0913701 0.0360805 0.0785864 0.0132379 0.0605071 0.0874008 -0.0542701 -0.0493721 0.0396373 -0.0231777 -0.105618 0.0501968 -0.0303119 -0.0520778 0.029284 -0.0504169 0.074873 -0.0240755 0.0056974 -0.041593 -0.0900846 -0.0390772 -0.0884804 0.0535386 0.00716159 -0.0239005 0.100367 0.0872636 -0.030446 -0.0497855 0.0089158 0.0367524 -0.0388872 0.0662039 -0.106348 -0.0354354 -0.0642379 -0.0502624 -0.0806537 -0.101774 -0.0077025 -0.0665905 0.036565 0.010651 -0.0387921 0.0495733 0.0095471 -0.0634488 0.0613433 0.0608115 0.0453167 0.0478719 0.00304888 -0.00217382 -0.0224256 -0.0546825 0.0820354 0.0147444 0.0906885
internal_weight=263.612 49.9321 40.3429 213.68 36.304 88.2614 18.8726 28.9275 59.3339 9.58919 4.03891 14.6884 2.11385 0.98251 12.5746 5.08138 3.9106 13.7912 1.15443 34.143 3.00767 3.32661 1.51649 1.06833 7.92435 2.5087 11.1761 2.13246 1.70698 125.418 25.6114 7.22212 4.84276 2.37937 1.78953 1.00417 9.24794 2.21472 0.655942 4.28068 3.59923 2.0998 1.85984 1.49943 0.752522 12.6368 4.22335 1.81387 8.4134 2.77013 1.14977 1.62036 17.4314 1.81012 2.40948 1.09435 2.51363 1.99626 1.48965 14.2391 1.53021 24.3643
internal_count=4930 2219 1448 2711 1153 1398 785 599 799 771 295 380 84 58 296 323 288 462 72 566 185 123 71 63 560 233 248 70 67 1313 349 473 372 101 65 54 173 224 41 358 281 193 189 88 59 390 170 94 220 113 70 43 368 52 76 49 130 119 108 219 62 314
is_linear=0
shrinkage=0.1


Tree=10
num_leaves=63
num_cat=0
split_feature=16 11 14 17 3 3 11 9 3 11 3 11 1 11 11 11 11 21 11 11 10 11 1 10 11 3 11 3 11 22 9 3 3 3 11 11 11 11 17 3 3 3 19 11 10 11 11 3 11 5 11 11 22 7 11 11 20 22 11 5 12 4
split_gain=22.5037 4.37127 2.43355 2.23409 1.99967 1.22012 1.19828 1.18676 1.72783 1.08353 0.966772 0.911793 1.20954 0.894874 0.803527 0.754323 0.741231 0.72169 0.705317 1.39909 0.99674 0.776335 1.06004 0.882611 0.616033 0.585629 0.675911 0.581273 0.549529 0.503846 0.495755 0.641097 1.20747 0.54063 0.480901 0.471124 0.559002 0.753426 1.18607 0.709361 0.58249 1.15315 0.520181 0.936585 0.456295 1.49655 0.578352 0.941461 0.44457 0.55258 0.433497 1.3081 1.33053 0.487532 0.38863 1.10702 0.658489 0.388077 0.554085 0.415975 0.674442 0.750981
threshold=1.0000000180025095e-35 -0.75087429216328283 1.0000000180025095e-35 1.0000000180025095e-35 -1.0960437137750567 -0.68908963904102272 0.89493198735807045 1.0000000180025095e-35 0.32829554779406223 0.52209292605378799 1.1015082897887269 0.052099810912977731 1.0000000180025095e-35 -0.14386904981711271 0.47891334657088674 -1.1785182043497089 0.33276707755183604 1.0000000180025095e-35 1.0452301390197076 1.297664603688977 1.0000000180025095e-35 1.6480834987232911 1.0000000180025095e-35 1.0000000180025095e-35 -1.4774537546159487 -1.2588253436686703 -1.500704297414434 1.2642899196823407 -1.3113784489124822 1.0000000180025095e-35 1.0000000180025095e-35 0.53177258516107928 1.3049853271557441 0.043427695480238365 -1.5073473096425727 -1.3180214611406209 -1.3296467325398635 -1.3396112508820714 1.0000000180025095e-35 1.0608128823153236 -0.56700341662081255 0.49107717768767584 1.0000000180025095e-35 -1.4924005321292608 1.0000000180025095e-35 0.17831704324761244 -0.21611180779812064 1.5084623645227611 0.33774933672294022 1.0000000180025095e-35 0.55696874025151588 0.3061950286392815 1.0000000180025095e-35 1.0000000180025095e-35 -0.014330311368408883 -0.47103740205294176 1.0000000180025095e-35 1.0000000180025095e-35 -0.46439438982480313 1.0000000180025095e-35 1.0000000180025095e-35 1.0000000180025095e-35
decision_type=2 2 2 2 2 2 2 2 2 2 2 2 2 2 2 2 2 2 2 2 2 2 2 2 2 2 2 2 2 2 2 2 2 2 2 2 2 2 2 2 2 2 2 2 2 2 2 2 2 2 2 2 2 2 2 2 2 2 2 2 2 2
left_child=1 10 4 6 24 -4 9 8 54 14 28 15 -13 -10 16 34 29 30 -8 20 -20 23 -23 27 25 -2 -27 -21 35 44 31 33 -33 48 -6 36 37 38 39 -1 42 -42 43 -40 46 -46 -3 -48 -7 -50 51 53 -53 -9 55 -5 -57 59 -59 -17 -61 -62
right_child=2 3 5 7 11 17 18 50 13 -11 -12 12 -14 -15 -16 57 -18 -19 19 21 -22 22 -24 -25 -26 26 -28 -29 -30 -31 -32 32 -34 -35 -36 -37 -38 -39 40 -41 41 -43 -44 -45 45 -47 47 -49 49 -51 -52 52 -54 -55 -56 56 -58 58 -60 60 61 -63
leaf_value=-0.13241361728722958 0.076593018547065725 0.067046356533395871 0.10275484502233408 0.092950583520510541 0.076211198093454419 0.081724514933573647 0.078010746121734989 0.078027263385382364 -0.0025829855687724335 -0.12786016965770211 -0.12362326493542747 0.028883449096155613 -0.16131971038976295 -0.1405854892418954 0.06903039572894884 0.081777920935559884 -0.16975422824016365 0.091839525577028763 -0.0030641987555724073 0.018452315452824272 -0.22037224021373511 0.059920548159860136 -0.1779425378623663 0.054893631170876304 0.092539982806144616 0.068579921759721996 -0.053951043583713401 -0.17387312211405756 -0.12472346900380733 -0.1410689955004488 0.081360852813275125 -0.12156687268585437 0.080587079523627425 0.090390306751353455 0.013202527699998882 0.060580263931051585 -0.1680780577660943 0.0746176380396672 0.042189391162272008 0.046962211268563807 -0.13593519429589082 0.033839451282420462 0.091768402193057971 -0.14272026679600594 -0.1612343821426076 0.057343668912544443 -0.15880782711239422 0.071232512227941067 -0.044687871612004895 0.050843518654013077 0.06263287655499887 -0.19018297349783539 0.042114026097748433 0.009508231886903043 0.066222949601894135 -0.18855795116040028 0.0092457617461206634 -0.013441653199865483 0.066017104170107088 0.075623085366387288 -0.070988265135832507 0.051702081521753623
leaf_weight=1.5701407794840623 5.5019054198637605 1.0727541940286753 77.103349060751498 0.63404095545411132 1.5774704432114957 1.3278996264562013 1.5679006259888408 2.8097720015794065 0.88180994894355524 1.1731261834502218 1.5378597867675123 1.4646434886381019 0.43323125271126617 1.0058683045208452 0.82770337536931027 12.865291185677057 0.39301656279712904 35.787355912849307 0.40411708317697037 0.33222813345491875 0.44185356236994267 0.33813916007056821 0.42015411471948028 3.9510872755199671 32.07206392660737 0.95770878810435534 0.8495343243703235 0.29819723684340715 0.64936083555221369 0.33490318665280927 11.709034786559641 0.58116770908236481 0.60103801731020212 3.2954985797405243 5.2184899500571253 0.54662640858441669 0.30576693871989835 0.6239029737189411 0.93774237018078577 0.25647700391709793 0.82963472092524237 0.77268816996365786 0.76444822829216708 0.38695566123351421 0.66323032369837165 0.59359105117619038 0.37320278538390916 0.33997521502897143 1.0577710177749395 1.4160563070327044 14.849399416707454 0.49540591100230802 0.49088745191693306 1.6472214283421633 2.3339340463280704 0.34182807104662061 0.33152254344895482 1.3936129165813329 2.3701062398031345 3.6021120501682153 0.81212506629526626 1.2934973854571581
leaf_count=192 84 32 715 10 27 19 34 52 39 153 211 46 41 110 28 198 40 427 17 11 38 10 41 112 375 18 38 29 87 37 166 34 9 41 175 13 28 16 32 6 96 34 14 42 73 22 39 14 42 29 296 42 12 59 48 36 14 51 48 57 40 31
internal_value=0.0720347 0.0108499 0.0866404 0.025348 0.0716101 0.0946048 -0.0075763 0.0425934 0.00152235 -0.0420762 -0.0512801 0.0526253 -0.0145346 -0.076119 -0.0201912 0.0570005 -0.0397763 0.0833384 0.0181039 0.00291945 -0.116565 0.021849 -0.0718743 0.0373613 0.0865693 0.0603701 0.0109815 -0.0725195 -0.0367252 -0.0246524 0.0681179 0.0493894 -0.018791 0.0607464 0.027828 -0.0285554 -0.0361122 -0.0295425 -0.0413194 -0.107227 -0.00870674 -0.0540648 0.0260817 -0.0118243 -0.0118389 -0.058001 0.0206469 -0.0491465 0.0350498 0.00999575 0.0537838 0.0296432 -0.0745666 0.0527039 0.0417719 -0.00187759 -0.0911698 0.0658762 0.0365955 0.0718098 0.0493415 0.0043812
internal_weight=251.819 48.5285 203.291 39.3469 70.4118 132.879 13.5252 25.8217 5.529 5.7715 9.1816 31.0306 1.89787 1.88768 4.59838 29.1327 3.77067 55.7758 7.75368 6.18578 0.845971 5.33981 0.758293 4.58151 39.3812 7.30915 1.80724 0.630425 7.64374 3.37766 19.9885 8.27943 1.18221 7.09723 6.79596 6.99438 6.44776 6.14199 5.51809 1.82662 3.69147 1.60232 2.08915 1.3247 3.04275 1.25682 1.78593 0.713178 3.80173 2.47383 20.2927 5.44329 0.986293 4.45699 3.64133 1.30739 0.673351 22.3367 3.76372 18.573 5.70773 2.10562
internal_count=4930 2219 2711 1448 1229 1482 730 718 257 438 771 714 87 149 285 627 257 767 292 258 55 203 51 152 515 140 56 40 560 217 340 174 43 131 202 473 460 432 416 198 218 130 88 74 180 95 85 53 90 71 461 165 54 111 108 60 50 425 99 326 128 71
is_linear=0
shrinkage=0.1


Tree=11
num_leaves=63
num_cat=0
split_feature=16 11 14 3 3 11 3 17 3 4 11 3 19 11 22 9 5 3 3 12 13 12 3 11 3 11 11 7 11 11 11 11 11 0 10 11 11 3 11 3 11 11 17 3 3 21 2 11 2 22 3 11 3 11 3 11 3 3 3 3 1 11
split_gain=19.8207 3.69006 2.36792 2.00271 1.87704 1.48181 1.23051 0.929434 0.886459 0.790761 0.767187 1.03876 0.929913 0.662455 0.634123 0.617385 1.04104 1.19697 0.608619 0.813784 0.591543 0.542607 0.579257 1.17935 1.27281 0.503706 0.497613 0.463627 0.449475 1.3665 0.653888 0.443357 0.844116 0.427635 0.805623 0.408518 0.408395 0.56484 0.488645 3.16609 0.686163 0.404948 0.62125 0.673855 0.561934 1.11829 0.541259 0.624502 0.450664 0.408742 0.387114 0.513342 0.380365 0.363347 0.378408 0.360632 0.437463 1.35381 0.359245 0.80969 0.344375 0.343953
threshold=1.0000000180025095e-35 -0.75087429216328283 1.0000000180025095e-35 1.5491577719961644 -1.0960437137750567 1.0086935717649452 -0.60769882409421594 1.0000000180025095e-35 1.1015082897887269 1.0000000180025095e-35 0.052099810912977731 -0.93326208388144316 1.0000000180025095e-35 -1.1785182043497089 1.0000000180025095e-35 1.0000000180025095e-35 1.0000000180025095e-35 1.2642899196823407 1.1422036972621303 1.5000000000000002 1.0000000180025095e-35 1.5000000000000002 0.73524962252809634 0.89493198735807045 1.3456807346291475 1.7178351271187471 -1.3113784489124822 1.0000000180025095e-35 -1.4791145076729835 -1.450881705703394 -1.3396112508820714 0.013902490601180472 -0.21611180779812064 1.0000000180025095e-35 1.0000000180025095e-35 0.68982898481428911 0.85092203134665201 0.81664043747490311 -0.18372712318594475 -0.36352637925379561 -0.62382668330013102 -1.4625069771026367 1.0000000180025095e-35 1.0608128823153236 -0.56700341662081255 1.0000000180025095e-35 1.0000000180025095e-35 -1.505686556585538 1.0000000180025095e-35 1.0000000180025095e-35 -0.48561260167400583 1.6090558018829764 -1.2588253436686703 -0.31824812080575254 -1.2588253436686703 -0.14386904981711271 0.53177258516107928 0.8573358449483065 -0.32283097178039222 -0.11935393441337525 1.0000000180025095e-35 -0.53414601822025898
decision_type=2 2 2 2 2 2 2 2 2 2 2 2 2 2 2 2 2 2 2 2 2 2 2 2 2 2 2 2 2 2 2 2 2 2 2 2 2 2 2 2 2 2 2 2 2 2 2 2 2 2 2 2 2 2 2 2 2 2 2 2 2 2
left_child=1 8 4 5 20 7 -4 15 26 -5 13 -12 -13 28 21 31 17 -17 36 -20 52 27 -23 24 -24 33 41 -8 -6 -30 -31 32 -3 -11 -35 -29 38 -38 39 -9 -41 42 43 -1 46 -46 47 -44 60 -50 -7 -52 -2 -22 -55 -40 -57 -58 61 -60 -43 -15
right_child=2 3 6 9 10 50 14 18 -10 25 11 12 -14 58 -16 16 -18 -19 19 -21 53 22 23 -25 -26 -27 -28 35 29 30 -32 -33 -34 34 -36 -37 37 -39 55 40 -42 48 44 -45 45 -47 -48 -49 49 -51 51 -53 -54 54 -56 56 57 -59 59 -61 -62 -63
leaf_value=-0.12653367575124694 0.073985415114340355 0.022075626522074059 0.09831187794384609 0.010683375190712557 0.043902255593965919 0.11066827716275228 0.068834575789821578 0.084664020230241638 -0.12105080877695287 -0.13101815137464293 0.063339975249941158 -0.17157293320356859 0.027235597066411557 0.086287055589778408 0.018022869835879887 -0.14665881850326254 -0.14551384349981264 0.060257815862987285 -0.16878358911822708 0.014144761991448774 0.093982197508700391 0.091819119256070003 -0.13478119974333355 0.077985746516963772 0.074522120796483474 0.042268642944922274 -0.1220169239978286 0.066490938797603483 -0.16365563756413037 0.093701519982796355 -0.026525950218501945 0.039213087981873423 -0.17574454324786185 0.083771828810147525 -0.14521584582994615 -0.035591819851572094 -0.10733704419464436 0.045444832652602553 0.098376924613567784 -0.013817485053686532 -0.20095097804078232 -0.0052384850026747608 0.052150116041655092 0.056530678524752569 -0.1320536845816635 0.086920048975195605 0.057791098660067333 -0.14776749104836837 -0.15415820771219207 -0.0013761213677023398 0.052696680997693791 -0.02798439809607603 0.031211371360833785 0.094749675888855078 0.02736264595797068 0.051828764063339687 -0.16195123140718029 0.050041161849081563 -0.043570083959272456 0.056107182876012844 0.090164857292161116 0.055779888782408686
leaf_weight=1.2513040448538948 6.9830310791730881 0.61476458795368671 76.626590212807059 1.5017600841820233 4.4374319724738598 1.0660532210022235 8.3817237261682713 1.5767676415853205 1.4167983150109646 1.3908093548379845 0.90608176961541176 0.54633172880858072 0.41322498070076108 6.9149174867197933 1.7006061663851131 0.413575114682317 0.93874363414943207 0.86284895474091172 0.36479537561535902 0.72953638155013323 24.183064259588718 30.080454584211111 0.59154650382697471 6.0548336384817958 0.57099286746233702 0.28265995904803265 0.59879624843597223 0.7070003971457488 0.46512843389064107 0.83249220252037059 0.99073108751327388 1.5782814216800032 0.33230156311765435 0.30693108681589354 0.30763459345325828 0.87991413380950689 0.48596811015158969 0.48197316098958254 1.2118759853765322 0.27640527300536644 0.67307825339957783 0.8201851872727286 0.28538883291184891 0.23957294225692738 0.84840353671461388 0.3216409245505929 1.1600080216303468 0.34532401524484113 0.27038437779992808 0.49693250097334385 14.737970218062397 0.83319584187120277 2.9602281311526877 1.5634036520496013 1.7844403134658957 5.8859926876612034 0.41635962715372432 1.0895385043695567 0.94672078359872092 5.8546716570854143 0.70236784033477306 7.9383363099768749
leaf_count=170 108 26 767 62 108 9 139 31 211 183 18 50 19 93 46 48 116 30 33 39 267 350 36 90 9 9 87 12 44 11 39 70 33 9 32 33 30 12 21 11 62 34 9 5 105 10 34 39 27 29 324 35 79 17 44 144 43 36 41 128 11 163
internal_value=0.0680973 0.00993959 0.0822723 0.0233108 0.0672001 0.0308761 0.0903992 0.0109344 -0.0486319 -0.0456993 0.0486687 -0.0134485 -0.0859577 0.0527521 0.0780171 -0.0270436 -0.0655757 -0.0067854 0.0245814 -0.0468344 0.0821572 0.0801756 0.0857147 0.060273 -0.0319798 -0.0827063 -0.0346538 0.0594508 0.025338 -0.0106606 0.0283705 0.00675567 -0.0473345 -0.100322 -0.0308531 0.00988798 0.0310414 -0.0312614 0.0364597 -0.0022086 -0.146474 -0.026894 -0.0444719 -0.0971166 -0.017963 -0.0718586 0.017252 -0.0573075 0.00727839 -0.0552129 0.0523708 0.0483795 0.0612511 0.0897078 0.0588316 0.0478135 0.0395238 -0.00857175 0.0612667 0.0422326 0.038772 0.0699825
internal_weight=240.431 47.1169 193.314 38.3598 67.7202 34.57 125.594 17.9328 8.75711 3.7898 30.2461 1.86564 0.959557 28.3804 48.9671 4.74052 2.21517 1.27642 13.1923 1.09433 37.4742 47.2665 37.2978 7.21737 1.16254 2.28803 7.34031 9.96864 6.72578 2.28835 1.82322 2.52535 0.947066 2.00538 0.614566 1.58691 12.098 0.967941 11.13 2.52625 0.949484 6.74151 4.45164 1.49088 2.96077 1.17004 1.79072 0.630713 2.28987 0.767317 16.6372 15.5712 9.94326 27.5309 3.34784 8.60377 7.39189 1.5059 21.6546 6.80139 1.52255 14.8533
internal_count=4930 2219 2711 1448 1229 1153 1482 785 771 295 714 87 69 627 715 323 194 78 462 72 515 669 485 135 45 233 560 184 202 94 50 129 59 224 41 45 390 42 348 104 73 473 372 175 197 115 82 48 101 56 368 359 187 328 61 244 223 79 425 169 45 256
is_linear=0
shrinkage=0.1


Tree=12
num_leaves=63
num_cat=0
split_feature=16 8 21 17 3 17 3 14 9 3 19 7 20 11 11 3 3 0 11 11 22 11 11 3 11 3 3 11 3 4 3 11 11 1 11 11 2 11 11 11 7 3 10 11 20 11 22 11 9 3 0 3 11 3 11 7 12 11 3 21 11 7
split_gain=17.513 3.11865 2.29969 1.39406 1.43935 1.21995 1.20433 1.18978 1.09732 0.975479 1.90989 0.847497 0.97175 1.52507 0.839533 1.13375 0.813108 1.17653 0.767742 0.736984 1.02829 0.733683 0.621217 1.02892 1.17999 0.605097 0.586573 0.548228 0.544488 0.675663 1.23122 0.530591 1.13591 1.20777 0.503316 0.55505 0.498799 0.698525 0.601316 0.484345 0.477498 0.515706 0.44862 0.431368 0.753115 0.430427 0.565384 1.48261 0.409249 1.75545 0.384234 0.374325 0.364165 0.362803 0.374113 0.355128 0.373563 0.345587 1.70754 0.53937 0.482738 0.355609
threshold=1.0000000180025095e-35 1.0000000180025095e-35 1.0000000180025095e-35 1.0000000180025095e-35 0.40968636274086906 1.0000000180025095e-35 -0.64839423156761933 1.0000000180025095e-35 1.0000000180025095e-35 1.3863761421025509 1.0000000180025095e-35 1.0000000180025095e-35 1.0000000180025095e-35 -0.32987339220499518 -1.3396112508820714 1.3049853271557441 1.5898531794695678 1.0000000180025095e-35 -0.29748870759281931 -1.3296467325398635 1.0000000180025095e-35 -0.32987339220499518 0.94558495559762756 1.2642899196823407 0.49884238325530256 -1.1367391212484601 -1.0960437137750567 0.17167403101947368 -0.16004934188677863 1.0000000180025095e-35 -0.56700341662081255 1.1266070388144065 1.3607732198562941 1.0000000180025095e-35 1.465400662449478 1.5459471857156595 1.0000000180025095e-35 -1.5106688157566419 -0.67198852195413628 -1.5090080626996072 1.0000000180025095e-35 0.93872665989511328 1.0000000180025095e-35 -1.4973827913003646 1.0000000180025095e-35 -1.4924005321292608 1.0000000180025095e-35 -0.10733248256235015 1.0000000180025095e-35 0.28760014032065884 1.0000000180025095e-35 0.97942206736851667 -1.4990435443573993 -0.72978504651442622 -1.4890790260151914 1.0000000180025095e-35 1.5000000000000002 0.3061950286392815 1.0608128823153236 1.0000000180025095e-35 0.97713926368128645 1.0000000180025095e-35
decision_type=2 2 2 2 2 2 2 2 2 2 2 2 2 2 2 2 2 2 2 2 2 2 2 2 2 2 2 2 2 2 2 2 2 2 2 2 2 2 2 2 2 2 2 2 2 2 2 2 2 2 2 2 2 2 2 2 2 2 2 2 2 2
left_child=1 5 6 4 -3 14 7 25 11 18 -11 21 13 -13 39 19 22 -18 -5 -16 40 28 23 -6 -25 -2 -4 -28 29 30 -8 -24 33 -33 -34 -36 53 -38 -39 -1 41 -21 -23 44 -7 -45 57 -48 49 -20 -10 55 -30 54 -27 -29 -57 61 59 -59 -60 -47
right_child=2 3 26 9 16 43 8 -9 50 10 -12 12 -14 -15 15 -17 17 -19 48 20 -22 42 31 24 -26 36 27 51 52 -31 -32 32 34 -35 35 -37 37 38 -40 -41 -42 -43 -44 45 -46 46 47 -49 -50 -51 -52 -53 -54 -55 -56 56 -58 58 60 -61 -62 -63
leaf_value=-0.0077228400398364084 0.071522249046776884 -0.18931960166303252 0.096568989175986372 -0.076631468291532195 -0.13324873427039002 -0.15101793726920362 0.016168680026602263 0.092348770699702043 0.055056698160871956 -0.19985190979987411 0.056497991419373186 0.01600125731044982 0.035109083817376895 -0.23611299787845219 0.11006474781118919 -0.10054519137159308 -0.1305998171411146 0.036277661868297159 0.065836501061110178 -0.14905635179167834 -0.14420937021514968 0.0029099207744595094 0.10027723861215312 0.062404974757412329 -0.12974462012044533 -0.031154444661006798 0.062062519033682033 0.091300682248993917 0.098091218551784598 0.060308445425258234 -0.20298250912086396 0.017944416228584812 0.098683278519444487 -0.20951469505617118 -0.04835877970797537 0.057217472289271577 0.11848677106557821 -0.1142496729966181 0.013013003887318561 -0.12779517145234784 0.047496225670615608 0.037768925681755001 0.064160338796166436 0.074881259955782389 0.053334799265377021 0.035518628556474204 -0.14488539053400654 0.041505232483223527 0.061708847722968523 -0.15008641882161508 0.09095490486201227 0.04900505483461854 0.0014444579271070714 0.095449898843287542 0.049941187608206865 0.023985663537152289 0.080284885352160273 -0.23404775409200959 -0.029073030795860752 -0.060660983034472649 0.10272798256860081 -0.024181564827058095
leaf_weight=0.40889329696074161 20.007128287572417 0.38721074908972042 44.060467808507383 0.44976829504594817 0.61744563421234167 0.48404173739254552 0.52082778979092825 20.910968388430774 7.7401505466550589 0.46482895268127211 0.77551991771906614 0.50132041238248337 1.030534734018147 0.46018344815820522 0.53784244088456112 1.5860993047244845 0.93726632324978776 0.76921211462467909 1.5733520612120639 0.31116050621494618 0.51871220115572203 1.4430736908689121 1.1231412095949052 1.3448120309039948 0.41922091599553812 0.62692921888083031 11.776281760074196 41.85327422991395 0.59806703589856614 0.40901480056345452 0.50485548051074181 0.59043946024030436 1.3215579222887757 0.38608729699626565 0.76249708421528373 1.4353617597371338 0.38425437733531032 0.56996209733188163 1.0650903228670345 1.8830764493905015 1.3372898939996958 0.28134443843737245 6.9788266969844699 0.76354088913649221 0.28743581846356392 4.1955742691643518 0.88600653596222401 0.82331635802984215 14.516660545952618 0.49497662438079704 4.8498099003918469 2.5915304739028207 1.1199682289734472 1.5946641592308868 6.1418455541133889 1.6022224975749839 4.457386092748493 0.36733113881200541 0.47851994168013312 0.35070753423497081 0.66279605915769935 1.3090566652826963
leaf_count=34 318 40 454 27 83 56 16 233 161 41 21 16 26 42 10 171 128 34 34 38 65 46 15 44 59 24 218 482 7 8 47 18 18 33 34 37 3 34 33 276 52 14 127 20 14 166 109 25 280 56 58 53 45 20 134 42 64 35 33 17 9 73
internal_value=0.0644008 0.00910475 0.0781925 0.0295742 -0.000252727 -0.0241302 0.0650861 0.0739898 0.0476233 0.0460491 -0.0395708 0.0278922 -0.032355 -0.104663 -0.0569785 -0.0322187 0.00728909 -0.0553781 0.0522834 0.00407058 -0.0192122 0.038261 0.0206557 -0.022147 0.0167408 0.0613571 0.087739 0.0814921 -0.00288823 -0.0483647 -0.0917006 0.0387963 0.0234376 -0.0719856 0.0499145 0.0205902 0.0417694 -0.00283706 -0.0313494 -0.106374 0.0143859 -0.0603444 0.0536652 -0.0028748 -0.0748805 0.00277241 -0.00329572 -0.0551081 0.0557794 0.0141635 0.0688851 0.0860226 0.0350883 0.0525394 0.04243 0.0880248 0.0653988 0.00873092 -0.028543 -0.149361 0.0474677 0.0213213
internal_weight=229.641 45.8421 183.799 28.3694 10.0943 17.4727 77.4575 51.3008 26.1566 18.2751 1.24035 13.5667 1.99204 0.961504 6.86442 4.57245 9.70704 1.70648 17.0348 2.98635 2.44851 11.5746 8.00056 2.38148 1.76403 30.3899 106.341 62.2807 3.15273 1.4347 1.02568 5.61908 4.49594 0.976527 3.51942 2.19786 10.3827 2.01931 1.63505 2.29197 1.92979 0.592505 8.4219 10.6083 0.771478 9.83685 9.07331 1.70932 16.585 2.06833 12.59 50.5044 1.71804 8.36344 6.76877 47.9129 6.05961 7.36399 1.85935 0.718039 1.14132 5.50463
internal_count=4930 2219 2711 1002 543 1217 1398 799 599 459 62 380 84 58 660 350 503 162 397 179 169 296 341 186 103 566 1313 859 123 71 63 155 140 51 89 71 248 70 67 310 104 52 173 557 70 487 467 134 370 90 219 641 52 178 158 588 106 333 94 52 42 239
is_linear=0
shrinkage=0.1


Tree=13
num_leaves=63
num_cat=0
split_feature=16 11 14 3 3 3 11 3 12 3 21 4 3 11 11 4 11 11 5 11 3 3 11 3 11 17 21 11 11 7 12 11 11 3 9 9 5 11 0 2 11 11 11 17 3 3 11 3 3 11 2 10 5 7 3 1 9 11 3 3 3 11
split_gain=15.4712 2.69854 2.24471 1.62075 1.46087 1.26769 1.04467 0.766 0.71298 0.694274 0.658852 0.641916 0.634367 0.616155 0.861138 0.762155 2.01133 0.595462 0.562302 0.496755 0.495461 0.960978 0.575367 0.492254 0.591038 0.472663 0.545073 0.592072 0.526961 0.449066 0.932033 0.423505 0.421871 0.412942 0.43964 0.397329 0.389399 0.803332 0.372127 0.694541 0.349285 0.445178 0.491758 0.819587 0.564055 0.421669 0.983826 0.344452 0.475409 0.552828 0.407079 0.339179 0.658747 1.26681 0.566864 1.87568 0.367153 0.321883 0.355466 0.314988 0.31458 0.679072
threshold=1.0000000180025095e-35 -0.75087429216328283 1.0000000180025095e-35 -1.0960437137750567 1.5491577719961644 -0.68908963904102272 1.0086935717649452 1.1015082897887269 1.0000000180025095e-35 1.4270715495759543 1.0000000180025095e-35 1.0000000180025095e-35 -0.60769882409421594 -0.32987339220499518 -0.30330134329244057 1.0000000180025095e-35 -1.4990435443573993 -1.4774537546159487 1.0000000180025095e-35 1.6090558018829764 0.69455421505469295 1.3049853271557441 1.0086935717649452 -1.2588253436686703 -1.500704297414434 1.0000000180025095e-35 1.0000000180025095e-35 0.48721711185606015 0.32778481838073231 1.0000000180025095e-35 1.5000000000000002 -1.3113784489124822 1.7178351271187471 1.3049853271557441 1.0000000180025095e-35 1.0000000180025095e-35 1.0000000180025095e-35 0.35767837340735603 1.0000000180025095e-35 1.0000000180025095e-35 -1.3180214611406209 -1.3296467325398635 -1.3396112508820714 1.0000000180025095e-35 1.0608128823153236 -0.81117586146123299 -1.4840967668440872 -0.72978504651442622 -0.85187126893463638 -0.10733248256235015 1.0000000180025095e-35 1.0000000180025095e-35 1.0000000180025095e-35 1.0000000180025095e-35 0.32829554779406223 1.0000000180025095e-35 1.0000000180025095e-35 -0.31824812080575254 -1.2588253436686703 0.97942206736851667 0.49107717768767584 -1.4791145076729835
decision_type=2 2 2 2 2 2 2 2 2 2 2 2 2 2 2 2 2 2 2 2 2 2 2 2 2 2 2 2 2 2 2 2 2 2 2 2 2 2 2 2 2 2 2 2 2 2 2 2 2 2 2 2 2 2 2 2 2 2 2 2 2 2
left_child=1 7 3 17 6 -4 9 31 -5 25 20 -6 47 15 -15 16 -14 23 -11 -8 35 22 -22 -2 -25 26 27 28 33 -16 -31 40 38 34 -3 36 37 -7 -13 -40 41 42 43 44 -1 -45 -47 48 -10 50 -50 52 53 -27 -53 -56 -57 -19 -59 -12 61 -48
right_child=2 4 5 8 11 10 19 -9 12 18 59 32 13 14 29 -17 -18 57 -20 -21 21 -23 -24 24 -26 51 -28 -29 -30 30 -32 -33 -34 -35 -36 -37 -38 -39 39 -41 -42 -43 -44 45 -46 46 60 -49 49 -51 -52 54 -54 -55 55 56 -58 58 -60 -61 -62 -63
leaf_value=-0.12388438409467031 0.063287139121975908 0.009683756307166308 0.092025163766065163 0.063585235914728713 0.0093592212456788167 0.057465558526263186 0.049066763165084591 -0.11727223163667955 0.045321356670521784 0.0087221577779103589 0.082474528984144702 -0.12652502395167756 0.035847352685095667 0.09688014976520147 0.027027459042391951 0.04761774659839077 -0.17435713102701689 0.084266506596833296 -0.14166947953912942 -0.030411256050721265 -0.11698060534776877 0.076229769048919371 0.0091917400785947439 0.057585491840658476 -0.059173431730544485 0.0088113574878531109 0.044151226974557201 -0.13969801991602146 0.067834562382610694 -0.19666027265847946 0.013488202780830121 -0.11821075708139922 0.038947735168451007 -0.15375488005270285 -0.12520668306293944 0.07788685397374874 0.068550716494059236 -0.045596167609448929 -0.13903481145172034 0.078236390640797362 0.054305061296613603 -0.15470491498752709 0.060023801710696489 0.032489287872469554 0.040966311308319361 -0.13006639887460189 0.071507978115605164 0.073643338335508721 -0.12926781838028861 0.053425987883261819 -0.00044752708269467969 0.055684088002493519 0.033109327371130863 -0.17644518620713195 -0.17607843041079341 -0.033421925604320203 0.057777549413142865 0.087171859828510861 0.018742404439485841 0.045574364625987601 0.068859565718040458 -0.1412764319309289
leaf_weight=1.2588738212361921 4.8465716456994414 0.99680098798126493 63.796763098798692 9.7670059045776743 1.4652679683640593 2.0957836946472539 15.016357358545061 1.2162692812271414 7.4577615167945641 0.46553579391911526 28.160887532401834 1.2070441464893522 0.92154101468622696 1.3134157229214904 1.8949328213930123 0.83038117084652174 0.89951072307303559 24.308430035132915 0.53354130452498794 0.82986821886152107 0.5614977497607464 1.4910862753167746 1.0143162920139728 0.89827091433107853 0.83800458349287399 1.2506459564901877 1.0388490450568499 0.49696522066369642 0.53112855134531844 0.31844738731160749 0.62576368544250727 0.51609166385605743 0.27178920712321986 0.2959123859181999 0.31892836326733232 8.0152458962984383 3.4062534710392356 1.1833483213558791 0.29195034829899658 0.29659603349864483 0.52257200982421714 0.27725475188344706 0.60746274795383204 1.4591732649132603 0.24853563774377097 0.73185227531939645 0.30292427074164152 2.9670806331560007 0.46962652914226055 0.71837351936846949 0.51356615964323282 5.1608154466375709 2.6095307664945722 0.52367787994444359 0.49860904179513488 0.57540204562246811 1.8959219194948673 1.3922327016480269 1.6693361280486012 2.5203677210956803 0.59300884604454041 0.2970568747259692
leaf_count=192 84 57 715 172 62 39 333 211 170 25 374 183 23 16 57 19 86 314 63 35 33 22 29 18 38 49 30 72 19 32 27 87 9 31 47 114 56 47 32 9 13 28 16 56 6 101 11 50 28 17 17 107 95 51 52 41 46 17 44 53 16 34
internal_value=0.0608931 0.00832056 0.0743002 0.0591362 0.0198472 0.082764 0.0263827 -0.0441685 0.0416412 0.00931105 0.0705691 -0.0412746 0.0303193 0.00588084 0.029927 -0.0317792 -0.0679834 0.0739232 -0.0715921 0.0449045 0.055245 0.0186847 -0.0357663 0.0469197 0.00123239 0.0143026 -0.0172096 -0.0413577 -0.01855 -0.0010462 -0.0573871 -0.0311214 -0.0771616 -0.0470186 -0.0230132 0.0628723 0.0448711 0.0202734 -0.0947365 -0.0295417 -0.0239856 -0.0310686 -0.0248349 -0.0353734 -0.0967045 -0.00805351 -0.038788 0.0440315 0.034439 -0.013257 -0.0619791 0.0235653 0.00114494 -0.0458657 0.0356538 0.000847285 0.0365434 0.0804179 0.0498603 0.0794433 0.0172078 -0.0338438
internal_weight=219.498 44.6022 174.896 62.6503 36.5711 112.246 33.0385 8.03108 28.6974 17.1923 48.4488 3.53265 18.9304 6.80399 4.15256 2.65143 1.82105 33.9528 0.999077 15.8462 17.7675 3.0669 1.57581 6.58285 1.73628 16.1932 3.67858 2.63974 2.14277 2.83914 0.944211 6.81481 2.06738 1.61164 1.31573 14.7006 6.68539 3.27913 1.79559 0.588546 6.29871 5.77614 5.49889 4.89142 1.50741 3.38402 1.92484 12.1264 9.15933 1.70157 0.983193 12.5146 4.38385 1.77432 8.13075 2.96993 2.47132 27.37 3.06157 30.6813 1.19299 0.599981
internal_count=4930 2219 2711 1229 1448 1482 1153 771 714 785 767 295 542 260 132 128 109 515 88 368 340 84 62 140 56 697 256 226 154 116 59 560 233 135 104 256 142 86 224 41 473 460 432 416 198 218 162 282 232 62 45 441 195 100 246 139 87 375 61 427 61 45
is_linear=0
shrinkage=0.1


Tree=14
num_leaves=63
num_cat=0
split_feature=16 11 14 3 3 3 11 3 11 1 22 13 3 8 4 11 5 3 11 12 3 3 11 11 11 11 17 3 8 11 11 11 11 9 19 10 3 3 3 1 17 3 11 11 3 3 11 18 11 3 3 11 19 3 3 3 8 11 11 11 3 11
split_gain=13.6682 2.28287 2.15765 1.49862 1.26722 1.22137 0.873557 0.706365 0.657424 0.91706 0.642775 0.583433 0.583284 0.568658 0.535923 0.529235 0.505674 0.503661 0.595908 0.502599 0.429793 0.422265 0.416503 0.401702 1.00913 0.650947 0.393405 0.496534 0.767007 0.496111 0.554213 0.385741 0.343917 0.343507 0.331753 0.626529 0.98403 0.612119 0.594871 0.541421 0.651081 0.329738 0.379344 0.348537 0.322808 0.322049 0.318349 0.416401 0.505015 0.914946 1.35535 0.344982 0.330289 0.37885 0.316374 0.657847 0.310899 0.360361 0.489878 0.309774 0.614155 0.308298
threshold=1.0000000180025095e-35 -0.75087429216328283 1.0000000180025095e-35 -1.0960437137750567 -0.68908963904102272 1.5491577719961644 1.0086935717649452 1.1015082897887269 0.052099810912977731 1.0000000180025095e-35 1.0000000180025095e-35 1.0000000180025095e-35 1.4270715495759543 1.0000000180025095e-35 1.0000000180025095e-35 -1.2798241408288236 1.0000000180025095e-35 0.73524962252809634 0.94558495559762756 1.5000000000000002 1.3049853271557441 1.5898531794695678 1.6090558018829764 -1.4791145076729835 -1.450881705703394 -1.3396112508820714 1.0000000180025095e-35 1.1422036972621303 1.0000000180025095e-35 0.17831704324761244 -0.38467824308713922 -1.3113784489124822 -0.31824812080575254 1.0000000180025095e-35 1.0000000180025095e-35 1.0000000180025095e-35 -1.2181299361952669 -0.24144015683358541 0.81664043747490311 1.0000000180025095e-35 1.0000000180025095e-35 -1.2588253436686703 -1.4924005321292608 -1.4691499893307753 -1.2588253436686703 -0.97395749135484655 1.0236403492782571 1.0000000180025095e-35 1.3607732198562941 1.5084623645227611 0.81664043747490311 1.1614828530121344 1.0000000180025095e-35 1.3456807346291475 -0.32283097178039222 -0.11935393441337525 1.0000000180025095e-35 -0.32987339220499518 -0.94103051719375197 -0.21611180779812064 0.49107717768767584 1.7178351271187471
decision_type=2 2 2 2 2 2 2 2 2 2 2 2 2 2 2 2 2 2 2 2 2 2 2 2 2 2 2 2 2 2 2 2 2 2 2 2 2 2 2 2 2 2 2 2 2 2 2 2 2 2 2 2 2 2 2 2 2 2 2 2 2 2
left_child=1 7 3 11 -4 6 12 31 15 45 17 41 26 -7 21 23 -14 19 20 -6 -19 -15 46 -5 -25 -26 27 28 59 30 -29 34 -13 -12 35 36 -1 -36 -39 40 -38 -2 -43 -44 -34 -10 -8 51 49 50 -49 -48 53 -50 -17 -56 57 58 -57 -3 -61 -16
right_child=2 5 4 8 10 13 22 -9 9 -11 33 32 16 14 61 54 -18 18 -20 -21 -22 -23 -24 24 25 -27 -28 29 -30 -31 -32 -33 44 -35 37 -37 39 38 -40 -41 -42 42 43 -45 -46 -47 47 48 52 -51 -52 -53 -54 -55 55 56 -58 -59 -60 60 -62 -63
leaf_value=0.064516624512501605 0.061458738486446507 0.055066536851853323 0.088855659969637679 0.033969124140175583 0.053918101312765698 -0.14590873344662619 0.10259283634292027 -0.11548732200790707 0.078110215981776393 -0.15449855000329585 -0.044939467410746448 0.083117346545610329 0.0078195594232290146 0.074161947021059035 -0.081931336104765703 0.058836644564878582 -0.13712895767047181 -0.038737199692211448 0.061843230555221763 0.080542035190254005 0.060891487473989758 -0.037052669875287658 -0.027310304719304668 -0.15790746966108138 0.08193035075636762 -0.051658281862993129 0.021581670942373864 0.046908236488941601 -0.13996693741800523 0.053137721791800999 -0.15164889648217861 -0.11632182517555903 0.083657770795617453 0.048273907065628424 0.062253618756853479 0.01525886613197544 0.014162864908105203 -0.14212364301127384 0.046005850566427337 -0.14018552850069857 -0.13685133027815505 0.056932730448016805 -0.058937731325009707 0.041964449262076264 0.017209538606417628 -0.021088639748554655 0.0013303909499168126 0.02030541947265161 -0.049497315566967681 0.083866000523752413 -0.21311429340854354 0.059223022711376 0.082597404360277182 0.057825619719919646 -0.046778769038362117 0.049466700064502371 0.067982634483015766 0.055985764884042478 -0.076338780471818912 0.062480607016343372 -0.15006566688020301 0.035304982330364762
leaf_weight=0.48775345273315851 6.1373986336402595 0.49780231155455112 59.831687568686903 4.1515063783153892 9.5157932639121992 0.43159343441948239 0.90954414755105695 1.1143133901059625 0.5428402991965412 0.39610138349235047 0.74893971625715383 20.448823977261782 0.46598998270928937 0.73890159744769335 1.3383433436974881 13.811386163812136 0.49778582900762558 1.2168245380744327 5.4817515988834202 27.820189389400184 0.67220360506325949 0.63460909016430378 0.83508189488202411 0.42210538871586312 0.75782879162579775 0.70324877509847883 12.279019788373262 0.26363128190860152 0.65607959916815151 1.3112575714476404 0.30115905264392484 0.47318808920681377 1.3131053466349842 0.8373839701525867 1.0515275942161677 1.4872897444292901 0.73559282580390661 0.38213612558320154 0.30005024513229728 1.1613600016571581 0.46658534230664372 1.3993175420910122 0.81616233475506306 0.58966018911450901 1.6494910293258751 0.82413094490766425 1.1669514840468753 0.54498967621475392 0.61110075656324625 0.46186615992337454 0.45764655992388725 8.7273626057431084 1.0903514996170998 0.71229208167642355 0.91116355033591379 0.57134114671498526 2.8278018049895763 1.341750704683359 0.67543001053854834 0.24833558732643657 0.30039239209145308 0.26947297342121612
leaf_count=12 108 16 715 108 182 57 10 211 8 41 30 267 25 15 175 262 63 50 97 379 12 39 35 44 11 32 441 10 90 57 36 87 17 17 31 83 57 49 14 163 64 29 37 13 44 38 37 16 26 8 38 166 17 15 41 12 48 31 38 10 37 9
internal_value=0.0576257 0.00765439 0.0706613 0.0555543 0.0792437 0.0182689 0.0242734 -0.0418881 0.0385876 -0.0205184 0.0668208 0.0702046 0.00848788 -0.038626 -0.0230951 0.0425691 -0.0670457 0.0690404 0.0451518 0.0737564 -0.0032847 0.022777 0.0413858 0.0165924 -0.0217149 0.0176312 0.0130785 -0.0160972 -0.0551974 0.0193882 -0.0589669 -0.0293584 0.078504 0.00426574 -0.0225818 -0.0373574 -0.064803 0.0143939 -0.0593775 -0.0914902 -0.0444483 0.0484768 0.0200735 -0.0166152 0.0466612 0.0183044 0.045293 0.0415089 0.0137359 -0.0325912 -0.0862374 0.0523951 0.0418442 0.0082673 0.0503531 0.0318354 0.0450603 0.0200191 -0.0186876 -0.00205458 -0.0538745 -0.0622823
internal_weight=209.827 43.4114 166.415 60.2906 106.125 35.7516 32.3386 7.6598 27.9366 1.76307 46.2931 32.354 16.8215 3.41292 2.98133 26.1736 0.963776 44.7068 7.37078 37.336 1.88903 1.37351 15.5172 6.03469 1.88318 1.46108 15.8577 3.57866 1.70261 1.87605 0.56479 6.54548 23.4114 1.58632 6.0723 4.33858 2.85129 1.73371 0.682186 2.36354 1.20218 8.94254 2.80514 1.40582 2.9626 1.36697 14.6821 13.7726 3.87825 1.4645 1.00264 9.89431 2.41374 1.32339 20.1389 6.32749 5.41632 2.58852 1.24677 1.04653 0.548728 1.60782
internal_count=4930 2219 2711 1229 1482 1448 1153 771 714 87 767 515 785 295 238 627 88 720 159 561 62 54 368 195 87 43 697 256 153 103 46 560 328 47 473 379 296 94 63 284 121 187 79 50 61 46 333 323 120 62 54 203 58 41 432 170 129 81 50 63 47 184
is_linear=0
shrinkage=0.1


Tree=15
num_leaves=63
num_cat=0
split_feature=16 21 11 3 3 22 3 9 11 21 11 11 3 3 11 11 17 11 11 17 22 1 3 3 11 1 11 3 18 3 11 11 11 11 11 5 11 3 3 21 11 11 11 3 3 3 11 3 3 4 11 13 4 11 3 11 0 8 3 3 10 6
split_gain=12.1133 2.12539 1.95939 1.30573 1.21742 1.49671 1.01404 1.11009 0.971436 0.948734 0.734027 0.940832 0.647602 0.619937 0.914222 0.545766 0.535164 0.50749 0.556338 0.624393 0.500259 0.698279 0.816168 1.11462 0.638918 0.525891 0.729294 0.503544 0.471178 0.82785 0.561099 0.609623 0.509531 0.933147 0.469604 1.75425 0.986165 0.463495 0.454045 1.17067 0.518088 0.862773 0.77336 0.736183 0.621628 0.448778 0.439738 0.609685 0.424527 0.408829 0.407837 0.352554 0.342822 0.334188 0.33364 0.443582 0.330394 0.384271 1.31384 0.661896 1.15963 1.47823
threshold=1.0000000180025095e-35 1.0000000180025095e-35 -0.16711959261559808 1.5491577719961644 -0.28213556430698877 1.0000000180025095e-35 -0.93326208388144316 1.0000000180025095e-35 -1.143642390151981 1.0000000180025095e-35 0.89493198735807045 0.97713926368128645 -0.97395749135484655 -0.078658526939971843 -0.47103740205294176 -0.49760945096549641 1.0000000180025095e-35 1.3059683689741501 1.465400662449478 1.0000000180025095e-35 1.0000000180025095e-35 1.0000000180025095e-35 -0.60769882409421594 0.084123102953641768 -0.45609062453962979 1.0000000180025095e-35 -0.0076872991402703646 -0.11935393441337525 1.0000000180025095e-35 1.1015082897887269 -1.3396112508820714 -1.5090080626996072 -1.450881705703394 -1.4625069771026367 -1.5023650504714687 1.0000000180025095e-35 -1.2798241408288236 -1.1367391212484601 0.61316340010788606 1.0000000180025095e-35 1.3607732198562941 1.1149817674151636 1.0086935717649452 1.1422036972621303 1.4677669570493577 -1.0000000180025095e-35 0.49884238325530256 1.1828991047355337 -0.56700341662081255 1.0000000180025095e-35 -1.4824360137870527 1.0000000180025095e-35 1.0000000180025095e-35 -1.3595402875664875 -1.2181299361952669 0.46562732211460928 1.0000000180025095e-35 1.0000000180025095e-35 0.20620932537385198 0.12481851042704518 1.0000000180025095e-35 1.0000000180025095e-35
decision_type=2 2 2 2 2 2 2 2 2 2 2 2 2 2 2 2 2 2 2 2 2 2 2 2 2 2 2 2 2 2 2 2 2 2 2 2 2 2 2 2 2 2 2 2 2 2 2 2 2 2 2 2 2 2 2 2 2 2 2 2 2 2
left_child=2 6 4 16 5 53 8 20 37 28 -5 -12 -7 54 -15 -11 38 -13 -19 -20 25 22 24 -24 -22 -8 27 -27 32 30 31 -30 33 -6 -23 36 -36 -2 39 -4 41 42 43 -40 -43 -9 -45 -48 -28 -10 -39 -51 -16 -1 -3 -56 57 58 -18 -59 61 -61
right_child=1 13 3 10 9 12 7 45 49 15 11 17 -14 14 52 -17 56 18 19 -21 21 34 23 -25 -26 26 48 -29 29 -31 -32 -33 -34 -35 35 -37 -38 50 40 -41 -42 44 -44 46 -46 -47 47 -49 -50 51 -52 -53 -54 -55 55 -57 -58 59 -60 60 -62 -63
leaf_value=0.001071492030012365 0.049853793759161623 0.090535689369093481 -0.17263850654338331 -0.12773628630006101 -0.12495845013010638 -0.006654289935871258 0.049499797017299903 0.076068267745042412 0.081110786660439388 0.055241883018579213 0.11795509525631614 -0.15934742675391012 -0.13598703651120436 -0.051174013431919019 0.072039696440026238 -0.077477942865325222 -0.12649817220347784 0.042175633410749938 -0.13771060836030249 0.060797177909180516 -0.071474171459266531 0.1040103522510957 -0.21579555746986989 0.0023409214012365285 0.05913670618496232 -0.12673287292971447 0.074530294214011278 -0.0024305697345081995 0.053053749831835278 -0.11988799663107724 0.027232207627224628 -0.12765504779599629 -0.16235811213017626 0.12281065966385539 -0.019771157313935084 0.081184626231617291 -0.27794666400487483 0.03029315108021859 -0.13402443615768131 0.04669889087684484 0.045420607958965485 -0.1990403053538754 0.097316292883300876 0.038231618688077007 -0.0075501513393923733 0.039338532114846919 0.072390932219477316 -0.13397056651467626 0.0037006414388984429 0.087459938711295773 -0.066172972421825085 0.017760124104923253 0.03498432630206335 0.069159692614703394 0.064822528393637238 0.084257818552937458 0.058843541406019412 0.065569171897494824 0.030680965194635385 0.0094597497472443184 0.034451236670944428 -0.2348406284819593
leaf_weight=1.056207880843431 8.4877364728599769 25.119928560685366 0.46922009228729233 0.75606877915561144 0.53312696656212211 0.77252493752166607 8.8490549279376882 8.8641324816271645 21.900709620211277 1.0203762347809968 0.43651100760325823 0.32237020321190346 0.77612633258104324 0.71133655961603182 12.646347804460673 0.44494686136022199 0.67237090645358089 0.72051243251189567 0.54605741845443845 0.22323037497699261 0.63786800391972065 0.71403791848570142 0.4968703156337132 0.44317973405122757 0.90719990106299542 0.55848916573449969 1.4262893958948555 0.78252255823463179 0.2611971120350064 1.2218259526416657 1.2332924352958801 0.65437779109925054 1.05255151260644 0.21262869704514731 0.34724730299785733 1.1311544019263238 0.25778643134981361 1.2018325822427867 0.43431484559550959 0.5054806238040328 2.9999386854469776 0.37227103114128102 0.79879613779485215 1.50094660371542 0.31127738952636719 5.3249126626178613 0.22078448021784414 0.40725603001192212 2.0806091162376097 1.1286099478602403 0.689816745929419 2.0328634013421834 3.1108605074696234 2.2703567333519459 19.809246446937323 28.84085431555286 4.702213041484355 4.7833773167803884 2.5438190856948495 0.69093419006094314 6.089728306978941 0.38608238659799099
leaf_count=60 174 294 58 126 83 48 189 142 300 37 7 35 119 30 198 25 44 34 72 5 31 7 48 14 17 35 22 33 14 230 70 114 120 2 18 21 25 31 66 13 73 31 10 68 12 122 8 62 66 14 34 55 73 57 343 375 102 87 99 25 165 38
internal_value=0.0544884 0.0671888 0.00701447 0.0201351 -0.0282036 0.00973601 0.0538749 0.0412096 0.0656038 -0.0560835 -0.0424979 -0.0138384 -0.071471 0.0772604 0.059718 0.0149414 0.0268833 -0.0455845 -0.0209679 -0.080108 0.0251608 -0.00213641 -0.0394859 -0.112957 0.00521513 0.0349966 0.00852335 -0.0541986 -0.0762178 -0.0541652 -0.0167958 -0.0761021 -0.117553 -0.0543149 0.035745 0.00766967 -0.129772 0.0398777 0.00508024 -0.0588899 0.01393 -0.00942098 0.0114016 -0.0153719 -0.111839 0.0622842 0.00883335 -0.0614252 0.0325077 0.0762582 -0.00488459 0.0426422 0.0647241 0.0475412 0.0811766 0.0763442 0.0356844 0.0285041 -0.00217862 0.0367619 0.0175347 -0.0781156
internal_weight=200.905 158.501 42.4031 30.8936 11.5095 4.87522 68.2629 32.8214 35.4416 6.63432 3.00475 2.24868 1.54865 90.2386 16.4685 1.46532 27.8888 1.81217 1.4898 0.769288 18.6323 4.93534 2.48512 0.94005 1.54507 13.697 4.84791 1.34101 5.169 3.37069 2.14887 0.915575 1.79831 0.745756 2.45023 1.73619 0.605034 10.3794 8.02029 0.974701 7.04559 4.04565 3.3621 2.5633 0.683548 14.189 2.12899 0.628041 3.5069 25.0622 1.89165 3.16147 15.7572 3.32656 73.77 48.6501 19.8685 15.1663 3.21619 11.9501 7.16674 1.07702
internal_count=4930 2711 2219 1240 979 284 1398 790 608 695 279 153 167 1313 301 62 961 146 111 77 526 181 110 62 48 345 156 68 633 428 198 128 205 85 71 64 43 239 401 71 330 257 214 204 43 264 138 70 88 369 65 69 271 117 1012 718 560 458 143 315 228 63
is_linear=0
shrinkage=0.1


Tree=16
num_leaves=63
num_cat=0
split_feature=16 14 11 3 3 3 22 3 7 11 11 11 11 11 1 11 21 10 17 12 2 18 3 11 11 22 11 11 11 11 11 11 3 4 11 11 21 21 12 3 11 3 5 11 11 3 3 11 3 3 3 9 3 11 3 1 3 11 3 11 3 19
split_gain=10.6823 2.03633 1.66202 1.30452 1.27892 1.17357 1.25348 1.10025 0.674367 0.665166 0.790352 0.620243 1.00161 0.610972 0.76597 0.576839 0.568424 0.53526 0.52382 0.461434 0.449156 0.431395 0.759235 0.506372 0.545842 0.430474 0.429666 0.813944 0.429556 0.417338 0.672661 0.447969 0.435793 1.00029 0.531397 0.619087 0.407696 0.377785 0.367422 0.634437 0.976203 0.47214 0.465286 0.365887 0.554337 0.501125 0.371501 0.45445 0.352243 0.312534 0.663197 0.312135 1.00602 0.297682 0.295536 0.291269 0.547254 0.288792 0.285718 0.322743 0.280042 0.279928
threshold=1.0000000180025095e-35 1.0000000180025095e-35 -0.18372712318594475 -1.0960437137750567 -0.68908963904102272 -0.28213556430698877 1.0000000180025095e-35 1.5491577719961644 1.0000000180025095e-35 0.89493198735807045 0.97713926368128645 -1.4924005321292608 -1.4973827913003646 0.052099810912977731 1.0000000180025095e-35 -1.5106688157566419 1.0000000180025095e-35 1.0000000180025095e-35 1.0000000180025095e-35 1.5000000000000002 1.0000000180025095e-35 1.0000000180025095e-35 1.1015082897887269 -1.3396112508820714 -1.5090080626996072 1.0000000180025095e-35 -1.450881705703394 -1.4625069771026367 0.68982898481428911 1.5459471857156595 0.013902490601180472 1.4886512052479632 0.97942206736851667 1.0000000180025095e-35 1.3607732198562941 1.1149817674151636 1.0000000180025095e-35 1.0000000180025095e-35 1.0000000180025095e-35 -0.32283097178039222 -0.32987339220499518 -0.03796311946656844 1.0000000180025095e-35 -0.32987339220499518 -0.64375571998454684 -0.97395749135484655 -0.81117586146123299 -1.4973827913003646 -0.48561260167400583 1.0608128823153236 1.3456807346291475 1.0000000180025095e-35 1.0608128823153236 -1.3595402875664875 0.32829554779406223 1.0000000180025095e-35 -0.85187126893463638 -0.31824812080575254 1.2642899196823407 -1.3396112508820714 -0.97395749135484655 1.0000000180025095e-35
decision_type=2 2 2 2 2 2 2 2 2 2 2 2 2 2 2 2 2 2 2 2 2 2 2 2 2 2 2 2 2 2 2 2 2 2 2 2 2 2 2 2 2 2 2 2 2 2 2 2 2 2 2 2 2 2 2 2 2 2 2 2 2 2
left_child=2 3 5 15 -3 6 53 18 17 -9 -11 12 -8 25 60 -2 21 36 29 28 -12 26 23 24 -23 38 27 -7 -10 30 -4 32 33 -32 35 -34 48 57 54 42 41 -41 55 44 45 -27 -47 -48 -6 -19 -51 52 61 -1 -5 -40 -57 -17 59 -18 -15 -20
right_child=1 4 7 13 8 16 11 9 19 10 20 -13 -14 14 -16 37 58 49 51 -21 -22 22 -24 -25 -26 43 -28 -29 -30 -31 31 -33 34 -35 -36 -37 -38 -39 39 40 -42 -43 -44 -45 -46 46 47 -49 -50 50 -52 -53 -54 -55 -56 56 -58 -59 -60 -61 -62 -63
leaf_value=0.0009631329355968281 -0.037906342881842796 0.083078650501731632 -0.14122576933688377 0.069179404532246136 0.061025779294053152 -0.12244274483210721 -0.14207066988228098 -0.12517559072868109 0.043427864326388996 0.10979494660065561 -0.015678848541774551 -0.1367959151536704 0.086129662027063889 0.069760836796000245 -0.15009841218263781 0.059603024690690766 0.037996788020573241 0.073233316544407498 0.042685665887118321 0.044150333359882166 -0.13746493147463315 0.04808196721998332 -0.11775464185442355 0.027085372272773179 -0.12559819950953185 -0.064864991485035259 -0.15569819007464755 0.1156150387528363 -0.068021538838183043 0.053660761317486365 0.011834283766897798 -0.096852677312678881 0.024475464946308353 -0.1666116797257442 0.081251296341919632 -0.08944118700155898 0.057173184890457911 0.079282589727842509 0.063926723195778232 -0.033095690795809894 0.027724531841225915 -0.19995046535497463 -0.020761662315628954 0.053684458647677659 -0.084197491594183216 0.063139629029804537 0.054900431779819986 -0.061196497013680441 -0.030304475772785801 -0.021719397920913378 0.077026881983970452 0.03907761058270165 -0.13533402236955469 0.065522191508421451 0.019259529386208701 0.05684217880165552 -0.05733821740011337 0.011619633739735593 0.067132761782347186 -0.090170824095860802 -0.02529546794043799 -0.029760557823707009
leaf_weight=1.0561459572054448 0.5541766351088907 52.807398113887757 0.35638883570209756 6.5780162787996321 0.62148468894883979 0.4910124633461237 0.32416428322903812 0.70172871160320882 0.60214841458946355 0.42121913516894016 1.3609379376284776 0.67776619247160852 0.47296125581487991 0.49912290554493655 0.38201832491904486 16.163550689816482 0.35789749585092068 28.065134156029675 2.3791231904178893 4.9715271554887295 0.38950289110653091 0.25895070238038909 1.0888882461003957 1.2102157501503827 0.60076319123618327 0.6667034039273857 0.97758417390286723 0.2030056482180953 0.8124397024512291 1.3375800708308814 1.1378407434094695 0.4431017581373452 2.4261061444412921 0.4339336894918232 1.1784615935757754 0.59383572638034809 3.1719866045750678 11.375049530062826 5.7318647499196285 0.34346340037882339 1.5952798658981837 0.33499180758371971 0.97184270434081543 1.621338462922721 0.68989174813032184 1.6332474155351522 0.62570136692374945 0.73116211546584942 1.317559616640209 1.1147506660781794 1.7445443915203211 16.183664395473897 0.43946743384003628 2.2061947057954967 1.4467815486714242 1.2536311466246841 0.63107301481068123 1.3598296036943747 0.45362731628119946 0.43559960601851322 0.81763959303498168 0.68747210456058372
leaf_count=60 21 715 50 106 11 83 48 127 13 7 92 105 12 8 41 296 16 429 78 106 54 14 226 67 114 32 118 2 36 32 50 23 140 62 18 36 59 160 102 16 45 33 34 35 39 32 14 46 49 39 25 395 53 56 38 26 29 38 12 30 38 39
internal_value=0.0514857 0.063793 0.00640151 0.0486622 0.0726918 -0.0272768 0.010035 0.0183549 0.0597621 -0.0405349 -0.0131849 -0.0664685 -0.00667178 0.0325889 -0.0254322 0.0631535 -0.0563601 0.0650698 0.0244865 0.0298117 -0.0427783 -0.0718995 -0.05016 -0.0146018 -0.0732847 0.0365545 -0.112981 -0.052809 -0.0205808 0.00274609 -0.0076201 4.34156e-05 0.00748423 -0.0374309 0.0242993 0.00207511 0.035091 0.0650914 0.0439523 0.0319639 -0.0150064 -0.115481 0.044399 0.0131429 -0.00197932 0.0135319 0.031012 -0.00765979 -0.00103214 0.0700245 0.0385288 0.0332173 0.00616646 0.0446219 0.0601794 0.0527132 0.0186101 0.0558795 0.00382787 -0.0323623 0.0107359 0.0264446
internal_weight=192.52 151.235 41.2851 56.0064 95.229 10.8148 4.73723 30.4704 42.4216 2.87339 2.17166 1.47489 0.797126 26.5538 1.69878 29.4526 6.07754 36.0355 27.597 6.38612 1.75044 4.83042 3.15882 2.06993 0.859714 24.855 1.6716 0.694018 1.41459 7.90725 6.56967 6.21328 5.77018 1.57177 4.1984 3.01994 5.11103 28.8984 18.8869 10.8621 2.27374 0.678455 8.58841 5.96804 4.34671 3.65681 2.99011 1.35686 1.93904 30.9244 2.8593 19.6897 3.50606 3.26234 8.0248 7.61657 1.8847 17.5234 1.24712 0.793497 1.31676 3.0666
internal_count=4930 2711 2219 1229 1482 963 281 1256 767 280 153 165 60 714 87 515 682 612 976 155 146 624 421 195 128 627 203 85 49 411 379 329 306 112 194 176 119 494 429 285 94 49 191 198 163 124 92 60 60 493 64 565 170 116 144 157 55 334 58 46 46 117
is_linear=0
shrinkage=0.1


Tree=17
num_leaves=63
num_cat=0
split_feature=16 21 8 3 9 11 3 3 17 3 3 19 4 11 3 11 3 22 3 3 11 3 3 5 11 13 22 1 3 11 11 1 11 6 11 11 5 11 3 4 3 0 11 11 3 0 10 11 19 3 3 11 11 3 2 11 11 3 3 13 11 3
split_gain=9.43197 1.98664 1.41359 0.915042 0.993677 0.929011 0.789671 0.614375 0.570308 1.05102 0.670347 1.54673 0.514846 0.493853 0.47158 0.465155 0.436603 0.424101 0.458737 1.05131 0.777361 0.752825 0.414253 0.400516 0.751447 0.566986 0.400362 0.574768 0.66546 1.04395 0.539544 0.431827 0.547153 0.476361 0.575629 0.400728 1.34442 0.964166 0.389942 0.37459 0.371786 0.943224 0.343373 0.336217 0.764697 0.318733 0.409174 0.320495 0.309169 0.953547 0.380401 1.41886 0.645289 0.534161 0.493675 1.13894 0.372626 0.327635 1.03048 0.302709 0.290289 0.638819
threshold=1.0000000180025095e-35 1.0000000180025095e-35 1.0000000180025095e-35 -0.93326208388144316 1.0000000180025095e-35 -1.143642390151981 1.5491577719961644 -1.2181299361952669 1.0000000180025095e-35 0.40968636274086906 1.3863761421025509 1.0000000180025095e-35 1.0000000180025095e-35 -0.29748870759281931 0.65385880758128956 0.1666917718483695 -1.2588253436686703 1.0000000180025095e-35 -1.0000000180025095e-35 0.49107717768767584 -1.5090080626996072 -0.97395749135484655 1.1015082897887269 1.0000000180025095e-35 -1.0713996321709731 1.0000000180025095e-35 1.0000000180025095e-35 1.0000000180025095e-35 -0.60769882409421594 -0.28669381272209388 -0.45609062453962979 1.0000000180025095e-35 -0.0076872991402703646 1.0000000180025095e-35 -0.94103051719375197 -1.5023650504714687 1.0000000180025095e-35 -1.3429327569961409 -0.56700341662081255 1.0000000180025095e-35 1.5898531794695678 1.0000000180025095e-35 -1.4874182729581567 -1.4840967668440872 -0.81117586146123299 1.0000000180025095e-35 1.0000000180025095e-35 0.82434998243409707 1.0000000180025095e-35 0.93872665989511328 0.24690473284725542 -0.31824812080575254 -0.56154844366133083 -0.32283097178039222 1.0000000180025095e-35 0.22813963495865239 -0.19867390069925672 -0.24144015683358541 0.81664043747490311 1.0000000180025095e-35 -0.10733248256235015 0.043427695480238365
decision_type=2 2 2 2 2 2 2 2 2 2 2 2 2 2 2 2 2 2 2 2 2 2 2 2 2 2 2 2 2 2 2 2 2 2 2 2 2 2 2 2 2 2 2 2 2 2 2 2 2 2 2 2 2 2 2 2 2 2 2 2 2 2
left_child=2 3 6 5 26 16 17 -3 9 -4 13 -12 15 -10 -14 23 -2 43 21 60 -21 -19 45 25 -25 42 31 28 30 -30 -28 -5 33 34 -33 -29 37 -37 -34 -7 -11 -42 -9 44 -1 46 47 -6 50 56 51 52 53 -45 -52 -56 57 -50 -59 -41 61 -20
right_child=1 7 8 4 22 39 -8 12 10 40 11 -13 14 -15 -16 -17 -18 18 19 20 -22 -23 -24 24 -26 -27 27 35 29 -31 -32 32 38 -35 -36 36 -38 -39 -40 59 41 -43 -44 48 -46 -47 -48 -49 49 -51 54 -53 -54 -55 55 -57 -58 58 -60 -61 -62 -63
leaf_value=0.038872620479454272 0.051818709165622992 0.085146338174596325 -0.17435494482882374 0.042214962047383946 -0.063074887339370805 0.075151778280243275 -0.12523303383527234 0.057377416150736243 -0.070290473603515369 0.01605364617076142 -0.19201787069991699 0.048743052532928377 0.051891018413183748 0.040139188514563551 -0.018232999093219446 0.074397353688955045 0.0093036502536597478 -0.0062633266467631184 0.10733671616834151 0.076879380166315903 -0.1360334692415987 -0.14082318319180251 -0.0060820959415190433 0.090762369632904322 -0.043686361776635686 0.071365241273823488 -0.067361694211846734 0.096526409053328446 -0.037780839324532613 -0.27200016728790466 0.05384386476485975 -0.034955788075807945 0.068529092495280747 0.028619136961684707 -0.20802966904271961 0.0071244825879040689 0.072825640449320203 -0.24339925028726564 -0.0017415787588130887 0.081964044907563607 -0.12329562820704119 0.040544069425021576 -0.034298012109908897 -0.16653487878731804 -0.12321010980334157 0.083805442487230666 0.059027200449368468 0.039735049404912813 0.0709748520626962 -0.13867312805672821 0.047372037728484688 -0.20685723141024726 0.078998915404519074 0.02393291573579721 -0.14811605512234743 0.054274338001807511 -0.054234319648739475 -0.14185858719318445 0.090307299336868374 0.014212932079711608 0.10398950263020618 -0.12354316801947125
leaf_weight=0.51061493949964643 5.5583490943536162 22.114015331491828 0.33263521525077777 8.3153907256200927 0.52132775634527007 19.666963119059805 0.66003413731232363 0.73736723978072405 0.41644050669856447 7.1577312878798676 0.4300989806652058 0.70294309034943581 7.2876515071839076 14.706292876042426 1.104330097325146 39.828610357362777 4.271882111206649 0.74755105515942 0.25672137015499175 0.22337112482637178 0.73819362884387352 0.93683696445077658 0.9996588537469514 0.67059875978156913 1.0936731356196112 7.3813153626397252 0.64630287140607834 0.65315707772970233 0.64689857396297168 0.26960759516805299 0.85066506033763312 0.5512408702634275 1.3037456786260011 0.48984947986900806 0.2950109504163263 0.31966317305341363 1.0514578588772565 0.29575442941859331 2.0027476884424678 0.99307591654360217 0.69278461649082579 0.71302543859928846 0.91623497474938254 0.25942616583779443 0.67703432915731798 4.045852328184993 6.839330221991986 0.72474069939926267 0.90549249993637249 0.58152839215472329 3.6793510282877833 0.34432261018082311 0.79361447691917408 0.34049318544566631 0.46688209520652868 0.68745636940002441 0.75946372421458375 0.35780327720567584 0.41053628688678145 1.9630703553557396 0.59524968639016262 0.22476404835470021
leaf_count=18 109 294 40 189 28 300 133 14 27 341 41 21 148 370 38 614 130 50 7 10 121 160 33 8 44 116 31 7 37 25 17 26 22 14 28 15 21 28 66 14 128 34 37 27 133 54 133 16 24 86 138 33 14 22 64 19 49 49 8 55 7 45
internal_value=0.0486337 0.0605721 0.00586311 0.0472907 0.0349512 0.0590101 -0.0182607 0.0709302 0.0204003 4.52699e-05 0.0315398 -0.042649 0.0656036 0.0370982 0.0426632 0.0694062 0.0333431 -0.0133902 -0.042488 -0.010577 -0.0865739 -0.0811039 0.0557925 0.0509982 0.00741753 0.0595083 0.0194825 -0.00540733 -0.0395723 -0.106681 0.00151442 0.0285746 0.00414327 -0.0498623 -0.0952909 0.0301336 0.00411796 -0.113271 0.025966 0.070163 0.00681953 -0.0401963 0.0065815 -0.0033362 -0.0535247 0.0608912 0.0494251 -0.00327838 0.00288161 -0.0236323 0.0150454 -0.02508 0.0198346 -0.058432 0.0294717 -0.0275842 0.00386108 0.0302206 -0.0178086 0.036973 0.0572911 -0.000441205
internal_weight=184.718 144.41 40.3087 63.2757 30.8224 32.4533 15.1567 81.1338 25.152 8.89618 16.2558 1.13304 59.0198 15.1227 8.39198 50.6278 9.83023 14.4967 3.72269 2.0383 0.961565 1.68439 13.1309 10.7992 1.76427 9.03492 17.6915 4.73351 2.41347 0.916506 1.49697 12.958 4.64259 1.3361 0.846252 2.32003 1.66688 0.615418 3.30649 22.6231 8.56354 1.40581 1.6536 10.774 1.18765 12.1313 8.0854 1.24607 9.58637 3.01482 6.57155 1.73786 1.39353 0.599919 4.83369 1.15434 2.4333 1.67383 0.76834 2.95615 1.07674 0.481485
internal_count=4930 2711 2219 1398 790 608 1217 1313 1002 543 459 62 1019 397 186 833 239 1084 400 190 131 210 264 219 52 167 526 181 110 62 48 345 156 68 54 71 64 43 88 369 503 162 51 684 151 231 177 44 533 216 317 96 63 49 221 83 130 81 57 69 59 52
is_linear=0
shrinkage=0.1


Tree=18
num_leaves=63
num_cat=0
split_feature=16 14 3 8 3 3 7 11 11 3 19 3 11 5 11 10 21 14 11 11 10 6 11 3 0 5 3 11 12 3 6 19 11 11 3 22 10 3 3 0 11 11 1 11 11 7 3 2 11 3 19 10 3 11 11 2 11 11 11 3 1 3
split_gain=8.32069 1.90387 1.27922 1.18865 1.11549 0.710255 0.648257 0.565148 0.53585 0.598029 0.759576 0.512775 0.709498 1.23464 0.614409 0.478388 0.470312 0.463181 0.56853 1.28969 0.73013 0.834935 0.978922 0.44111 0.885606 1.11665 0.43 0.802263 0.406819 0.402252 0.55765 0.384816 0.380191 0.399409 0.544968 0.366906 0.41382 0.66554 0.638286 0.583719 0.636468 0.351584 0.343378 0.491685 0.34168 0.474049 0.334484 0.638718 0.710915 0.911147 0.320027 0.461574 1.15003 0.311939 0.309573 1.03365 0.304545 0.300095 0.287871 0.684128 0.287118 0.284551
threshold=1.0000000180025095e-35 1.0000000180025095e-35 -0.68908963904102272 1.0000000180025095e-35 -1.0960437137750567 1.5491577719961644 1.0000000180025095e-35 -1.4774537546159487 0.052099810912977731 -0.93326208388144316 1.0000000180025095e-35 -0.404221786727199 0.17167403101947368 1.0000000180025095e-35 0.18329930241871614 1.0000000180025095e-35 1.0000000180025095e-35 1.0000000180025095e-35 1.6480834987232911 1.7012275965484005 1.0000000180025095e-35 1.0000000180025095e-35 1.4886512052479632 0.12481851042704518 1.0000000180025095e-35 1.0000000180025095e-35 -1.2588253436686703 -1.4940612851862953 1.5000000000000002 1.2235945122089373 1.0000000180025095e-35 1.0000000180025095e-35 -1.3113784489124822 -1.4791145076729835 -0.81117586146123299 1.0000000180025095e-35 1.0000000180025095e-35 0.24690473284725542 1.0000000180025095e-35 1.0000000180025095e-35 -1.4924005321292608 0.68982898481428911 1.0000000180025095e-35 0.38923268149101481 0.34439234895107901 1.0000000180025095e-35 0.81664043747490311 1.0000000180025095e-35 1.3192543934304275 0.28760014032065884 1.0000000180025095e-35 1.0000000180025095e-35 -0.93326208388144316 -1.500704297414434 1.4886512052479632 1.0000000180025095e-35 -0.31824812080575254 1.3607732198562941 -1.4840967668440872 -0.81117586146123299 1.0000000180025095e-35 -1.2588253436686703
decision_type=2 2 2 2 2 2 2 2 2 2 2 2 2 2 2 2 2 2 2 2 2 2 2 2 2 2 2 2 2 2 2 2 2 2 2 2 2 2 2 2 2 2 2 2 2 2 2 2 2 2 2 2 2 2 2 2 2 2 2 2 2 2
left_child=3 4 -3 5 7 35 15 26 32 -10 -11 -5 13 -13 -14 42 31 23 20 -20 21 -19 -23 -16 25 44 -2 -28 41 46 -31 -15 33 50 -35 58 39 38 -38 40 -37 -8 43 -4 -25 -46 47 48 49 -22 51 52 -6 -54 57 -56 -9 -32 59 -1 -48 -58
right_child=1 2 6 11 8 -7 28 56 9 10 -12 12 14 16 17 -17 -18 18 19 -21 29 22 -24 24 -26 -27 27 -29 -30 30 54 -33 -34 34 -36 36 37 -39 -40 -41 -42 -43 -44 -45 45 -47 60 -49 -50 -51 -52 -53 53 -55 55 -57 61 -59 -60 -61 -62 -63
leaf_value=0.035343561570632911 0.04584470860492304 0.077776995645504027 0.04585909006226091 0.062896623123335479 0.042429229921125466 -0.12327932602805028 0.036151262613561247 0.068382542525623966 0.037918198066165955 -0.16630163220944938 0.019957888613476291 -0.17045100811084957 0.11470322504286301 -0.15979414830620167 0.038210635242048603 0.063718948645055604 0.072742129182394075 0.029753299090959136 -0.21571385973772236 0.032950348937274436 0.019704981022886852 -0.19822591681165944 0.00016489198244243677 0.068618097990538793 0.055263963331382726 -0.14723889265156911 0.035865587567881815 -0.1128001028372792 0.037223613052501846 -0.066030666515910108 0.006543551840777876 0.010483631141412569 0.038006682110394478 -0.11815015039679011 0.0083216908261697902 -0.014350233272782599 -0.046508453373771921 -0.12985467766362532 0.10467964030804884 0.098492519524742528 -0.13204856318047264 -0.066718763416467999 0.049103936866493177 -0.062489702084655686 0.054293351074793328 -0.13831311286180578 0.093351488286877018 0.078249491389248027 0.044200404504426166 -0.17123338418662593 0.071441637983747738 0.049668463118677952 -0.071727870591860574 -0.21559219837433333 -0.12545607883544796 0.078486207625379723 0.071183267611073173 0.071515357884866779 0.0024765746488857945 -0.12138218100675158 0.04291359865534175 0.0030761312293687039
leaf_weight=0.50529697118327022 4.0284738526679575 46.768612388987094 0.86006413400173076 2.374008221318948 0.86659014970064163 0.60561204329133111 0.561385994311421 18.793637158349163 0.74548008153215051 0.493065132992341 0.39381904387846589 0.55503174755722517 0.65165593754500406 0.21514206915162504 1.0906901811249583 28.26358421286568 0.59688108786940575 1.2541379428002977 0.3184021017514177 0.60467525944113731 0.54469531308859431 0.46798758464865375 0.53083350625820458 0.44304751395247899 0.74890505289658893 0.98901750682853162 1.0541560407727955 0.55362813640386122 4.6217545042745769 0.7404034922365107 1.2044519176706678 0.3464344940148294 18.280556742567569 0.52578770834952593 0.96791377034970227 0.76274756342172656 0.50894412584602855 0.30595117760822166 0.61870642239227891 0.19003058504313219 1.1554339060094214 0.81395580107346177 3.1540668597444892 0.81639656936749816 0.2334869047626853 0.28226892626844347 2.3060132618993521 1.5450447187758984 1.2916577514261005 0.46181207336485386 1.0619479296728971 1.3316804897040129 0.33238427061587572 0.27575781475752592 0.47892808308824886 0.51657056086696684 1.0500893732532861 1.7348674612585453 9.358888174640013 0.62058980017900001 2.2104786732234061 1.4752778508700384
leaf_count=18 84 715 18 48 20 133 13 314 18 50 19 66 6 33 32 493 12 36 38 23 15 47 22 13 29 153 25 31 106 44 53 27 440 35 44 80 44 50 11 5 210 36 65 36 8 46 28 25 28 33 17 29 16 26 36 14 17 37 533 133 50 44
internal_value=0.0458977 0.0574596 0.0666176 0.00534404 0.0424049 -0.0172487 0.0532666 0.0565562 0.0273128 -0.0281006 -0.0835935 0.0187076 0.0140167 -0.047817 0.0191475 0.0587485 0.0109386 0.0160338 0.0233899 -0.0528228 0.0279916 -0.0245743 -0.0927891 -0.0154517 -0.0371554 -0.0726892 0.0283952 -0.0153263 0.0230157 0.0370771 0.0135867 -0.0547504 0.0311388 0.00772444 -0.0361968 -0.0126707 -0.0404978 0.000953242 0.0364437 -0.0686849 -0.0852469 -0.0247294 0.029666 -0.0069042 0.0042098 -0.0511186 0.0502142 0.0285299 -0.00489636 -0.0679026 0.0246839 0.00699071 -0.0315472 -0.136962 0.0285681 -0.0196291 0.0640013 0.0448917 -0.00327061 -0.0510438 0.068666 0.0313962
internal_weight=177.46 138.09 85.8598 39.3697 52.2302 14.6322 39.0912 26.9553 25.275 1.63236 0.886884 24.7375 22.3635 1.71349 20.65 33.0941 1.15846 19.9984 16.211 0.923077 15.2879 2.25296 0.998821 3.78742 2.69673 1.94782 5.63626 1.60778 5.9971 13.0349 4.67522 0.561577 23.6426 5.36206 1.4937 14.0266 3.54181 1.4336 1.12765 2.10821 1.91818 1.37534 4.83053 1.67646 0.958803 0.515756 8.3597 3.84321 2.29817 1.00651 3.86836 2.80641 1.47473 0.608142 3.93482 0.995499 21.319 2.93932 10.4848 1.12589 4.51649 2.52537
internal_count=4930 2711 1482 2219 1229 1217 767 515 714 87 69 1002 954 138 816 612 72 810 529 61 468 105 69 281 249 220 140 56 155 363 184 60 627 187 79 1084 400 105 55 295 290 49 119 54 67 54 179 101 76 48 108 91 62 42 140 50 375 90 684 151 78 61
is_linear=0
shrinkage=0.1


Tree=19
num_leaves=63
num_cat=0
split_feature=16 21 8 3 11 3 3 3 11 4 11 3 11 3 11 3 3 5 11 3 3 9 10 5 9 11 3 11 3 11 1 12 0 20 11 3 4 5 11 13 10 3 2 11 11 22 11 19 11 22 10 3 3 0 11 12 6 4 11 7 21 3
split_gain=7.3332 1.87795 0.987335 0.814093 0.838093 0.643878 0.611569 0.579756 0.48299 0.47582 0.57992 0.445804 0.442131 0.43953 0.621852 0.737385 0.428997 0.932768 0.909818 0.606311 1.18496 0.836773 0.404708 1.7565 0.977013 0.866456 0.786492 0.527063 0.897811 0.636038 1.02465 0.477993 0.368043 0.523187 1.67401 0.441378 1.0881 0.365015 0.648367 0.522335 0.357157 0.623367 0.817101 0.62239 0.440778 0.406827 0.378828 0.35076 0.321836 0.318018 0.355667 0.579374 0.536806 0.497302 0.602028 0.314006 0.50192 0.373437 0.390168 0.311585 0.30982 0.358484
threshold=1.0000000180025095e-35 1.0000000180025095e-35 1.0000000180025095e-35 -1.1367391212484601 0.79611718046450786 1.5491577719961644 -1.2181299361952669 -0.16004934188677863 -0.9875316027907225 1.0000000180025095e-35 -1.143642390151981 0.65385880758128956 0.1666917718483695 -0.404221786727199 -0.18372712318594475 1.5491577719961644 0.45038177021427245 1.0000000180025095e-35 -0.32987339220499518 -0.16004934188677863 -0.32283097178039222 1.0000000180025095e-35 1.0000000180025095e-35 1.0000000180025095e-35 1.0000000180025095e-35 1.6480834987232911 1.5898531794695678 1.2395382466927636 1.4270715495759543 1.0319441145634303 1.0000000180025095e-35 1.5000000000000002 1.0000000180025095e-35 1.0000000180025095e-35 1.7012275965484005 0.93872665989511328 1.0000000180025095e-35 1.0000000180025095e-35 -1.0713996321709731 1.0000000180025095e-35 1.0000000180025095e-35 -0.93326208388144316 1.0000000180025095e-35 -0.30330134329244057 0.28792674501190024 1.0000000180025095e-35 -1.4890790260151914 1.0000000180025095e-35 0.83597525383333993 1.0000000180025095e-35 1.0000000180025095e-35 0.24690473284725542 1.0000000180025095e-35 1.0000000180025095e-35 -1.4924005321292608 1.5000000000000002 1.0000000180025095e-35 1.0000000180025095e-35 0.18329930241871614 1.0000000180025095e-35 1.0000000180025095e-35 0.12481851042704518
decision_type=2 2 2 2 2 2 2 2 2 2 2 2 2 2 2 2 2 2 2 2 2 2 2 2 2 2 2 2 2 2 2 2 2 2 2 2 2 2 2 2 2 2 2 2 2 2 2 2 2 2 2 2 2 2 2 2 2 2 2 2 2 2
left_child=2 3 5 8 16 49 -3 -6 -2 12 -11 -12 37 -4 15 -15 19 18 -18 20 40 -22 23 24 -16 27 -27 28 29 31 -31 48 33 35 -35 -25 -37 39 -39 -8 43 -42 55 46 -44 -45 -5 -30 -24 -1 53 52 -52 54 -51 56 57 58 -43 -9 61 -33
right_child=1 6 13 4 7 -7 9 59 -10 10 11 -13 -14 14 22 -17 17 -19 -20 -21 21 -23 25 32 -26 26 -28 -29 47 30 -32 60 -34 34 -36 36 -38 38 -40 -41 41 42 44 45 -46 -47 -48 -49 -50 50 51 -53 -54 -55 -56 -57 -58 -59 -60 -61 -62 -63
leaf_value=-0.0029834466850110391 0.036910261553501258 0.080286433137940441 0.058899048942376422 -0.032815464879193186 0.074619825167647078 -0.12148404144621883 0.0022219971855603256 0.042582698621228841 0.068241353861760931 -0.67247896476377245 0.047464498347871836 -0.021716549716143244 0.068742970166300529 -0.15374604727663665 0.0045764508493605872 0.070367513460834016 -0.023367028274712015 0.025650126017217875 -0.25985422916162637 0.054208126996690878 -0.17287256471533474 0.020151875545296218 0.030578616119706078 0.063408679977158031 -0.21382855857162131 -0.2375732045651652 0.0044409914465288703 0.043433068786877908 -0.14869843060824109 0.022898600464971407 -0.15670482009320297 0.027762046372659156 0.072181984498162807 -0.18760148194340509 0.13549174205165607 0.074422179021678164 -0.17460909842418829 0.085503296364084824 -0.043054587803629876 0.065689710934593082 0.06129385198530532 -0.10597528694734458 -0.15067221230216354 -0.10878382501012779 -0.0062900961398292604 -0.0003965275662011176 0.034808875500513717 -0.017105559599098409 0.094022114124765646 -0.012915146560946479 -0.041995404098046883 -0.12697512507940645 0.09806110343586176 0.092340636282333827 -0.12932900012690321 0.054679105153071589 0.067908378281784504 0.039306683014769042 0.010708488030045961 -0.015651930561162822 0.045344357443055788 -0.096455539647844687
leaf_weight=10.424558590166265 7.7466626130044487 19.554495121818036 2.2914432710967985 1.0482529918663197 6.4103652206249535 0.55507259909063655 1.6008873153477869 4.4982415609993023 13.485434337519107 0.011506253853440174 6.7886578915640703 1.0796029577031729 35.853427569847554 0.45700165652670577 0.31778080970980127 0.21629525534808636 0.40765815600752842 1.3695362193975598 0.27071430766954929 5.7141773747280267 0.5448978622443964 0.38205483509227633 1.769947334658361 1.2409975437913097 0.5762096531689167 0.23743149684741993 0.30908453301526606 8.967178196879102 0.46385727543383826 0.91490460466593482 0.4865851984359324 0.40252982126548864 0.99217824544757593 0.45323538430966426 0.2481682300567627 0.3979509463533758 0.31380706047639251 0.61075496859848488 1.0968240243382759 6.8246311866678298 4.6856266190297973 0.70219075842759815 0.4236606117337941 0.69949562940747323 0.42211389122530818 0.68584191566333175 3.9496053894981746 0.35957322455942631 1.4584212345071135 0.7617355051916096 0.50733461091294907 0.28249719995073963 0.59414563607424498 0.18244023132137943 1.0657614001538611 2.306230356451124 0.83547011343762267 0.58439536718651641 0.48416018998250365 1.1546210786327717 0.65695474715903401 0.54946458456106484
leaf_count=684 180 294 48 42 100 133 51 98 232 2 146 38 614 55 21 8 17 41 25 134 45 14 75 30 65 22 23 233 69 24 33 11 23 67 3 10 48 8 44 116 88 43 29 39 14 23 106 37 19 80 44 50 11 5 210 47 15 13 14 39 20 58
internal_value=0.0432951 0.0544728 0.00485885 0.0411575 0.0323139 -0.0158814 0.0651387 0.0540333 0.05681 0.0596397 0.0369348 0.0379722 0.0635302 0.0172383 0.0128572 -0.08175 0.0220457 -0.0218483 -0.117741 0.025876 0.0167572 -0.0933152 0.0158738 -0.0105782 -0.136194 0.0231193 -0.100701 0.0273409 0.006908 0.0198614 -0.0394582 0.0370477 0.0202196 0.000794956 -0.0732857 0.0274037 -0.0353732 0.0450863 0.0029271 0.0536306 0.0228208 0.0342105 0.0121721 0.00418547 -0.0786132 -0.0551243 0.0206253 -0.0912348 0.0592393 -0.0116395 -0.0382268 0.000785228 0.033552 -0.0650892 -0.0808055 0.0278025 0.00401955 -0.0261244 -0.0583556 0.030688 -0.00747983 -0.0439329
internal_weight=170.687 132.232 38.4545 58.8114 37.5793 14.3735 73.4208 12.0632 21.2321 53.8663 7.87977 7.86826 45.9865 24.081 21.7896 0.673297 25.5161 2.04791 0.678372 23.4682 17.754 0.926953 21.1163 4.54033 0.89399 16.5759 0.546516 16.0294 7.06224 6.23881 1.40149 4.83732 3.64634 2.65416 0.701404 1.95276 0.711758 10.1331 1.70758 8.42552 16.827 10.4438 5.75822 6.3832 0.845775 1.38534 4.99786 0.82343 3.22837 13.8185 3.39391 1.38398 1.10148 2.00994 1.8275 4.91245 2.60622 1.77075 1.18635 5.65286 1.60895 0.951994
internal_count=4930 2711 2219 1398 986 1217 1313 237 412 1019 186 184 833 1002 954 63 749 83 42 666 532 59 891 267 86 624 45 579 346 240 57 183 181 158 70 88 58 219 52 167 473 263 175 210 43 62 148 106 94 1084 400 105 55 295 290 132 85 70 57 137 89 69
is_linear=0
shrinkage=0.1


end of trees

feature_importances:
MonthlyCharges=407
tenure=370
PaperlessBilling=42
PaymentMethod_Electronic_check=36
PhoneCategory=34
Partner=32
OnlineSecurity=29
OnlineBackup=29
Contract_One_year=28
PaymentMethod_Mailed_check=28
TechSupport=26
SeniorCitizen=25
StreamingMovies=24
PaymentMethod_Bank_transfer_(automatic)=21
Dependents=20
Contract_Month-to-month=20
InternetService_Fiber_optic=18
StreamingTV=13
InternetService_DSL=12
PaymentMethod_Credit_card_(automatic)=11
DeviceProtection=10
Contract_Two_year=5

parameters:
[boosting: gbdt]
[objective: custom]
[metric: custom]
[tree_learner: serial]
[device_type: cpu]
[data_sample_strategy: bagging]
[data: ]
[valid: ]
[num_iterations: 20]
[learning_rate: 0.1]
[num_leaves: 63]
[num_threads: -1]
[seed: 2026]
[deterministic: 0]
[force_col_wise: 0]
[force_row_wise: 0]
[histogram_pool_size: -1]
[max_depth: -1]
[min_data_in_leaf: 20]
[min_sum_hessian_in_leaf: 0.001]
[bagging_fraction: 1]
[pos_bagging_fraction: 1]
[neg_bagging_fraction: 1]
[bagging_freq: 0]
[bagging_seed: 26038]
[bagging_by_query: 0]
[feature_fraction: 1]
[feature_fraction_bynode: 1]
[feature_fraction_seed: 28694]
[extra_trees: 0]
[extra_seed: 4728]
[early_stopping_round: 0]
[early_stopping_min_delta: 0]
[first_metric_only: 0]
[max_delta_step: 0]
[lambda_l1: 0]
[lambda_l2: 0]
[linear_lambda: 0]
[min_gain_to_split: 0]
[drop_rate: 0.1]
[max_drop: 50]
[skip_drop: 0.5]
[xgboost_dart_mode: 0]
[uniform_drop: 0]
[drop_seed: 5409]
[top_rate: 0.2]
[other_rate: 0.1]
[min_data_per_group: 100]
[max_cat_threshold: 32]
[cat_l2: 10]
[cat_smooth: 10]
[max_cat_to_onehot: 4]
[top_k: 20]
[monotone_constraints: ]
[monotone_constraints_method: basic]
[monotone_penalty: 0]
[feature_contri: ]
[forcedsplits_filename: ]
[refit_decay_rate: 0.9]
[cegb_tradeoff: 1]
[cegb_penalty_split: 0]
[cegb_penalty_feature_lazy: ]
[cegb_penalty_feature_coupled: ]
[path_smooth: 0]
[interaction_constraints: ]
[verbosity: -1]
[saved_feature_importance_type: 0]
[use_quantized_grad: 0]
[num_grad_quant_bins: 4]
[quant_train_renew_leaf: 0]
[stochastic_rounding: 1]
[linear_tree: 0]
[max_bin: 255]
[max_bin_by_feature: ]
[min_data_in_bin: 3]
[bin_construct_sample_cnt: 200000]
[data_random_seed: 6654]
[is_enable_sparse: 1]
[enable_bundle: 1]
[use_missing: 1]
[zero_as_missing: 0]
[feature_pre_filter: 1]
[pre_partition: 0]
[two_round: 0]
[header: 0]
[label_column: ]
[weight_column: ]
[group_column: ]
[ignore_column: ]
[categorical_feature: ]
[forcedbins_filename: ]
[precise_float_parser: 0]
[parser_config_file: ]
[objective_seed: 199]
[num_class: 1]
[is_unbalance: 0]
[scale_pos_weight: 1]
[sigmoid: 1]
[boost_from_average: 1]
[reg_sqrt: 0]
[alpha: 0.9]
[fair_c: 1]
[poisson_max_delta_step: 0.7]
[tweedie_variance_power: 1.5]
[lambdarank_truncation_level: 30]
[lambdarank_norm: 1]
[label_gain: ]
[lambdarank_position_bias_regularization: 0]
[eval_at: ]
[multi_error_top_k: 1]
[auc_mu_weights: ]
[num_machines: 1]
[local_listen_port: 12400]
[time_out: 120]
[machine_list_filename: ]
[machines: ]
[gpu_platform_id: -1]
[gpu_device_id: -1]
[gpu_use_dp: 0]
[num_gpu: 1]

end of parameters

pandas_categorical:[]
