SeniorCitizen,Partner,Dependents,tenure,OnlineSecurity,OnlineBackup,DeviceProtection,TechSupport,StreamingTV,StreamingMovies,PaperlessBilling,MonthlyCharges,PhoneCategory,InternetService_DSL,InternetService_Fiber optic,InternetService_No,Contract_Month-to-month,Contract_One year,Contract_Two year,PaymentMethod_Bank transfer (automatic),PaymentMethod_Credit card (automatic),PaymentMethod_Electronic check,PaymentMethod_Mailed check
1,0,0,-1.2791730474053722,0,0,0,0,0,0,1,0.38674155190546283,2,0,1,0,1,0,0,0,0,1,0
0,1,1,-0.9129143801447416,0,0,0,0,0,0,1,-1.494891661714813,1,0,0,1,1,0,0,1,0,0,0
1,0,0,-1.2384776399319688,0,0,1,0,0,0,0,-0.4934575683229097,1,1,0,0,1,0,0,0,0,0,1
1,0,0,-0.22109245309688375,0,1,1,0,0,0,1,0.7188921633123959,2,0,1,0,1,0,0,1,0,0,0
0,1,1,0.06377539921694006,0,0,1,0,1,0,0,0.7521072244530892,2,0,1,0,1,0,0,0,0,1,0
0,0,0,-1.0756960100383552,0,0,0,0,0,0,0,-1.4832663903155703,1,0,0,1,1,0,0,1,0,0,0
0,1,0,-0.5059603054107076,1,1,0,1,1,0,1,1.054364280833398,1,0,1,0,1,0,0,0,0,1,0
1,0,0,-1.2791730474053722,0,0,0,0,0,0,1,0.1608791361487485,1,0,1,0,1,0,0,0,0,1,0
1,0,0,-0.9943051950915484,0,0,1,0,1,1,1,0.9065572587573127,1,0,1,0,1,0,0,0,0,1,0
0,1,0,1.6102008832062693,0,1,1,1,1,1,1,1.4413197431224751,2,0,1,0,0,0,1,0,0,1,0
0,0,0,-0.953609787618145,0,0,0,0,0,0,0,-1.4799448842015008,1,0,0,1,1,0,0,0,0,0,1
1,1,0,1.6102008832062693,1,1,1,1,1,1,1,1.6920934547347095,2,0,1,0,0,0,1,0,1,0,0
0,0,0,-0.9129143801447416,0,0,0,0,0,0,1,-1.3553884049239011,2,0,0,1,1,0,0,0,0,1,0
0,1,1,1.3253330308924456,1,1,1,1,1,1,0,0.8882889751299315,2,1,0,0,0,0,1,1,0,0,0
0,0,0,-0.4652648979373042,0,0,0,0,1,1,1,1.0809363297459527,2,0,1,0,1,0,0,0,0,1,0
0,0,0,-1.1977822324585654,0,0,0,0,0,0,0,-1.4799448842015008,1,0,0,1,0,1,0,0,0,0,1
0,1,0,-0.8722189726713382,0,0,0,0,0,0,1,-0.6894264290530003,1,1,0,0,1,0,0,0,0,1,0
0,1,1,1.5288100682594625,0,0,0,0,0,0,0,-1.3537276518668664,2,0,0,1,0,0,1,0,0,0,1
0,1,0,-1.1977822324585654,0,0,0,0,0,0,0,-1.4600158475170848,1,0,0,1,1,0,0,0,0,0,1
0,0,0,-0.8722189726713382,0,1,1,1,0,1,1,0.976308887152769,1,0,1,0,1,0,0,0,0,1,0
0,0,0,0.10447080669034346,0,0,0,0,1,0,0,-0.3257215095624086,1,1,0,0,1,0,0,0,0,0,1
0,1,1,-1.0756960100383552,0,0,0,0,0,0,0,-1.4932309086577782,1,0,0,1,1,0,0,0,1,0,0
0,0,0,-1.2791730474053722,0,0,0,0,0,0,0,-1.5031954269999863,1,0,0,1,1,0,0,0,0,0,1
0,1,1,0.10447080669034346,1,0,0,1,0,0,1,-0.3273822626194432,1,1,0,0,0,1,0,1,0,0,0
0,0,0,0.2672524365839571,0,0,0,0,0,0,1,0.27713185014117503,2,0,1,0,1,0,0,0,1,0,0
1,0,0,-0.26178786057028713,0,0,0,0,0,1,1,0.4647969455860919,1,0,1,0,1,0,0,0,0,1,0
0,1,1,1.2439422159456388,0,1,0,0,0,1,1,0.8816459629017928,2,0,1,0,0,1,0,0,0,1,0
0,0,0,1.6102008832062693,1,1,0,0,0,0,0,-0.16794996914411542,2,1,0,0,0,0,1,1,0,0,0
0,1,1,-0.01761541572986675,0,0,0,0,0,0,1,-1.5065169331140555,1,0,0,1,1,0,0,0,1,0,0
1,1,1,-0.8315235651979348,0,0,0,1,0,0,1,-1.1793485808782267,0,1,0,0,1,0,0,0,0,0,1
0,1,1,-0.953609787618145,0,0,0,0,0,0,0,-1.4766233780874316,1,0,0,1,0,0,1,0,0,0,1
0,1,1,1.4067238458392524,1,1,0,0,0,0,0,-0.9518254120644775,0,1,0,0,0,0,1,1,0,0,0
0,0,0,-0.7908281577245314,0,0,0,0,0,1,1,-0.9867012262622052,0,1,0,0,1,0,0,0,0,1,0
0,0,0,-0.8315235651979348,0,0,0,0,0,0,0,-1.4865878964296397,1,0,0,1,0,1,0,0,1,0,0
0,1,0,0.7962927337382013,1,0,1,0,1,0,1,-0.016821440953960976,1,1,0,0,0,1,0,0,0,0,1
0,1,0,0.8369881412116047,1,1,1,0,1,1,1,1.3715681147270191,1,0,1,0,0,1,0,1,0,0,0
0,0,0,0.2672524365839571,0,0,0,1,0,1,0,-0.1828967466574275,1,1,0,0,0,1,0,0,0,1,0
1,0,0,-0.9129143801447416,0,1,0,0,0,0,1,0.2671673317989667,1,0,1,0,1,0,0,0,0,1,0
0,1,1,-0.13970163815007697,0,0,0,0,0,0,0,-1.4816056372585356,1,0,0,1,0,0,1,0,0,0,1
0,0,0,0.9590743636318149,1,1,0,0,0,0,1,0.7172314102553613,2,0,1,0,1,0,0,0,0,1,0
0,0,0,1.569505475732866,1,1,1,1,1,1,1,1.7103617383620908,2,0,1,0,0,1,0,1,0,0,0
0,0,0,-0.01761541572986675,1,1,0,1,1,1,1,1.4396589900654406,2,0,1,0,1,0,0,0,1,0,0
1,1,1,1.4474192533126558,0,0,0,0,0,0,0,-1.5048561800570208,1,0,0,1,0,1,0,1,0,0,0
1,1,1,0.5928156963711843,0,1,0,0,1,0,1,0.6690695716013559,1,0,1,0,0,1,0,1,0,0,0
0,1,1,1.0404651785786216,0,0,0,0,1,0,0,0.5876926718066572,2,0,1,0,0,0,1,1,0,0,0
1,0,0,0.10447080669034346,0,0,1,0,1,1,1,1.215457327365761,2,0,1,0,1,0,0,0,0,1,0
0,0,0,-1.2791730474053722,0,0,0,0,0,0,0,-0.6761404045967229,1,1,0,0,1,0,0,0,0,0,1
0,1,0,1.5288100682594625,1,1,1,0,1,0,1,1.1473664520273392,2,0,1,0,0,0,1,0,1,0,0
0,1,0,0.7555973262647979,0,0,0,0,0,0,0,0.14427160557840182,1,0,1,0,1,0,0,0,0,0,1
0,1,1,-0.42456949046390074,0,0,0,0,0,1,1,0.5096372781260282,1,0,1,0,1,0,0,0,0,1,0
0,1,1,-0.4652648979373042,1,0,1,0,1,1,1,-0.29416720147874986,0,1,0,0,0,1,0,0,0,1,0
1,0,0,-0.22109245309688375,1,1,1,0,1,1,1,1.5177143837460698,2,0,1,0,0,1,0,1,0,0,0
0,1,1,-1.1977822324585654,0,1,1,0,1,0,1,0.14427160557840182,2,1,0,0,1,0,0,1,0,0,0
0,1,0,0.5928156963711843,0,1,1,0,1,1,0,0.29207862765448667,1,1,0,0,0,0,1,0,0,1,0
0,0,0,-1.2791730474053722,0,0,0,0,1,0,1,-0.9651114365207547,0,1,0,0,1,0,0,0,0,1,0
0,1,1,-1.157086824985162,0,1,0,1,0,0,0,-0.27589891785136866,1,1,0,0,1,0,0,0,0,0,1
0,0,0,-1.0756960100383552,0,0,0,0,0,0,0,-0.666175886254515,1,1,0,0,1,0,0,0,0,1,0
0,1,0,0.5114248814243775,1,0,1,0,0,0,1,0.6557835471450785,2,0,1,0,1,0,0,0,0,0,1
0,0,0,-0.26178786057028713,1,1,0,0,1,0,1,0.9165217770995211,2,0,1,0,1,0,0,0,1,0,0
0,0,0,1.2439422159456388,0,1,1,1,1,1,1,1.4961245940046188,2,0,1,0,1,0,0,0,1,0,0
0,0,1,-1.2791730474053722,0,0,0,0,0,0,1,-1.5148206983992287,1,0,0,1,1,0,0,0,0,0,1
0,1,0,0.38933865900416725,1,0,1,0,0,1,1,0.9829518993809078,2,0,1,0,1,0,0,0,0,1,0
0,1,1,0.5928156963711843,0,0,0,0,0,0,0,-1.4865878964296397,1,0,0,1,0,0,1,0,1,0,0
0,1,0,0.7555973262647979,0,1,0,1,1,1,1,0.4598146864149882,2,1,0,0,0,1,0,0,1,0,0
0,0,0,0.8369881412116047,1,1,1,1,0,1,0,1.1523487111984434,1,0,1,0,0,0,1,0,0,0,1
0,1,0,-0.09900623067667355,0,0,0,0,0,0,0,-1.4649981066881888,1,0,0,1,0,1,0,0,1,0,0
0,1,1,-1.157086824985162,0,1,1,0,0,0,1,0.6640873124302518,2,0,1,0,1,0,0,1,0,0,0
0,1,1,-0.7908281577245314,0,0,0,0,0,0,1,0.31865067656704166,2,0,1,0,1,0,0,0,1,0,0
0,0,1,1.1625514009988318,0,0,0,0,0,0,0,-1.4965524147718476,1,0,0,1,0,0,1,0,0,0,1
0,0,0,1.5288100682594625,0,0,0,1,0,1,1,-0.8222866736157736,0,1,0,0,0,0,1,0,0,0,1
0,0,0,1.569505475732866,0,0,0,0,0,0,1,-1.4915701556007437,1,0,0,1,0,0,1,0,1,0,0
0,1,1,0.6335111038445876,0,1,1,0,0,0,1,-0.29914946064985404,1,1,0,0,0,1,0,0,1,0,0
0,0,0,0.4300340664775707,0,0,0,0,0,0,1,-1.2989228009847222,2,0,0,1,0,0,1,0,1,0,0
0,1,1,0.8776835486850081,0,0,0,0,0,0,1,-1.3304771090683811,2,0,0,1,0,1,0,1,0,0,0
0,1,1,-0.01761541572986675,1,1,0,0,0,1,1,0.8633776792744116,1,0,1,0,0,1,0,0,0,1,0
0,1,1,-1.157086824985162,0,0,0,1,0,1,0,-0.11148436520493671,1,1,0,0,1,0,0,0,1,0,0
0,0,0,1.4881146607860591,0,1,1,1,1,1,1,1.5177143837460698,2,0,1,0,0,0,1,1,0,0,0
1,0,0,-1.2791730474053722,0,0,0,0,0,0,1,0.1558968769776443,1,0,1,0,1,0,0,1,0,0,0
1,1,1,1.569505475732866,1,1,0,0,1,1,1,1.3383530535863257,2,0,1,0,1,0,0,0,1,0,0
1,1,0,-0.7908281577245314,0,1,0,1,0,1,1,0.8052513222781983,1,0,1,0,1,0,0,1,0,0,0
0,1,1,-0.38387408299049736,1,0,0,1,0,0,0,-0.25264837505288323,1,1,0,0,0,1,0,0,1,0,0
0,0,1,-1.157086824985162,0,0,1,1,1,1,1,1.1058476256014727,1,0,1,0,1,0,0,1,0,0,0
0,0,0,-1.2791730474053722,0,0,0,0,0,0,1,-0.48847530915180576,2,1,0,0,1,0,0,0,0,1,0
0,0,0,-0.34317867551709397,0,0,0,0,0,0,1,-1.5031954269999863,1,0,0,1,0,0,1,1,0,0,0
0,1,0,1.4067238458392524,1,1,0,1,0,1,1,-0.4602425071822164,0,1,0,0,0,0,1,1,0,0,0
1,0,0,-0.8722189726713382,0,0,0,0,1,1,0,0.8268411120196492,1,0,1,0,1,0,0,1,0,0,0
0,1,1,-1.0756960100383552,0,1,1,0,0,0,1,-0.31575699122020073,1,1,0,0,1,0,0,0,0,0,1
0,0,0,0.023079991743536653,1,0,0,1,1,0,1,0.8019298161641292,1,0,1,0,0,0,1,0,0,1,0
0,0,0,-1.2791730474053722,0,1,0,0,0,0,0,-0.348972052360894,2,1,0,0,1,0,0,0,0,1,0
0,1,0,-0.6280465278309177,0,1,1,0,1,1,1,1.2536546476775579,2,0,1,0,1,0,0,0,0,1,0
0,1,0,-0.6687419353043211,0,0,0,0,0,0,1,0.351865737707735,2,0,1,0,1,0,0,0,0,1,0
0,1,0,-0.8315235651979348,1,0,1,0,1,1,0,0.4664576986431265,2,1,0,0,0,1,0,0,0,1,0
0,1,0,1.081160586052025,0,1,0,1,1,1,1,1.1706169948258247,1,0,1,0,0,0,1,0,0,0,1
0,0,0,0.7962927337382013,1,1,0,1,1,1,1,1.5426256796015898,2,0,1,0,0,1,0,0,1,0,0
0,1,1,1.6102008832062693,1,1,0,0,1,1,1,1.3067987455026675,2,0,1,0,0,1,0,0,0,1,0
1,0,0,-0.6687419353043211,0,0,0,0,0,0,0,0.1608791361487485,1,0,1,0,1,0,0,0,0,1,0
0,0,0,-0.3024832680436906,0,0,0,0,0,1,1,0.6640873124302518,2,0,1,0,1,0,0,0,0,1,0
0,1,1,0.06377539921694006,0,0,0,0,0,0,0,-1.4616766005741197,1,0,0,1,1,0,0,0,0,0,1
0,0,0,-1.1977822324585654,0,0,0,0,0,0,0,-0.666175886254515,1,1,0,0,1,0,0,0,0,0,1
0,1,0,-0.38387408299049736,0,0,0,1,1,1,1,0.29373938071152167,2,1,0,0,1,0,0,0,1,0,0
1,1,0,1.6102008832062693,1,1,1,1,1,1,1,-0.0566795143227928,0,1,0,0,0,0,1,1,0,0,0
0,0,0,-0.42456949046390074,0,0,0,0,0,0,0,-1.5015346739429516,1,0,0,1,0,1,0,0,0,0,1
0,0,0,-1.2791730474053722,0,0,0,1,0,0,0,-0.5233511233495338,1,1,0,0,1,0,0,0,0,0,1
1,0,0,0.4300340664775707,1,1,0,1,1,1,1,1.4396589900654406,1,0,1,0,1,0,0,0,1,0,0
0,1,1,-0.6687419353043211,0,0,0,0,0,1,1,-0.973415201805928,0,1,0,0,1,0,0,0,1,0,0
0,0,0,-0.38387408299049736,0,0,0,0,0,0,1,0.3369189601944229,2,0,1,0,1,0,0,0,0,1,0
0,1,1,0.8369881412116047,1,1,0,1,0,0,0,-0.02180370012506469,2,1,0,0,0,1,0,1,0,0,0
0,1,1,0.06377539921694006,1,1,1,1,1,1,0,0.6624265593732171,1,1,0,0,0,0,1,0,0,0,1
0,0,0,-0.42456949046390074,1,0,0,0,1,1,1,1.2137965743087258,2,0,1,0,1,0,0,1,0,0,0
0,1,1,-0.8722189726713382,0,0,0,0,0,0,0,-1.4683196128022582,1,0,0,1,0,1,0,0,0,0,1
0,1,1,0.9997697711052183,0,0,0,0,0,0,1,-1.4849271433726048,1,0,0,1,0,0,1,1,0,0,0
0,0,0,0.5928156963711843,0,0,0,0,0,0,0,-1.4832663903155703,1,0,0,1,0,0,1,0,0,0,1
0,0,0,-0.546655712884111,0,0,0,0,0,0,0,-1.4915701556007437,1,0,0,1,1,0,0,0,0,0,1
0,0,0,-1.1977822324585654,0,0,0,0,0,0,0,-1.4932309086577782,1,0,0,1,1,0,0,0,0,0,1
0,1,0,1.366028438365849,1,0,1,0,1,1,1,1.3699073616699844,2,0,1,0,0,0,1,0,1,0,0
1,1,0,-0.13970163815007697,0,0,1,0,1,1,1,1.11913365005775,2,0,1,0,1,0,0,0,0,1,0
0,0,0,-1.1977822324585654,0,0,0,0,1,0,1,-0.15134243857376875,2,1,0,0,1,0,0,0,0,1,0
0,0,0,1.081160586052025,0,0,0,0,0,0,0,-1.5098384392281248,1,0,0,1,0,0,1,0,0,0,1
0,1,0,-1.2791730474053722,0,0,0,0,0,0,1,0.32529368879517995,2,0,1,0,1,0,0,1,0,0,0
1,1,0,0.4300340664775707,0,1,1,0,1,1,1,1.26860142519087,2,0,1,0,1,0,0,0,0,1,0
0,1,1,-1.2384776399319688,0,1,0,0,0,0,1,0.29041787459745205,1,0,1,0,1,0,0,1,0,0,0
1,1,0,1.0404651785786216,0,0,0,1,1,1,1,1.1822422662250676,2,0,1,0,1,0,0,1,0,0,0
0,1,0,1.569505475732866,0,0,0,0,0,0,1,-1.3470846396387277,2,0,0,1,0,0,1,0,1,0,0
0,1,1,0.7555973262647979,1,1,0,0,0,0,1,0.4764222169853349,1,0,1,0,1,0,0,1,0,0,0
0,1,0,-0.42456949046390074,1,0,0,0,1,0,1,-0.16794996914411542,1,1,0,0,0,1,0,1,0,0,0
1,1,0,-1.0350006025649519,0,0,0,0,0,0,1,0.31865067656704166,2,0,1,0,1,0,0,0,0,0,1
0,1,1,-0.38387408299049736,0,1,0,1,0,0,0,-0.16961072220114998,2,1,0,0,0,0,1,0,0,0,1
0,1,1,0.9997697711052183,0,0,0,0,0,0,0,-1.4965524147718476,1,0,0,1,0,0,1,1,0,0,0
0,1,0,-0.5873511203575144,0,0,1,1,0,0,0,0.44486790890167616,1,0,1,0,1,0,0,0,0,1,0
0,0,0,1.3253330308924456,1,1,1,0,1,1,1,1.535982667373451,2,0,1,0,1,0,0,0,1,0,0
0,0,0,0.5521202888977809,0,0,1,0,1,1,1,1.2054928090235526,2,0,1,0,0,1,0,0,0,1,0
0,1,1,-0.6280465278309177,0,0,0,0,0,0,1,-1.3171910846121038,2,0,0,1,0,0,1,0,0,0,1
0,0,0,-1.2791730474053722,0,0,1,0,0,0,0,-0.3473112993038592,2,1,0,0,1,0,0,0,0,1,0
1,0,0,-1.2791730474053722,0,0,0,0,1,1,1,0.8799852098447583,1,0,1,0,1,0,0,0,0,1,0
0,0,0,-0.42456949046390074,1,1,0,0,0,0,0,-0.19286126499963538,2,1,0,0,1,0,0,0,0,1,0
1,1,0,-1.2791730474053722,1,0,0,0,0,0,1,-0.5067435927791872,1,1,0,0,1,0,0,0,0,1,0
0,0,0,0.22655702911055367,0,1,0,1,0,1,0,0.11105654443770853,2,1,0,0,1,0,0,0,1,0,0
1,0,0,-0.5873511203575144,0,1,0,0,0,0,1,0.32861519490924956,1,0,1,0,1,0,0,0,0,1,0
0,1,0,-0.8722189726713382,0,0,0,0,1,0,1,-0.324060756505374,1,1,0,0,1,0,0,1,0,0,0
0,1,1,1.6102008832062693,1,1,1,1,1,1,1,0.901574999586209,2,1,0,0,0,0,1,0,1,0,0
0,0,0,1.3253330308924456,1,1,0,1,0,0,1,0.8318233711907528,2,0,1,0,0,1,0,0,0,1,0
0,0,0,-0.34317867551709397,0,1,1,0,1,1,1,-0.35395431153199797,0,1,0,0,1,0,0,0,1,0,0
0,0,0,-1.2791730474053722,0,0,1,0,0,0,0,0.2887571215404175,1,0,1,0,1,0,0,1,0,0,0
1,1,0,-0.09900623067667355,0,1,1,0,0,0,1,0.4930297475556815,1,0,1,0,1,0,0,0,0,0,1
0,0,0,-1.1163914175117586,0,1,0,0,1,1,1,1.0443997624911903,1,0,1,0,1,0,0,0,0,1,0
0,1,1,0.2672524365839571,0,1,1,1,0,0,1,0.821858852848545,2,0,1,0,0,1,0,0,0,1,0
0,1,0,-0.6687419353043211,1,1,0,0,0,0,0,0.5295663148104439,1,0,1,0,1,0,0,1,0,0,0
0,1,0,0.06377539921694006,0,0,0,0,0,0,0,-1.3321378621254156,2,0,0,1,1,0,0,0,0,1,0
0,0,0,-1.2791730474053722,0,0,0,0,0,0,0,-1.4865878964296397,1,0,0,1,1,0,0,0,0,0,1
0,1,0,0.9590743636318149,0,0,0,0,0,0,0,-1.4899094025437087,1,0,0,1,0,1,0,0,1,0,0
0,1,1,1.5288100682594625,1,1,1,1,1,1,1,1.7186655036472642,2,0,1,0,0,0,1,0,1,0,0
0,0,0,-0.18039704562348036,0,1,1,0,1,1,1,1.358282090270742,2,0,1,0,1,0,0,0,0,1,0
0,1,1,-0.5873511203575144,0,0,0,0,1,0,0,-0.29416720147874986,1,1,0,0,1,0,0,0,0,0,1
0,1,1,0.9590743636318149,0,0,0,0,0,0,1,-1.3238340968402422,2,0,0,1,0,0,1,0,1,0,0
0,1,1,-1.0756960100383552,0,0,0,0,0,0,0,-1.4982131678288821,1,0,0,1,0,1,0,0,0,0,1
0,0,0,-0.5873511203575144,0,1,1,0,0,0,0,0.43158188444539863,1,0,1,0,1,0,0,0,0,1,0
1,1,0,0.9183789561584115,0,0,0,0,0,0,0,-0.4369919643837312,2,1,0,0,1,0,0,1,0,0,0
0,0,0,-1.1163914175117586,0,1,0,0,1,1,1,-0.4602425071822164,0,1,0,0,1,0,0,0,1,0,0
0,0,1,-1.2791730474053722,0,0,0,0,1,0,1,0.48306522921347317,1,0,1,0,1,0,0,0,0,1,0
1,1,0,1.2032468084722354,0,1,1,0,1,1,1,1.29351272104639,2,0,1,0,0,1,0,0,0,1,0
0,1,0,-0.7908281577245314,0,0,1,0,1,1,1,0.3485442315936654,2,1,0,0,0,1,0,0,0,0,1
0,1,0,-1.2791730474053722,0,0,1,0,0,0,0,0.37843778662028954,1,0,1,0,1,0,0,0,0,1,0
1,0,0,0.18586162163715025,0,0,0,0,1,1,1,1.054364280833398,2,0,1,0,1,0,0,0,0,1,0
1,0,0,-1.2791730474053722,0,0,0,0,0,0,1,0.21402323397385759,1,0,1,0,1,0,0,0,0,1,0
0,0,0,-0.6280465278309177,0,0,1,0,0,0,1,0.3933845641336016,1,0,1,0,1,0,0,0,0,1,0
1,1,1,0.06377539921694006,0,1,1,1,1,1,1,1.4645702859209606,2,0,1,0,1,0,0,0,0,1,0
0,0,0,-0.546655712884111,0,0,0,0,0,0,0,-1.4799448842015008,1,0,0,1,0,1,0,0,1,0,0
0,0,0,0.3079478440573605,0,0,0,1,0,0,1,-0.4552602480111124,1,1,0,0,1,0,0,0,0,1,0
0,0,1,1.366028438365849,0,1,1,1,1,1,1,0.48804748838457734,1,1,0,0,0,0,1,0,1,0,0
0,0,0,-0.7908281577245314,0,0,1,0,1,1,0,-0.5200296172354645,0,1,0,0,1,0,0,0,0,1,0
0,1,1,-0.09900623067667355,1,1,1,1,0,0,0,0.09278826081032683,2,1,0,0,1,0,0,0,0,1,0
1,0,0,-1.157086824985162,0,1,0,0,1,1,1,-0.4602425071822164,0,1,0,0,1,0,0,0,1,0,0
1,0,0,0.6742065113179911,1,1,1,1,0,1,0,0.5494953514948597,2,1,0,0,0,0,1,0,1,0,0
0,0,0,0.10447080669034346,0,0,1,1,1,1,1,1.14404494591327,1,0,1,0,0,1,0,0,0,1,0
0,1,0,-0.750132750251128,0,0,0,0,0,0,0,-1.4749626250303969,1,0,0,1,0,0,1,0,0,0,1
0,1,1,-1.2384776399319688,0,0,1,1,0,1,0,0.8368056303618571,1,0,1,0,1,0,0,0,1,0,0
0,0,0,1.2439422159456388,1,1,1,1,1,1,1,0.7271959285975692,1,1,0,0,0,0,1,1,0,0,0
0,1,1,1.0404651785786216,0,1,1,0,1,1,1,1.3416745597003954,2,0,1,0,0,1,0,0,1,0,0
0,1,1,-0.6280465278309177,0,0,0,0,1,0,0,0.5328878209245131,1,0,1,0,1,0,0,0,0,1,0
1,1,0,-0.9129143801447416,1,0,0,0,0,0,0,0.3485442315936654,1,0,1,0,1,0,0,0,0,1,0
0,1,1,-0.8722189726713382,0,0,0,0,0,0,0,-1.4998739208859169,1,0,0,1,0,0,1,0,0,0,1
0,0,1,-0.7094373427777246,0,0,0,0,0,0,0,0.13928934640729765,1,0,1,0,1,0,0,1,0,0,0
0,0,0,-0.9943051950915484,1,0,0,0,0,0,0,-1.1776878278211917,0,1,0,0,1,0,0,0,0,0,1
1,1,0,0.7962927337382013,0,1,1,0,1,1,1,1.3848541391832965,2,0,1,0,0,1,0,0,0,1,0
1,0,0,0.4707294739509741,0,1,1,0,0,1,0,0.8085728283922679,1,0,1,0,0,1,0,0,1,0,0
0,1,1,0.34864325153076386,1,0,0,1,1,1,1,0.32861519490924956,1,1,0,0,0,1,0,0,1,0,0
0,0,0,-1.2791730474053722,0,0,0,0,0,0,0,0.1758259136620601,1,0,1,0,1,0,0,0,0,1,0
0,0,0,-1.2791730474053722,0,0,0,0,0,0,1,0.17416516060502552,1,0,1,0,1,0,0,0,0,1,0
1,0,0,0.023079991743536653,0,0,0,0,0,0,1,-1.3254948498972772,2,0,0,1,0,1,0,1,0,0,0
0,0,0,0.18586162163715025,0,0,0,0,0,0,0,-1.4932309086577782,1,0,0,1,0,0,1,0,0,0,1
0,1,1,-1.0350006025649519,0,0,0,0,0,0,0,-1.4666588597452237,1,0,0,1,0,1,0,0,0,0,1
0,1,1,-0.9943051950915484,0,0,0,0,0,0,0,-1.4533728352889463,1,0,0,1,1,0,0,0,1,0,0
0,0,0,-0.5873511203575144,1,0,0,0,0,0,0,-0.5117258519502912,1,1,0,0,1,0,0,0,0,1,0
1,1,0,-0.22109245309688375,0,1,1,1,1,1,1,0.6640873124302518,2,1,0,0,1,0,0,1,0,0,0
0,0,1,-1.2791730474053722,0,0,0,0,0,0,1,0.18745118506130304,1,0,1,0,1,0,0,0,0,0,1
0,0,0,-1.1163914175117586,0,1,1,0,1,1,0,1.3449960658144644,2,0,1,0,1,0,0,0,0,1,0
1,0,0,0.4707294739509741,0,0,1,0,0,0,0,0.30038239293965996,1,0,1,0,1,0,0,0,0,1,0
0,0,0,-0.9129143801447416,0,0,0,0,0,0,1,-1.469980365859293,1,0,0,1,1,0,0,0,0,0,1
0,0,0,-1.1977822324585654,0,0,0,0,0,0,0,-1.4932309086577782,1,0,0,1,1,0,0,0,0,0,1
0,1,1,-1.0350006025649519,1,1,1,0,0,0,0,-0.8721092653268135,0,1,0,0,0,0,1,0,0,0,1
0,1,1,0.4707294739509741,0,1,1,0,0,1,0,0.9829518993809078,2,0,1,0,0,1,0,0,0,1,0
1,0,0,-0.4652648979373042,0,0,0,0,1,1,1,0.9779696402098036,2,0,1,0,1,0,0,0,0,1,0
0,1,1,-1.1163914175117586,0,1,0,0,0,1,1,0.6242292390614197,1,0,1,0,1,0,0,0,0,1,0
0,1,0,1.2439422159456388,0,1,1,1,1,1,1,1.476195557320203,2,0,1,0,0,0,1,1,0,0,0
0,1,1,-0.5873511203575144,1,0,1,0,1,0,1,0.7670540019664013,1,0,1,0,1,0,0,0,0,0,1
0,1,0,0.6742065113179911,0,0,0,0,0,0,0,-1.5214637106273676,1,0,0,1,0,1,0,0,1,0,0
1,0,0,-1.1163914175117586,0,0,1,0,0,0,0,-0.4801715438666324,1,1,0,0,1,0,0,0,0,1,0
0,0,0,-1.157086824985162,1,0,0,0,0,0,1,-0.4735285316384939,1,1,0,0,1,0,0,1,0,0,0
0,1,1,0.8776835486850081,0,0,0,0,0,0,1,-1.4766233780874316,1,0,0,1,0,0,1,1,0,0,0
1,1,0,-0.26178786057028713,0,0,1,0,1,0,1,0.6939808674568759,1,0,1,0,1,0,0,0,1,0,0
1,1,0,-1.2791730474053722,0,0,0,0,0,0,1,0.15755763003467887,1,0,1,0,1,0,0,0,0,1,0
0,1,1,0.4300340664775707,1,0,1,1,1,1,1,-0.14636017940266483,0,1,0,0,0,1,0,0,1,0,0
0,0,0,-0.5873511203575144,0,0,0,0,0,0,0,0.31034691128186837,2,0,1,0,1,0,0,0,0,0,1
0,1,0,-1.2791730474053722,0,0,0,0,0,0,1,-1.3736566885512822,0,1,0,0,1,0,0,0,0,1,0
0,0,0,-1.1163914175117586,0,1,0,1,0,1,1,0.026358138528940225,1,1,0,0,1,0,0,1,0,0,0
0,1,0,1.6102008832062693,1,1,1,1,1,1,1,1.6837896894495363,2,0,1,0,0,0,1,1,0,0,0
1,0,0,-1.2791730474053722,0,0,0,0,0,0,1,0.3120076643389029,2,0,1,0,1,0,0,0,0,1,0
0,0,1,0.34864325153076386,0,0,0,0,0,0,0,-0.6512291087412029,1,1,0,0,1,0,0,1,0,0,0
0,1,1,-0.4652648979373042,0,1,1,0,1,1,0,1.3151025107878407,2,0,1,0,1,0,0,0,0,1,0
0,1,0,1.081160586052025,1,1,1,1,1,1,0,1.625663332453323,2,0,1,0,0,0,1,0,0,1,0
1,0,0,-1.157086824985162,0,1,1,0,1,1,1,1.1623132295406513,1,0,1,0,1,0,0,0,1,0,0
0,0,0,-1.2791730474053722,0,0,0,0,0,0,1,-1.4799448842015008,1,0,0,1,1,0,0,0,0,0,1
0,0,0,-1.2791730474053722,0,0,0,0,1,0,1,0.659105053259148,2,0,1,0,1,0,0,0,0,0,1
0,0,1,-1.2791730474053722,0,0,0,0,0,0,1,0.1608791361487485,1,0,1,0,1,0,0,0,0,1,0
0,0,0,0.8776835486850081,0,1,0,0,1,1,1,1.075954070574849,2,0,1,0,0,0,1,1,0,0,0
0,1,0,0.8776835486850081,0,0,0,0,0,0,0,-1.4865878964296397,1,0,0,1,0,0,1,0,1,0,0
0,0,0,-0.750132750251128,0,1,0,0,0,1,1,0.7139099041412917,1,0,1,0,1,0,0,0,0,1,0
0,0,0,-0.7094373427777246,0,0,0,0,0,0,0,-1.3205125907261732,2,0,0,1,0,0,1,1,0,0,0
1,0,0,-1.1163914175117586,0,0,0,0,0,0,1,0.22066624620199632,1,0,1,0,1,0,0,0,0,0,1
0,1,1,1.5288100682594625,0,0,0,0,0,0,0,-1.3088873193269304,2,0,0,1,0,0,1,0,0,0,1
0,0,0,-1.2384776399319688,0,1,1,1,0,0,1,-0.8106614022165308,0,1,0,0,1,0,0,0,1,0,0
0,0,0,1.366028438365849,1,1,1,1,1,1,1,0.8384663834188916,2,1,0,0,0,0,1,0,1,0,0
0,0,0,-0.8722189726713382,0,1,0,0,0,0,0,0.3369189601944229,1,0,1,0,1,0,0,0,0,1,0
0,1,1,0.10447080669034346,0,0,0,0,0,0,0,-1.4716411189163277,1,0,0,1,0,0,1,1,0,0,0
1,1,0,-0.8315235651979348,1,0,1,1,1,1,1,0.47808297004236944,1,1,0,0,0,1,0,0,0,1,0
0,0,0,-0.9943051950915484,0,0,0,0,0,0,1,-1.4816056372585356,1,0,0,1,0,1,0,1,0,0,0
0,1,1,-1.0756960100383552,0,0,0,0,0,0,0,-1.3088873193269304,2,0,0,1,0,0,1,0,0,0,1
0,1,1,0.2672524365839571,0,0,0,0,0,0,1,-1.3138695784980343,0,1,0,0,0,1,0,0,1,0,0
0,1,1,0.5521202888977809,0,0,0,0,0,0,0,-1.3254948498972772,2,0,0,1,0,1,0,0,0,1,0
0,1,0,0.9997697711052183,1,1,1,0,1,1,1,-0.20116503028480873,0,1,0,0,1,0,0,1,0,0,0
0,0,0,-0.953609787618145,0,0,0,0,1,1,1,0.8633776792744116,1,0,1,0,1,0,0,1,0,0,0
0,0,0,0.10447080669034346,1,0,1,1,1,1,1,1.4662310389779951,2,0,1,0,0,0,1,0,0,1,0
1,1,0,-0.5873511203575144,0,0,1,0,1,1,1,-0.546601666148019,0,1,0,0,1,0,0,0,0,1,0
0,0,0,-0.34317867551709397,0,1,1,1,0,0,1,0.7022846327420492,1,0,1,0,1,0,0,0,0,1,0
0,1,1,0.8369881412116047,0,0,0,0,0,0,1,-1.5081776861710903,1,0,0,1,0,0,1,0,0,0,1
0,1,1,0.5521202888977809,0,0,0,0,0,0,0,-1.4899094025437087,1,0,0,1,0,0,1,0,1,0,0
0,1,1,1.5288100682594625,1,1,0,0,1,0,1,1.0875793419740913,2,0,1,0,1,0,0,0,1,0,0
0,0,0,0.023079991743536653,0,1,0,0,1,1,1,1.16895624176879,2,0,1,0,1,0,0,0,0,1,0
0,1,1,1.6102008832062693,1,0,1,1,1,0,0,-0.5283333825206378,0,1,0,0,0,0,1,0,0,0,1
0,1,0,0.38933865900416725,0,0,0,0,0,0,0,-1.4766233780874316,1,0,0,1,1,0,0,0,1,0,0
0,0,0,-0.13970163815007697,0,0,0,1,0,0,1,-1.1162399647109091,0,1,0,0,1,0,0,0,0,1,0
1,1,0,-0.34317867551709397,1,0,0,0,0,0,1,0.4664576986431265,2,0,1,0,1,0,0,0,0,1,0
0,1,0,-1.2384776399319688,0,0,0,0,0,0,1,0.19575495034647636,1,0,1,0,1,0,0,0,0,1,0
0,0,0,1.2032468084722354,0,0,1,0,1,1,1,1.0610072930615368,2,0,1,0,0,1,0,0,0,1,0
0,0,1,-0.9943051950915484,1,0,0,1,0,1,1,-0.6728188984826537,0,1,0,0,0,0,1,0,0,0,1
0,0,0,0.5928156963711843,0,1,1,0,1,1,1,1.3815326330692275,2,0,1,0,1,0,0,0,0,1,0
0,0,0,0.6335111038445876,0,1,1,1,1,1,0,0.46811845170016153,1,1,0,0,0,0,1,0,1,0,0
0,1,1,1.5288100682594625,1,1,1,1,1,0,0,0.5279055617534094,2,1,0,0,0,0,1,0,0,1,0
0,0,0,-0.8722189726713382,0,0,0,0,0,0,0,-1.315530331555069,2,0,0,1,0,1,0,0,0,1,0
0,0,0,-1.2791730474053722,0,0,0,0,0,0,0,-1.5048561800570208,1,0,0,1,1,0,0,0,0,0,1
0,1,0,-1.2384776399319688,0,0,1,0,1,0,1,0.8849674690158624,2,0,1,0,1,0,0,0,0,1,0
0,0,0,-1.2384776399319688,0,0,1,0,0,1,0,-0.13141340188935274,1,1,0,0,1,0,0,0,0,1,0
0,0,0,0.34864325153076386,0,1,1,0,1,1,1,0.5229233025823052,2,1,0,0,0,1,0,0,0,1,0
0,0,1,-0.13970163815007697,0,0,0,0,0,0,0,-1.4932309086577782,1,0,0,1,0,1,0,0,0,0,1
0,0,0,-1.1163914175117586,0,0,1,0,1,1,0,1.0527035277763634,1,0,1,0,1,0,0,1,0,0,0
1,1,0,-0.18039704562348036,0,0,0,1,1,1,1,1.2121358212516913,2,0,1,0,1,0,0,0,1,0,0
0,0,0,-1.1163914175117586,0,1,0,0,1,1,1,-0.4585817541251818,0,1,0,0,1,0,0,0,0,0,1
1,1,0,-0.7094373427777246,0,0,0,0,0,1,1,0.6906593613428063,2,0,1,0,1,0,0,1,0,0,0
0,1,1,0.9183789561584115,0,0,0,0,0,0,0,-1.5048561800570208,1,0,0,1,0,1,0,0,0,0,1
1,0,0,-0.9943051950915484,0,0,1,0,1,1,1,0.9846126524379423,1,0,1,0,1,0,0,0,1,0,0
0,1,1,1.6102008832062693,1,1,1,1,1,1,1,0.7554287305671583,2,1,0,0,0,0,1,1,0,0,0
1,0,0,-1.157086824985162,0,0,0,0,1,1,1,0.9796303932668381,2,0,1,0,1,0,0,0,0,1,0
0,0,0,1.2032468084722354,1,0,0,1,0,1,1,0.009750607958593572,1,1,0,0,0,0,1,0,0,0,1
0,1,0,-0.750132750251128,0,1,1,1,1,1,0,0.569424388179276,1,1,0,0,0,0,1,0,0,0,1
1,0,0,1.4067238458392524,1,1,1,1,1,1,1,1.7037187261339521,2,0,1,0,0,0,1,0,1,0,0
0,1,0,-0.953609787618145,0,0,1,0,1,1,1,-0.5333156416917417,0,1,0,0,1,0,0,0,0,1,0
0,1,1,1.6102008832062693,1,1,0,0,1,0,1,1.0327744910919476,2,0,1,0,0,0,1,1,0,0,0
0,0,0,-1.157086824985162,0,1,0,0,0,0,0,0.4365641436165028,2,0,1,0,1,0,0,1,0,0,0
0,0,0,-1.1977822324585654,0,0,0,0,0,0,1,-1.4799448842015008,1,0,0,1,1,0,0,0,0,1,0
1,1,0,-1.1163914175117586,0,0,0,0,0,0,0,0.17416516060502552,1,0,1,0,1,0,0,0,0,1,0
0,1,1,1.4881146607860591,1,1,1,1,0,0,0,-0.616353294543475,0,1,0,0,0,0,1,1,0,0,0
0,0,0,-0.26178786057028713,0,0,0,1,1,0,0,-0.1779144874863233,1,1,0,0,0,1,0,0,1,0,0
0,1,1,0.10447080669034346,1,0,1,1,1,1,1,1.398140163639574,1,0,1,0,1,0,0,0,0,1,0
0,0,0,-1.0350006025649519,0,0,0,0,1,0,0,-0.33070376873351254,1,1,0,0,1,0,0,0,0,0,1
0,0,0,0.7555973262647979,0,1,1,1,1,1,1,1.550929444886763,2,0,1,0,0,1,0,0,0,1,0
0,0,0,-1.2791730474053722,0,0,0,0,0,0,1,-0.6545506148552722,1,1,0,0,1,0,0,1,0,0,0
0,1,1,0.38933865900416725,0,0,0,0,0,0,1,-1.519802957570333,1,0,0,1,0,1,0,0,0,1,0
0,1,1,0.06377539921694006,0,0,0,0,0,0,0,-1.5015346739429516,1,0,0,1,0,1,0,0,1,0,0
0,1,0,0.4707294739509741,0,1,1,1,1,0,1,0.20405871563164968,1,1,0,0,0,1,0,0,0,1,0
0,0,0,-0.13970163815007697,0,0,0,0,0,0,1,-1.3271556029543117,0,1,0,0,0,1,0,0,0,0,1
0,0,0,-1.2791730474053722,0,0,0,0,0,0,1,-0.6346215781708562,1,1,0,0,1,0,0,0,0,0,1
0,0,0,-0.6687419353043211,0,0,0,1,0,0,1,-0.5100650988932564,1,1,0,0,1,0,0,0,0,0,1
0,1,0,1.569505475732866,0,0,1,1,0,1,1,-0.5897812456309205,0,1,0,0,0,0,1,0,0,1,0
0,0,0,-0.09900623067667355,1,0,0,1,1,1,0,1.3815326330692275,2,0,1,0,1,0,0,1,0,0,0
0,1,1,-1.0756960100383552,0,0,0,0,0,0,0,-1.5065169331140555,1,0,0,1,0,1,0,0,0,0,1
0,1,1,-1.2791730474053722,0,0,0,0,0,0,1,0.19409419728944177,1,0,1,0,1,0,0,0,0,0,1
0,1,1,1.3253330308924456,0,0,0,0,0,0,0,-1.4915701556007437,1,0,0,1,0,0,1,0,0,0,1
0,1,1,-0.6687419353043211,1,0,1,0,1,1,0,1.1922067845672755,1,0,1,0,1,0,0,1,0,0,0
0,0,0,-0.5873511203575144,0,0,0,1,1,1,1,1.1639739825976858,2,0,1,0,1,0,0,1,0,0,0
1,1,0,-0.6280465278309177,0,1,0,0,0,0,1,0.38674155190546283,1,0,1,0,1,0,0,0,0,1,0
0,0,0,-0.750132750251128,1,0,0,0,0,0,0,-0.48847530915180576,1,1,0,0,1,0,0,1,0,0,0
0,0,0,-1.2384776399319688,0,0,0,0,0,0,0,0.13762859335026306,1,0,1,0,1,0,0,0,0,1,0
0,0,1,-0.9129143801447416,0,0,1,1,1,0,1,0.8733421976166195,1,0,1,0,1,0,0,0,0,1,0
0,1,1,0.14516621416374687,0,1,1,0,1,0,1,1.0809363297459527,2,0,1,0,1,0,0,1,0,0,0
0,0,0,-0.5873511203575144,0,0,0,0,0,0,1,-0.48183229692366725,2,1,0,0,1,0,0,0,0,1,0
0,0,0,1.4067238458392524,0,0,0,0,0,0,1,-1.3022443070987917,2,0,0,1,0,0,1,1,0,0,0
0,0,0,-0.8722189726713382,0,0,0,0,0,0,0,-1.3836212068934903,2,0,0,1,1,0,0,0,1,0,0
0,1,0,-0.8722189726713382,0,0,0,0,0,0,1,-0.6279785659427177,1,1,0,0,1,0,0,1,0,0,0
0,1,1,1.366028438365849,0,0,0,0,0,0,1,-1.3122088254409998,2,0,0,1,0,0,1,0,1,0,0
0,1,0,-0.42456949046390074,0,0,0,0,1,0,1,0.5046550189549239,1,0,1,0,1,0,0,0,1,0,0
0,1,1,-0.8315235651979348,0,0,0,0,0,0,1,-1.3088873193269304,2,0,0,1,0,0,1,1,0,0,0
0,1,1,-0.7908281577245314,1,0,0,0,0,0,1,-0.4934575683229097,1,1,0,0,1,0,0,0,0,0,1
0,1,1,-1.1163914175117586,0,0,0,0,0,0,0,-1.3205125907261732,0,1,0,0,1,0,0,0,0,0,1
0,0,0,-1.2791730474053722,0,0,0,0,0,0,1,-1.4865878964296397,1,0,0,1,1,0,0,0,0,0,1
0,0,0,-1.2791730474053722,0,0,0,0,0,0,1,-1.5048561800570208,1,0,0,1,1,0,0,0,0,0,1
0,1,0,-0.05831082320327015,1,1,0,1,0,0,1,0.8550739139892383,2,0,1,0,1,0,0,0,1,0,0
0,0,1,1.2032468084722354,0,0,1,0,1,1,1,1.1739385009398942,2,0,1,0,0,1,0,0,0,1,0
1,0,0,0.10447080669034346,1,0,0,0,1,1,1,1.1374019336851313,2,0,1,0,1,0,0,0,0,1,0
0,1,1,1.1625514009988318,1,1,0,1,0,1,1,-0.4685462724673897,0,1,0,0,0,1,0,1,0,0,0
0,1,0,1.3253330308924456,1,1,1,0,0,0,0,0.0745199771829456,2,1,0,0,0,1,0,0,1,0,0
1,1,0,1.3253330308924456,1,0,1,0,1,1,0,1.34333531275743,2,0,1,0,1,0,0,1,0,0,0
0,1,0,0.6335111038445876,0,0,1,1,0,1,1,0.15755763003467887,2,1,0,0,0,1,0,0,0,0,1
0,0,0,-0.8315235651979348,0,1,0,0,1,0,1,0.8285018650766837,2,0,1,0,1,0,0,1,0,0,0
0,1,1,-0.5059603054107076,0,0,1,1,0,1,1,1.0194884666356703,2,0,1,0,1,0,0,1,0,0,0
1,1,0,-1.1977822324585654,0,0,0,0,1,1,1,0.989594911609046,2,0,1,0,1,0,0,0,0,1,0
0,1,1,1.6102008832062693,1,1,0,1,0,1,1,1.09422235420223,2,0,1,0,0,0,1,0,1,0,0
0,1,0,0.18586162163715025,0,0,1,1,0,1,1,0.8484309017610995,1,0,1,0,1,0,0,0,0,1,0
0,1,1,0.023079991743536653,0,0,0,0,0,0,0,-1.4849271433726048,1,0,0,1,0,1,0,0,1,0,0
1,0,0,-1.2384776399319688,0,1,1,1,0,1,1,1.0062024421793927,1,0,1,0,1,0,0,0,1,0,0
1,0,0,0.6335111038445876,0,1,0,0,1,1,1,1.1357411806280968,2,0,1,0,0,1,0,0,0,1,0
1,0,0,1.4881146607860591,0,0,0,0,0,0,0,-1.4782841311444663,1,0,0,1,0,0,1,0,1,0,0
1,0,0,-0.7094373427777246,0,0,0,0,0,1,1,0.48472598227050817,1,0,1,0,1,0,0,0,0,1,0
0,1,1,1.2846376234190422,1,0,1,1,1,0,0,0.14759311169247097,1,1,0,0,0,0,1,0,0,0,1
0,0,0,-1.2791730474053722,0,0,0,0,0,0,0,-1.5181422045132982,1,0,0,1,1,0,0,0,0,0,1
0,1,1,1.6102008832062693,0,0,0,0,0,0,1,-1.4649981066881888,1,0,0,1,0,0,1,0,0,0,1
0,1,1,-0.38387408299049736,0,0,0,0,0,0,0,-1.3437631335246583,2,0,0,1,0,1,0,0,0,0,1
0,1,0,0.14516621416374687,0,0,0,0,1,1,1,1.0028809360653235,2,0,1,0,1,0,0,1,0,0,0
0,1,0,0.5928156963711843,0,1,1,0,1,1,1,1.3051379924456323,2,0,1,0,1,0,0,0,0,1,0
0,0,0,-1.1163914175117586,0,0,0,0,1,0,1,0.6773733368865292,2,0,1,0,1,0,0,0,0,1,0
0,1,0,1.081160586052025,1,1,1,1,0,1,1,1.4014616697536433,2,0,1,0,0,1,0,0,1,0,0
0,0,0,-0.38387408299049736,0,0,0,0,0,0,1,-1.4782841311444663,1,0,0,1,1,0,0,1,0,0,0
0,0,0,-1.1163914175117586,0,0,0,0,1,0,1,0.6375152635176972,2,0,1,0,1,0,0,0,0,1,0
1,1,0,1.6102008832062693,1,1,1,0,1,1,0,0.6524620410310092,2,1,0,0,0,0,1,0,1,0,0
0,1,1,0.22655702911055367,0,1,1,0,1,0,1,0.9912556646660811,2,0,1,0,1,0,0,0,0,1,0
0,1,1,1.4067238458392524,1,0,0,0,1,1,0,-0.4619032602392512,0,1,0,0,0,0,1,0,1,0,0
0,0,0,-0.953609787618145,0,0,0,0,0,0,0,-1.4799448842015008,1,0,0,1,1,0,0,0,0,0,1
1,0,0,0.10447080669034346,0,0,1,0,1,1,1,1.1374019336851313,2,0,1,0,1,0,0,0,0,1,0
0,0,0,-1.157086824985162,0,0,0,0,0,1,1,-0.2958279545357847,1,1,0,0,1,0,0,0,0,1,0
0,0,0,1.2439422159456388,0,0,1,1,1,0,1,0.8384663834188916,1,0,1,0,0,1,0,0,1,0,0
0,1,1,0.06377539921694006,1,0,0,0,0,0,0,-1.1428120136234639,0,1,0,0,0,1,0,1,0,0,0
0,1,1,0.2672524365839571,0,0,0,0,0,0,0,-1.315530331555069,2,0,0,1,0,0,1,0,0,0,1
0,0,0,1.569505475732866,1,1,1,1,1,0,0,-0.3605973237601365,0,1,0,0,0,0,1,1,0,0,0
0,0,1,-0.9943051950915484,0,0,0,0,0,0,0,-1.4865878964296397,1,0,0,1,1,0,0,0,0,0,1
0,1,1,1.2846376234190422,0,1,1,1,0,1,0,-0.49677907443697905,0,1,0,0,0,0,1,0,0,1,0
1,1,0,-1.2384776399319688,0,0,1,0,1,1,1,1.0194884666356703,1,0,1,0,1,0,0,0,1,0,0
0,0,0,-1.2791730474053722,0,0,0,0,0,0,0,-0.6479076026271338,1,1,0,0,1,0,0,0,0,1,0
0,1,1,-0.18039704562348036,0,1,1,1,1,0,0,0.9331293076698678,1,0,1,0,0,1,0,1,0,0,0
0,1,0,0.9590743636318149,0,0,1,1,1,1,0,1.2752444374190086,2,0,1,0,0,0,1,1,0,0,0
0,0,1,-0.38387408299049736,0,0,0,1,0,0,1,-0.5100650988932564,1,1,0,0,0,1,0,0,0,1,0
0,1,1,0.10447080669034346,0,0,0,0,0,0,0,-1.4998739208859169,1,0,0,1,0,1,0,0,0,0,1
0,0,0,0.7149019187913945,0,0,0,0,0,0,0,-1.4832663903155703,1,0,0,1,0,1,0,0,1,0,0
0,1,0,-1.2384776399319688,1,1,0,0,1,0,0,0.8484309017610995,1,0,1,0,1,0,0,0,0,1,0
0,1,0,1.6102008832062693,1,1,1,1,1,1,1,1.6854504425065708,2,0,1,0,0,0,1,0,1,0,0
0,1,1,0.8369881412116047,0,1,1,1,1,1,1,1.4429804961795099,1,0,1,0,1,0,0,1,0,0,0
1,1,0,1.6102008832062693,1,1,1,0,1,1,1,0.6408367696317664,2,1,0,0,0,0,1,0,1,0,0
0,1,1,1.366028438365849,1,1,1,0,0,0,1,0.08780600163922311,2,1,0,0,1,0,0,1,0,0,0
0,0,0,1.6102008832062693,1,0,1,1,1,1,0,0.6474797818599051,2,1,0,0,0,0,1,0,1,0,0
0,1,0,0.5928156963711843,1,0,1,0,1,0,1,0.0413049160422523,1,1,0,0,0,1,0,0,1,0,0
0,1,1,1.4881146607860591,0,0,0,0,0,0,0,-1.4915701556007437,1,0,0,1,0,0,1,1,0,0,0
1,0,0,-0.5873511203575144,0,0,1,1,1,0,0,0.9663443688105611,2,0,1,0,1,0,0,1,0,0,0
1,0,0,-0.9943051950915484,0,0,1,0,1,1,0,1.2137965743087258,2,0,1,0,1,0,0,0,0,1,0
0,0,0,-0.4652648979373042,0,1,1,1,1,1,1,1.3200847699589444,1,0,1,0,0,1,0,0,0,0,1
1,1,0,1.4474192533126558,0,1,0,0,0,1,1,0.8235196059055795,2,0,1,0,1,0,0,1,0,0,0
0,0,0,1.5288100682594625,1,1,1,1,1,1,1,1.565876222400075,2,0,1,0,0,0,1,0,1,0,0
0,0,0,-0.9129143801447416,0,1,1,0,0,1,1,1.0111847013504969,2,0,1,0,1,0,0,0,0,1,0
0,0,0,-0.3024832680436906,0,0,0,0,1,0,1,0.657444300202113,2,0,1,0,1,0,0,0,0,0,1
0,1,0,1.6102008832062693,0,0,0,0,0,0,0,-1.4649981066881888,1,0,0,1,0,0,1,1,0,0,0
0,0,0,-1.2791730474053722,0,0,0,0,0,0,0,-1.4649981066881888,1,0,0,1,1,0,0,0,0,1,0
0,0,0,1.2846376234190422,0,0,1,0,1,1,1,1.1706169948258247,2,0,1,0,0,1,0,0,1,0,0
0,1,0,-0.8315235651979348,0,1,0,0,0,0,1,-0.45027798884000847,1,1,0,0,1,0,0,0,0,1,0
1,1,0,1.569505475732866,1,1,1,1,1,1,1,1.491142334833515,1,0,1,0,0,0,1,1,0,0,0
1,0,0,1.569505475732866,1,1,1,1,1,1,0,0.8318233711907528,2,1,0,0,0,0,1,0,0,0,1
0,0,0,-1.2791730474053722,1,0,0,0,0,0,0,-1.1660625564219491,0,1,0,0,1,0,0,0,0,0,1
0,1,0,1.4067238458392524,0,0,0,0,0,0,0,-1.4998739208859169,1,0,0,1,0,0,1,0,0,0,1
0,1,0,-0.4652648979373042,0,0,0,0,1,0,0,-0.3390075340186859,1,1,0,0,1,0,0,1,0,0,0
0,1,1,1.4067238458392524,1,1,0,0,0,0,1,-0.35229355847496313,1,1,0,0,0,0,1,1,0,0,0
0,0,0,-0.546655712884111,0,0,0,1,0,1,1,0.7604109897382625,1,0,1,0,0,1,0,0,1,0,0
0,0,0,-0.953609787618145,0,0,0,1,1,1,1,1.0327744910919476,1,0,1,0,1,0,0,1,0,0,0
0,1,0,1.0404651785786216,1,1,1,0,1,1,1,1.522696642917174,2,0,1,0,0,1,0,0,1,0,0
0,1,1,-0.34317867551709397,0,0,0,0,0,0,1,-1.4517120822319116,1,0,0,1,0,0,1,0,1,0,0
0,0,0,-1.2791730474053722,0,0,0,0,0,1,1,0.5312270678674785,1,0,1,0,1,0,0,0,0,1,0
1,1,0,0.18586162163715025,0,0,0,0,0,0,0,-1.5015346739429516,1,0,0,1,0,1,0,0,0,0,1
0,1,1,-0.750132750251128,0,1,0,0,0,1,1,0.8666991853884812,2,0,1,0,1,0,0,1,0,0,0
0,0,0,-1.2791730474053722,0,0,0,0,0,1,0,0.49136899449864646,1,0,1,0,1,0,0,0,0,1,0
0,0,0,-0.34317867551709397,1,0,0,0,0,0,1,-0.5067435927791872,1,1,0,0,1,0,0,1,0,0,0
0,0,0,0.5114248814243775,1,0,1,1,1,1,1,1.4496235084076485,2,0,1,0,1,0,0,0,1,0,0
0,0,0,0.7962927337382013,1,1,1,1,1,1,1,0.8118943345063371,2,1,0,0,0,0,1,0,0,0,1
0,1,1,1.3253330308924456,0,0,0,0,0,0,0,-1.3304771090683811,2,0,0,1,0,0,1,0,1,0,0
0,0,0,0.8776835486850081,1,1,0,1,1,1,1,1.348317571928534,1,0,1,0,0,1,0,0,1,0,0
1,0,0,-1.157086824985162,0,0,0,0,1,0,1,0.4664576986431265,1,0,1,0,1,0,0,0,0,1,0
0,1,1,0.4707294739509741,1,1,1,1,0,1,1,-0.35727581764606736,0,1,0,0,0,0,1,0,1,0,0
1,1,1,1.366028438365849,0,1,1,1,1,1,1,1.4496235084076485,2,0,1,0,0,1,0,0,0,1,0
0,0,0,-1.2791730474053722,0,0,0,0,0,0,0,-1.4882486494866742,1,0,0,1,1,0,0,0,0,0,1
0,1,1,-0.6687419353043211,0,1,1,0,1,0,1,0.8185373467344758,1,0,1,0,1,0,0,0,1,0,0
0,1,1,1.6102008832062693,0,0,0,0,0,0,1,-1.4849271433726048,1,0,0,1,0,0,1,0,1,0,0
0,1,1,0.7962927337382013,0,0,0,0,0,0,0,-1.2972620479276877,2,0,0,1,0,0,1,0,0,0,1
0,1,1,0.4707294739509741,0,0,0,0,0,0,0,-1.3271556029543117,2,0,0,1,0,1,0,0,0,1,0
1,0,0,0.7962927337382013,0,0,0,0,0,0,1,0.2704888379130363,2,0,1,0,1,0,0,1,0,0,0
0,0,1,-0.953609787618145,0,0,0,1,1,1,1,0.15257537086357514,1,1,0,0,1,0,0,0,1,0,0
0,1,0,0.9997697711052183,0,0,0,0,0,0,0,-1.4915701556007437,1,0,0,1,0,0,1,1,0,0,0
0,0,0,-1.157086824985162,1,1,0,0,0,0,1,-1.0348630649162107,0,1,0,0,1,0,0,0,0,1,0
0,1,1,0.8776835486850081,0,1,1,0,0,0,1,-0.16628921608708083,2,1,0,0,0,0,1,1,0,0,0
0,1,0,1.6102008832062693,0,0,0,0,0,0,0,-1.5114991922851597,1,0,0,1,0,0,1,0,1,0,0
1,1,1,1.4474192533126558,0,0,1,1,1,1,1,1.4064439289247475,2,0,1,0,0,1,0,0,1,0,0
0,1,1,1.4067238458392524,1,0,1,1,0,1,0,0.10109202609550015,1,1,0,0,0,0,1,0,0,0,1
1,0,0,0.14516621416374687,0,0,0,0,0,0,1,0.3352582071373883,2,0,1,0,1,0,0,1,0,0,0
0,0,0,-1.2791730474053722,0,0,0,0,0,0,1,-0.656211367912307,1,1,0,0,1,0,0,0,0,0,1
1,0,0,-1.2791730474053722,0,0,0,0,0,0,1,0.17084365449095637,1,0,1,0,1,0,0,0,0,1,0
0,1,1,-0.01761541572986675,0,0,1,1,0,0,1,-0.948503905950408,0,1,0,0,0,1,0,0,0,0,1
0,0,0,0.6335111038445876,0,0,0,0,0,0,0,-1.3437631335246583,2,0,0,1,0,1,0,1,0,0,0
0,0,1,0.4707294739509741,0,0,0,0,0,0,0,-1.5031954269999863,1,0,0,1,0,0,1,1,0,0,0
0,1,0,-1.1977822324585654,0,0,0,0,0,0,1,-1.4915701556007437,1,0,0,1,1,0,0,0,0,0,1
0,1,1,0.5114248814243775,1,0,1,1,1,1,1,0.5378700800956173,1,1,0,0,0,0,1,0,0,0,1
0,0,0,0.22655702911055367,1,1,1,1,0,0,0,0.17084365449095637,2,1,0,0,1,0,0,0,0,1,0
0,1,1,1.569505475732866,0,0,0,0,0,0,0,-1.4915701556007437,1,0,0,1,0,0,1,1,0,0,0
1,0,0,-1.1977822324585654,0,0,0,0,0,0,0,-0.6578721209693417,1,1,0,0,1,0,0,0,0,1,0
0,1,1,-0.8722189726713382,0,0,0,0,0,0,1,0.31698992351000665,2,0,1,0,1,0,0,0,0,1,0
0,0,0,0.9997697711052183,0,1,1,1,1,0,0,0.1642006422628176,1,1,0,0,0,0,1,0,0,0,1
1,1,0,1.3253330308924456,1,1,0,0,1,0,1,0.926486295441729,2,0,1,0,0,0,1,0,1,0,0
0,1,1,-0.26178786057028713,0,0,0,0,0,1,0,0.4697792047571961,1,0,1,0,0,1,0,1,0,0,0
0,1,1,1.081160586052025,0,0,1,1,1,0,1,0.2422560359434467,2,1,0,0,0,0,1,1,0,0,0
0,0,0,-0.7908281577245314,0,0,1,1,0,0,0,-0.9767367079199974,0,1,0,0,0,0,1,0,0,0,1
0,1,1,1.4067238458392524,0,0,1,1,0,1,1,0.1691829014339218,2,1,0,0,0,0,1,1,0,0,0
0,0,0,-0.546655712884111,0,0,0,0,0,0,0,-1.3321378621254156,2,0,0,1,1,0,0,1,0,0,0
1,1,0,0.4300340664775707,0,1,0,0,1,1,1,1.2021713029094834,2,0,1,0,1,0,0,0,0,1,0
1,1,0,-1.0350006025649519,0,0,1,0,1,1,1,1.14404494591327,2,0,1,0,1,0,0,0,0,1,0
0,1,1,0.9183789561584115,0,0,0,0,0,1,0,0.6873378552287371,2,0,1,0,1,0,0,1,0,0,0
0,1,1,0.9183789561584115,1,0,0,0,1,1,0,1.1988497967954141,2,0,1,0,0,1,0,0,0,0,1
0,1,1,0.9183789561584115,1,1,0,0,0,0,0,-0.3024709667639232,1,1,0,0,1,0,0,0,0,1,0
0,0,0,-0.26178786057028713,0,0,0,1,0,0,0,-0.5200296172354645,1,1,0,0,1,0,0,1,0,0,0
0,1,1,-0.38387408299049736,1,0,0,1,0,0,0,-1.003308756832552,0,1,0,0,0,0,1,0,0,0,1
0,0,0,1.5288100682594625,0,1,1,1,0,0,1,0.8451093956470304,2,0,1,0,0,1,0,1,0,0,0
0,1,1,-0.3024832680436906,0,0,0,0,0,0,0,-1.5015346739429516,1,0,0,1,0,1,0,0,0,1,0
0,1,1,1.6102008832062693,1,1,1,1,1,1,1,1.753541317844992,2,0,1,0,0,0,1,1,0,0,0
0,1,1,-0.26178786057028713,0,0,0,0,0,0,1,-1.4799448842015008,1,0,0,1,1,0,0,0,1,0,0
0,0,0,-0.9943051950915484,0,0,0,0,0,0,0,-0.6761404045967229,1,1,0,0,1,0,0,0,0,0,1
0,1,0,1.2846376234190422,0,0,0,0,0,0,0,-1.5065169331140555,1,0,0,1,0,0,1,0,1,0,0
0,1,0,1.2032468084722354,0,1,1,1,0,0,1,-0.15466394468783815,1,1,0,0,0,0,1,0,1,0,0
0,1,0,-1.2791730474053722,0,0,0,0,0,0,1,-1.3288163560113464,0,1,0,0,1,0,0,0,0,1,0
0,0,1,-0.5873511203575144,0,0,0,0,0,0,0,-1.4832663903155703,1,0,0,1,0,1,0,1,0,0,0
1,1,0,0.18586162163715025,0,0,0,0,1,0,1,0.6939808674568759,2,0,1,0,1,0,0,0,0,1,0
0,0,0,-1.2791730474053722,0,0,0,0,0,0,1,0.21734474008792673,1,0,1,0,1,0,0,0,0,0,1
0,1,1,1.6102008832062693,1,1,1,1,1,1,1,0.014732867129697756,0,1,0,0,0,0,1,0,1,0,0
1,0,0,1.4067238458392524,1,1,0,1,1,1,1,1.3366923005292912,1,0,1,0,0,0,1,0,0,1,0
0,1,1,-0.7908281577245314,0,0,0,0,1,1,1,-0.0018746634406488956,1,1,0,0,0,1,0,0,0,1,0
0,0,0,-1.2791730474053722,0,0,0,0,0,0,1,-0.48847530915180576,2,1,0,0,1,0,0,0,0,0,1
0,1,0,0.8776835486850081,0,0,0,0,1,1,1,0.17748666671909513,2,1,0,0,0,1,0,0,1,0,0
0,1,0,1.569505475732866,0,1,0,0,1,1,0,-0.5133866050073257,0,1,0,0,0,0,1,0,0,1,0
0,1,0,1.1218559935254284,1,0,1,1,1,1,1,1.482838569548342,2,0,1,0,1,0,0,1,0,0,0
0,0,0,-0.13970163815007697,1,1,0,1,0,0,0,0.08780600163922311,2,1,0,0,1,0,0,0,0,0,1
0,1,0,-0.01761541572986675,0,1,0,0,0,1,0,0.6424975226888013,1,0,1,0,1,0,0,1,0,0,0
1,0,0,-0.22109245309688375,0,0,0,0,0,1,1,0.6790340899435638,2,0,1,0,1,0,0,0,0,1,0
0,1,1,0.6335111038445876,0,0,0,0,0,0,0,-1.5031954269999863,1,0,0,1,0,0,1,0,0,0,1
0,0,1,-1.2384776399319688,0,0,0,0,0,0,1,-1.5015346739429516,1,0,0,1,1,0,0,0,0,1,0
0,0,0,0.8776835486850081,0,1,0,0,0,0,1,0.4996727597838198,2,0,1,0,1,0,0,1,0,0,0
0,1,1,1.6102008832062693,1,1,1,1,1,1,0,1.750219811730923,2,0,1,0,0,0,1,0,1,0,0
1,0,0,-1.157086824985162,0,1,0,0,0,0,0,0.2638458256848975,1,0,1,0,1,0,0,0,0,1,0
0,0,0,-0.8722189726713382,0,0,1,0,1,0,1,0.8102335814493025,2,0,1,0,1,0,0,0,0,1,0
0,0,0,-0.9129143801447416,0,0,0,0,0,0,0,-0.6246570598286484,1,1,0,0,1,0,0,0,0,0,1
1,0,0,-0.6280465278309177,0,0,0,0,0,0,0,-1.4666588597452237,1,0,0,1,0,1,0,0,0,0,1
0,0,0,-0.9129143801447416,0,0,0,0,0,0,0,-1.4882486494866742,1,0,0,1,1,0,0,0,1,0,0
0,0,0,-0.7908281577245314,0,0,0,0,0,0,1,-1.4749626250303969,1,0,0,1,0,0,1,0,0,0,1
0,1,1,-1.2791730474053722,0,0,0,0,0,0,1,-1.4832663903155703,1,0,0,1,1,0,0,1,0,0,0
0,1,1,0.14516621416374687,1,0,1,1,0,0,0,-0.8023576369313575,0,1,0,0,0,0,1,0,1,0,0
0,0,0,-0.22109245309688375,0,0,0,0,0,0,0,-1.4782841311444663,1,0,0,1,0,1,0,0,0,0,1
0,0,0,-0.7908281577245314,0,0,0,0,0,0,0,-1.5065169331140555,1,0,0,1,1,0,0,0,1,0,0
0,0,0,1.4067238458392524,1,0,1,1,1,1,1,0.6790340899435638,2,1,0,0,0,0,1,0,0,0,1
1,1,0,0.7149019187913945,0,0,0,0,0,0,1,0.20738022174571882,1,0,1,0,1,0,0,0,0,1,0
0,1,0,1.2846376234190422,1,0,0,0,1,0,1,0.04462642215632192,2,1,0,0,0,1,0,0,1,0,0
0,0,0,-0.6687419353043211,0,0,0,0,0,0,1,-1.4982131678288821,1,0,0,1,1,0,0,0,0,0,1
0,1,1,-0.34317867551709397,0,0,0,0,0,0,0,-1.3321378621254156,2,0,0,1,0,0,1,0,0,0,1
0,0,0,-1.0350006025649519,0,0,0,1,1,1,1,0.19741570340351092,1,1,0,0,1,0,0,0,1,0,0
0,0,0,-0.546655712884111,0,0,0,0,0,0,1,-0.6578721209693417,1,1,0,0,1,0,0,1,0,0,0
0,1,1,0.34864325153076386,1,1,1,0,1,0,1,0.44985016807277983,2,1,0,0,0,1,0,0,1,0,0
0,0,0,-1.0350006025649519,0,0,0,0,0,0,0,-1.5114991922851597,1,0,0,1,1,0,0,0,0,0,1
0,1,1,-1.1977822324585654,1,1,0,0,1,0,0,0.8318233711907528,1,0,1,0,1,0,0,0,0,1,0
1,1,0,1.6102008832062693,0,1,1,1,1,0,0,0.41663510693208655,2,1,0,0,0,0,1,0,1,0,0
0,0,0,-1.0350006025649519,0,0,0,0,0,0,0,-1.3719959354942477,2,0,0,1,1,0,0,0,0,0,1
0,1,1,1.6102008832062693,1,1,1,1,1,1,0,1.565876222400075,1,0,1,0,0,0,1,1,0,0,0
0,1,0,0.18586162163715025,1,0,1,1,0,0,0,0.10939579138067348,2,1,0,0,0,1,0,0,1,0,0
0,0,1,-0.4652648979373042,1,1,1,1,1,0,0,-0.38716937267269125,0,1,0,0,0,0,1,0,0,0,1
0,0,0,-0.38387408299049736,0,0,0,0,0,0,1,-1.5048561800570208,1,0,0,1,1,0,0,0,0,0,1
1,0,0,-0.4652648979373042,0,1,1,0,1,1,1,1.3134417577308057,2,0,1,0,1,0,0,0,0,1,0
0,0,0,0.9997697711052183,1,0,1,0,1,1,1,-0.3672403359882752,0,1,0,0,1,0,0,0,0,1,0
0,0,0,-1.2791730474053722,0,0,0,0,0,0,0,-1.4865878964296397,1,0,0,1,1,0,0,0,0,0,1
0,0,1,-1.2384776399319688,1,0,0,0,0,1,1,-0.11978813049011003,1,1,0,0,1,0,0,0,1,0,0
0,1,1,0.9183789561584115,1,1,0,1,0,0,0,-0.24102310365364077,1,1,0,0,0,0,1,1,0,0,0
0,0,0,-1.2791730474053722,0,0,0,0,0,0,1,-1.5048561800570208,1,0,0,1,1,0,0,0,0,0,1
0,1,1,1.2032468084722354,0,0,0,0,0,0,0,-1.4899094025437087,1,0,0,1,0,1,0,1,0,0,0
0,0,0,-0.5873511203575144,1,0,0,0,0,0,1,0.351865737707735,1,0,1,0,1,0,0,0,0,1,0
0,1,1,1.6102008832062693,1,1,1,1,0,1,1,-0.3107747320490965,0,1,0,0,0,0,1,0,1,0,0
0,0,1,-1.157086824985162,0,1,1,0,0,0,0,0.6391760165747318,2,0,1,0,1,0,0,1,0,0,0
0,0,0,1.4881146607860591,0,0,0,0,0,0,0,-1.335459368239485,2,0,0,1,0,0,1,0,1,0,0
1,1,0,1.569505475732866,0,0,0,0,0,0,0,-1.3271556029543117,2,0,0,1,0,0,1,1,0,0,0
0,1,0,-0.13970163815007697,0,1,1,0,0,0,1,0.697302373570945,2,0,1,0,1,0,0,0,0,1,0
0,1,1,-1.157086824985162,0,1,0,1,0,0,1,-0.20946879556998205,2,1,0,0,1,0,0,0,0,0,1
0,0,0,-0.3024832680436906,0,0,0,0,0,0,1,-1.5048561800570208,1,0,0,1,0,1,0,1,0,0,0
1,0,0,-0.8722189726713382,1,0,0,0,0,0,1,-0.30579247287799255,2,1,0,0,1,0,0,0,0,1,0
0,0,0,0.7962927337382013,1,0,1,1,1,0,0,0.30536465211076413,2,1,0,0,0,1,0,0,1,0,0
0,0,0,-1.157086824985162,0,0,0,0,0,0,1,-0.6645151331974803,1,1,0,0,1,0,0,0,1,0,0
0,1,0,1.081160586052025,1,1,1,0,1,1,1,1.5060891123468272,2,0,1,0,0,1,0,0,0,1,0
0,1,0,0.7555973262647979,0,1,0,0,1,1,1,-0.5034220866651178,0,1,0,0,1,0,0,0,0,1,0
0,1,1,0.10447080669034346,0,1,1,1,1,1,1,1.4994461001186885,2,0,1,0,1,0,0,0,0,1,0
0,1,0,1.569505475732866,0,0,0,0,0,0,1,-1.4583550944600503,1,0,0,1,0,0,1,1,0,0,0
1,1,0,0.5114248814243775,1,0,1,1,0,1,0,0.34356197242256165,2,1,0,0,0,0,1,0,1,0,0
0,0,0,-0.22109245309688375,0,0,0,0,1,1,1,1.0228099727497393,2,0,1,0,1,0,0,1,0,0,0
0,1,0,0.38933865900416725,0,0,0,0,0,0,0,-1.3138695784980343,2,0,0,1,0,0,1,0,0,1,0
0,1,1,1.4067238458392524,1,0,1,1,0,0,1,-0.14636017940266483,1,1,0,0,0,0,1,1,0,0,0
0,0,0,-0.8315235651979348,0,0,0,0,0,0,0,-0.6977301943381737,1,1,0,0,1,0,0,1,0,0,0
0,0,0,-0.05831082320327015,0,0,1,1,1,1,0,1.150687958141409,1,0,1,0,0,0,1,1,0,0,0
0,0,0,-1.2791730474053722,0,0,0,0,0,0,0,-0.6778011576537577,1,1,0,0,1,0,0,0,0,0,1
1,1,0,-0.22109245309688375,0,0,0,0,0,1,0,-0.9402001406652347,0,1,0,0,1,0,0,1,0,0,0
0,1,1,-1.0756960100383552,0,0,0,0,0,0,0,-0.641264590398995,1,1,0,0,1,0,0,0,0,0,1
0,1,1,0.7555973262647979,0,0,1,1,1,1,1,-0.28752418925061135,0,1,0,0,0,1,0,0,0,1,0
0,0,0,-0.8722189726713382,0,1,0,0,0,0,0,-0.4552602480111124,1,1,0,0,1,0,0,0,0,1,0
0,0,0,-1.2384776399319688,0,0,0,0,0,0,0,0.17250440754799096,1,0,1,0,1,0,0,1,0,0,0
0,1,1,-0.09900623067667355,0,1,0,1,0,0,1,0.6225684860043851,2,0,1,0,1,0,0,1,0,0,0
0,1,1,-1.0350006025649519,1,0,0,0,0,0,0,-0.4685462724673897,1,1,0,0,1,0,0,0,0,0,1
0,1,0,1.6102008832062693,1,1,0,1,1,1,1,0.7172314102553613,2,1,0,0,0,0,1,1,0,0,0
0,0,0,0.2672524365839571,0,0,0,0,0,0,0,0.34688347853663076,2,0,1,0,1,0,0,0,0,1,0
0,0,0,-1.0756960100383552,0,1,0,0,0,1,1,0.7022846327420492,1,0,1,0,1,0,0,0,0,0,1
0,1,1,-0.6687419353043211,0,0,0,0,0,0,0,-1.4749626250303969,1,0,0,1,1,0,0,0,0,1,0
0,1,1,1.5288100682594625,0,0,0,0,0,0,1,-1.5148206983992287,1,0,0,1,0,0,1,0,0,0,1
0,1,0,0.5521202888977809,0,1,0,1,1,0,1,-0.020142947068030118,1,1,0,0,0,0,1,0,1,0,0
0,0,0,-1.2791730474053722,0,1,0,0,1,0,0,0.6474797818599051,1,0,1,0,1,0,0,0,0,1,0
0,0,0,-1.2384776399319688,0,0,1,0,1,1,1,1.0311137380349127,1,0,1,0,1,0,0,0,0,1,0
0,0,0,-0.6280465278309177,0,0,1,0,0,0,0,0.5063157720119585,2,0,1,0,1,0,0,1,0,0,0
0,0,0,1.569505475732866,1,0,0,1,0,1,0,1.090900848088161,2,0,1,0,0,1,0,0,1,0,0
0,0,0,-1.2791730474053722,0,0,0,0,0,1,1,0.479743723099404,1,0,1,0,1,0,0,0,0,1,0
0,0,0,0.023079991743536653,0,0,0,0,0,0,1,0.18579043200426845,1,0,1,0,1,0,0,1,0,0,0
0,0,0,-1.2791730474053722,0,0,0,0,1,0,1,0.5029942658978894,1,0,1,0,1,0,0,0,0,1,0
1,1,0,0.3079478440573605,0,1,0,1,1,1,1,1.1423841928562355,1,0,1,0,0,1,0,0,1,0,0
0,0,0,-1.0350006025649519,0,0,0,0,1,1,1,0.9729873810386994,2,0,1,0,1,0,0,0,0,1,0
0,1,0,1.1218559935254284,1,1,1,0,0,1,0,-0.49013606220884054,0,1,0,0,0,1,0,0,0,1,0
0,1,1,-0.38387408299049736,0,0,0,0,0,0,0,-1.3188518376691383,2,0,0,1,0,0,1,0,0,0,1
0,1,0,-1.1977822324585654,0,0,0,0,0,0,1,-1.5015346739429516,1,0,0,1,1,0,0,0,0,0,1
0,1,0,1.366028438365849,1,1,1,1,1,1,0,0.8932712343010357,2,1,0,0,0,0,1,1,0,0,0
0,1,0,-0.34317867551709397,0,0,1,0,0,0,0,-1.1859915931063651,0,1,0,0,1,0,0,0,0,1,0
0,1,1,-0.22109245309688375,1,0,0,0,0,0,0,0.31865067656704166,1,0,1,0,1,0,0,0,0,0,1
0,0,0,-1.2791730474053722,0,0,0,0,0,0,0,-1.4998739208859169,1,0,0,1,1,0,0,0,0,0,1
0,1,0,-1.1163914175117586,1,0,0,0,0,1,1,0.8085728283922679,2,0,1,0,1,0,0,0,0,1,0
0,0,0,-0.5059603054107076,0,0,0,0,0,0,1,-0.6794619107107922,1,1,0,0,1,0,0,0,0,1,0
0,1,0,1.6102008832062693,1,1,1,0,1,1,1,1.4894815817764806,2,0,1,0,0,0,1,0,0,1,0
0,0,1,0.4300340664775707,1,1,1,0,0,0,1,-0.8090006491594961,0,1,0,0,1,0,0,0,0,1,0
0,1,0,0.5521202888977809,0,0,0,0,0,0,0,-1.5015346739429516,1,0,0,1,1,0,0,0,0,1,0
0,0,0,-1.2384776399319688,0,0,0,0,1,1,1,-0.6495683556841683,0,1,0,0,1,0,0,0,0,1,0
0,0,0,-0.953609787618145,0,0,0,1,1,0,0,0.7122491510842571,1,0,1,0,1,0,0,0,0,1,0
0,1,0,-0.6687419353043211,0,0,0,1,1,1,1,-0.4934575683229097,0,1,0,0,1,0,0,0,0,1,0
0,1,1,1.6102008832062693,1,0,1,1,1,1,0,0.6607658063161826,2,1,0,0,0,0,1,0,1,0,0
0,0,0,-1.0756960100383552,0,0,0,0,1,0,1,0.5212625495252706,1,0,1,0,1,0,0,0,1,0,0
0,1,1,-0.750132750251128,1,1,0,0,0,1,0,0.1459323586354364,2,1,0,0,1,0,0,0,0,0,1
0,0,0,-0.8315235651979348,1,0,0,0,1,0,1,0.6757125838294947,1,0,1,0,0,1,0,0,1,0,0
0,0,0,-0.01761541572986675,0,0,0,0,1,1,1,0.001446842673420246,1,1,0,0,0,1,0,1,0,0,0
0,1,0,0.9590743636318149,0,0,0,0,0,1,1,0.5345485739815481,1,0,1,0,0,1,0,0,0,1,0
0,1,1,1.6102008832062693,1,1,1,1,1,1,1,1.4844993226053764,1,0,1,0,0,0,1,0,1,0,0
0,1,0,0.5928156963711843,0,0,0,0,0,0,0,-1.4915701556007437,1,0,0,1,0,1,0,1,0,0,0
0,0,0,-0.8722189726713382,1,0,0,0,0,0,0,-0.5399586539198805,1,1,0,0,1,0,0,0,1,0,0
0,1,1,1.6102008832062693,1,1,1,0,1,1,0,1.491142334833515,2,0,1,0,0,0,1,0,1,0,0
0,1,1,1.1625514009988318,1,1,1,1,1,1,0,0.6674088185443213,1,1,0,0,0,1,0,1,0,0,0
0,1,0,-0.34317867551709397,0,0,0,0,0,0,0,-1.4749626250303969,1,0,0,1,0,1,0,0,1,0,0
0,1,1,0.10447080669034346,0,0,0,0,0,0,0,-1.3072265662698956,2,0,0,1,0,0,1,1,0,0,0
0,0,0,0.5521202888977809,0,0,0,0,0,0,1,-1.4517120822319116,1,0,0,1,0,0,1,0,0,1,0
0,0,0,-1.0350006025649519,0,1,0,0,0,0,1,0.4564931803009186,2,0,1,0,1,0,0,1,0,0,0
0,0,1,-0.5873511203575144,1,0,0,0,0,0,0,-0.2377015975395714,2,1,0,0,1,0,0,0,0,0,1
0,0,0,-0.8722189726713382,0,0,1,1,0,0,0,-0.36557958293124065,1,1,0,0,0,1,0,1,0,0,0
0,1,0,1.569505475732866,0,1,1,1,1,1,1,1.4546057675787523,2,0,1,0,0,0,1,0,1,0,0
0,0,0,-1.0350006025649519,0,0,1,1,1,0,0,-0.016821440953960976,1,1,0,0,1,0,0,1,0,0,0
0,0,0,0.5928156963711843,1,1,0,1,0,1,0,0.30702540516779875,2,1,0,0,0,0,1,0,0,0,1
0,0,0,1.6102008832062693,0,1,1,1,1,1,1,1.436337483951371,2,0,1,0,0,0,1,0,1,0,0
0,0,1,-0.9129143801447416,0,0,0,0,1,1,0,1.0095239482934624,2,0,1,0,1,0,0,0,0,1,0
1,1,0,1.6102008832062693,0,0,1,0,1,1,1,0.28709636848338294,2,1,0,0,0,0,1,0,1,0,0
1,0,0,1.4474192533126558,0,1,1,0,0,1,1,1.0327744910919476,2,0,1,0,1,0,0,0,0,1,0
0,1,1,-0.42456949046390074,0,0,1,0,1,0,1,0.7952868039359904,2,0,1,0,1,0,0,0,0,1,0
1,0,0,-1.0756960100383552,0,0,0,0,1,0,1,0.4946905006127161,1,0,1,0,1,0,0,0,0,1,0
0,0,0,-0.953609787618145,0,0,0,0,0,0,1,-1.4832663903155703,1,0,0,1,0,1,0,0,0,0,1
0,1,1,0.5521202888977809,0,0,0,0,0,0,0,-1.4799448842015008,1,0,0,1,0,0,1,1,0,0,0
0,0,0,-0.5059603054107076,0,0,1,0,1,0,1,0.8600561731603424,2,0,1,0,1,0,0,0,1,0,0
0,0,1,-1.1163914175117586,0,0,0,0,0,0,0,-0.6246570598286484,1,1,0,0,1,0,0,0,0,0,1
0,0,0,-0.34317867551709397,0,0,1,0,0,0,1,-0.5017613336080831,1,1,0,0,1,0,0,0,0,0,1
0,1,1,0.7555973262647979,0,0,0,0,0,0,0,-1.4899094025437087,1,0,0,1,0,0,1,0,0,0,1
0,0,0,-0.8315235651979348,0,0,0,0,0,0,1,-1.5098384392281248,1,0,0,1,0,1,0,1,0,0,0
0,1,0,0.6742065113179911,0,0,1,1,1,1,1,1.14404494591327,1,0,1,0,0,1,0,0,1,0,0
0,0,0,-1.157086824985162,0,0,0,0,0,0,1,-1.4816056372585356,1,0,0,1,1,0,0,0,0,1,0
0,1,1,1.6102008832062693,0,0,1,0,1,1,1,0.3983668233047053,2,1,0,0,0,0,1,1,0,0,0
0,1,1,1.0404651785786216,0,1,1,0,1,0,1,0.8882889751299315,1,0,1,0,1,0,0,0,0,1,0
0,1,1,-1.0350006025649519,0,0,0,0,0,0,0,-1.4666588597452237,1,0,0,1,1,0,0,0,0,0,1
0,0,0,0.023079991743536653,1,0,0,0,0,0,0,0.5079765250689932,2,0,1,0,0,1,0,1,0,0,0
0,0,0,-1.2384776399319688,0,0,0,1,0,0,1,-1.1262044830531173,0,1,0,0,1,0,0,0,0,1,0
0,0,0,-0.22109245309688375,1,0,0,0,0,0,0,-0.4801715438666324,1,1,0,0,1,0,0,0,0,0,1
1,0,0,0.7149019187913945,1,1,0,0,1,0,1,0.18412967894723342,2,1,0,0,1,0,0,1,0,0,0
0,0,0,-0.7094373427777246,0,0,0,0,0,0,1,-1.2773330112432717,2,0,0,1,1,0,0,0,0,1,0
0,0,0,-1.2791730474053722,0,0,0,0,0,0,0,-1.4583550944600503,1,0,0,1,1,0,0,0,0,0,1
1,0,0,0.8369881412116047,0,1,0,0,0,0,1,0.2987216398826254,1,0,1,0,1,0,0,0,1,0,0
0,1,1,-0.3024832680436906,0,0,0,0,0,0,1,-1.5314282289695753,1,0,0,1,0,0,1,0,0,0,1
0,0,0,-0.750132750251128,0,1,0,1,0,0,1,0.5063157720119585,1,0,1,0,1,0,0,0,1,0,0
0,0,0,-1.2791730474053722,0,0,0,0,0,1,1,0.6707303246583904,2,0,1,0,1,0,0,0,0,1,0
0,0,0,-0.4652648979373042,0,0,0,0,0,0,0,-1.4882486494866742,1,0,0,1,1,0,0,0,0,0,1
0,1,0,-1.0350006025649519,0,0,0,0,1,0,1,0.5411915862096864,1,0,1,0,1,0,0,0,0,1,0
0,0,0,-1.2384776399319688,0,0,0,0,0,0,1,-0.6528898617982377,1,1,0,0,1,0,0,0,0,1,0
0,1,0,0.6335111038445876,0,0,0,0,0,0,0,-1.5131599453421942,1,0,0,1,0,0,1,0,0,0,1
0,0,1,-0.8722189726713382,0,0,1,0,0,0,1,0.43822489667353737,2,0,1,0,1,0,0,0,0,0,1
0,0,0,-0.9129143801447416,0,0,0,0,0,0,0,-1.4965524147718476,1,0,0,1,1,0,0,0,1,0,0
1,0,0,-0.8722189726713382,1,1,0,0,0,0,0,-0.15134243857376875,2,1,0,0,1,0,0,1,0,0,0
1,1,1,-1.1977822324585654,1,0,0,1,1,0,1,0.7803400264226783,1,0,1,0,1,0,0,0,0,0,1
0,0,0,-1.2791730474053722,0,0,0,0,0,0,1,-1.4816056372585356,1,0,0,1,1,0,0,1,0,0,0
0,0,0,1.2032468084722354,0,0,0,0,1,1,1,0.9696658749246302,2,0,1,0,0,1,0,1,0,0,0
0,0,0,-1.2791730474053722,0,0,0,0,0,0,1,0.1509146178065401,1,0,1,0,1,0,0,0,0,1,0
0,1,0,0.3079478440573605,0,1,1,0,0,0,1,0.5046550189549239,1,0,1,0,1,0,0,0,0,1,0
0,1,1,1.2032468084722354,1,1,1,1,1,1,0,1.6854504425065708,2,0,1,0,0,0,1,1,0,0,0
1,1,0,0.4707294739509741,1,1,0,1,0,0,1,0.6757125838294947,1,0,1,0,1,0,0,0,0,1,0
0,1,0,-0.22109245309688375,0,1,0,0,0,0,1,0.3751162805062199,1,0,1,0,1,0,0,0,0,1,0
0,0,0,-1.0756960100383552,0,1,0,0,1,0,1,0.8401271364759262,2,0,1,0,1,0,0,0,0,1,0
0,0,0,-1.0756960100383552,0,0,0,0,0,0,1,-1.4566943414030156,1,0,0,1,1,0,0,0,0,0,1
0,1,0,1.4474192533126558,1,1,0,1,1,1,1,0.49136899449864646,1,1,0,0,0,0,1,1,0,0,0
0,1,0,1.6102008832062693,1,1,1,1,1,1,0,1.5708584815711788,2,0,1,0,0,0,1,0,1,0,0
0,1,1,1.2846376234190422,1,1,0,0,0,0,0,0.5395308331526518,1,0,1,0,1,0,0,0,0,1,0
0,0,0,-0.05831082320327015,0,0,1,1,0,0,1,-0.3174177442772353,1,1,0,0,1,0,0,0,0,1,0
0,1,1,-1.1977822324585654,0,1,0,0,1,0,1,-0.20282578334184329,1,1,0,0,1,0,0,0,1,0,0
0,1,1,0.023079991743536653,1,0,1,0,1,1,0,0.3302759479662841,1,1,0,0,0,1,0,0,1,0,0
0,1,1,-0.546655712884111,0,0,0,0,0,0,0,-1.4816056372585356,1,0,0,1,0,0,1,0,0,0,1
0,1,0,1.2032468084722354,1,1,0,1,0,0,1,-0.8704485122697787,0,1,0,0,0,0,1,0,1,0,0
0,1,1,1.6102008832062693,0,0,0,0,0,0,0,-1.3221733437832077,2,0,0,1,0,0,1,1,0,0,0
0,0,0,0.4300340664775707,0,1,1,0,1,1,1,1.3217455230159791,2,0,1,0,0,0,1,0,0,1,0
1,0,0,0.5114248814243775,1,1,0,1,0,0,1,0.6939808674568759,1,0,1,0,1,0,0,1,0,0,0
0,1,1,1.2032468084722354,0,0,1,0,1,0,1,0.8069120753352329,2,0,1,0,0,0,1,0,1,0,0
1,1,0,-0.5059603054107076,0,0,1,0,1,0,0,0.8633776792744116,2,0,1,0,1,0,0,0,0,1,0
0,1,0,-0.7908281577245314,1,0,0,0,0,1,1,0.03466190381411355,2,1,0,0,1,0,0,0,0,1,0
0,0,1,1.2032468084722354,0,0,1,1,1,1,1,1.3034772393885978,2,0,1,0,0,0,1,0,0,1,0
0,0,0,-1.157086824985162,0,0,0,0,0,0,0,0.35020498465069994,2,0,1,0,1,0,0,0,0,1,0
0,1,0,0.2672524365839571,1,0,1,1,1,1,1,1.3250670291300486,1,0,1,0,0,1,0,0,1,0,0
0,0,0,-1.2384776399319688,0,0,0,0,0,0,1,0.09777051998143102,1,0,1,0,1,0,0,0,0,1,0
0,0,0,-0.22109245309688375,0,0,0,0,0,0,1,-1.4799448842015008,1,0,0,1,0,0,1,1,0,0,0
0,1,1,-1.0350006025649519,1,0,0,1,0,0,1,-1.0066302629466213,0,1,0,0,1,0,0,0,0,1,0
0,0,0,-0.38387408299049736,0,1,1,1,0,0,0,0.6109432146051427,1,0,1,0,1,0,0,1,0,0,0
1,1,1,1.1218559935254284,1,1,0,0,0,1,1,0.9447545790691102,2,0,1,0,1,0,0,0,0,1,0
0,0,0,0.5521202888977809,1,0,1,1,1,1,1,-0.1347349080034221,0,1,0,0,0,0,1,1,0,0,0
0,1,0,1.3253330308924456,1,1,1,0,0,1,0,0.20571946868868424,1,1,0,0,0,0,1,1,0,0,0
0,1,0,1.366028438365849,0,1,1,0,1,1,1,1.3350315474722565,2,0,1,0,1,0,0,0,1,0,0
1,0,0,0.22655702911055367,0,1,1,1,1,0,1,0.17748666671909513,1,1,0,0,0,1,0,0,1,0,0
0,1,0,1.2032468084722354,1,1,0,1,1,1,1,0.6690695716013559,2,1,0,0,0,0,1,0,0,1,0
0,0,0,0.3079478440573605,0,0,0,0,0,0,0,-1.4998739208859169,1,0,0,1,0,0,1,0,1,0,0
0,0,0,-0.5873511203575144,0,0,0,0,0,0,1,0.1658613953198522,1,0,1,0,1,0,0,0,0,1,0
1,1,0,1.4067238458392524,0,1,0,1,1,1,0,1.2652799190768007,2,0,1,0,0,0,1,1,0,0,0
0,0,0,-0.3024832680436906,1,1,1,1,1,0,0,0.31532917045297204,1,1,0,0,0,1,0,0,0,0,1
0,0,0,-1.2791730474053722,0,0,0,0,0,0,0,-1.5148206983992287,1,0,0,1,1,0,0,0,0,1,0
0,1,1,0.18586162163715025,1,1,1,0,0,0,0,-0.8173044144446694,0,1,0,0,1,0,0,1,0,0,0
0,0,0,-1.2791730474053722,1,0,0,0,0,0,0,-0.5067435927791872,1,1,0,0,1,0,0,1,0,0,0
0,0,0,-1.2791730474053722,0,0,0,0,0,0,0,-1.4799448842015008,1,0,0,1,1,0,0,0,0,0,1
1,0,0,-1.157086824985162,1,0,0,0,0,0,0,0.35020498465069994,1,0,1,0,1,0,0,0,0,1,0
0,0,0,-1.2791730474053722,0,0,0,0,0,0,0,-1.5181422045132982,1,0,0,1,1,0,0,0,0,0,1
0,0,0,-0.750132750251128,0,0,0,1,1,0,1,0.8351448773048225,2,0,1,0,1,0,0,0,0,1,0
0,0,0,0.18586162163715025,1,0,0,0,1,0,0,-0.005196169554718037,2,1,0,0,0,1,0,1,0,0,0
0,0,0,-1.2791730474053722,0,0,0,0,0,0,1,0.18246892589019884,1,0,1,0,1,0,0,0,0,1,0
1,0,0,-1.2791730474053722,0,0,0,0,0,0,0,-0.4735285316384939,2,1,0,0,1,0,0,0,0,0,1
0,0,0,-1.2384776399319688,0,0,0,0,0,0,1,0.38840230496249745,2,0,1,0,1,0,0,0,0,1,0
1,1,0,0.38933865900416725,1,0,0,0,0,0,1,0.31034691128186837,1,0,1,0,1,0,0,0,1,0,0
0,0,0,-0.5059603054107076,0,0,0,0,0,0,1,-1.5098384392281248,1,0,0,1,0,1,0,0,1,0,0
0,1,1,1.6102008832062693,1,1,1,1,0,0,0,0.2422560359434467,2,1,0,0,0,0,1,0,1,0,0
0,0,0,1.3253330308924456,1,0,1,1,1,1,1,1.501106853175723,2,0,1,0,0,1,0,0,1,0,0
0,0,0,-0.9129143801447416,0,0,0,0,0,0,1,-0.6313000720567871,1,1,0,0,1,0,0,0,1,0,0
0,0,0,-0.6280465278309177,0,0,0,0,0,0,1,-1.3005835540417572,0,1,0,0,1,0,0,0,0,0,1
0,0,0,-1.2791730474053722,1,0,0,0,0,0,0,-1.1594195441938107,0,1,0,0,1,0,0,0,0,0,1
0,1,0,-0.09900623067667355,0,0,0,0,0,0,0,-1.494891661714813,1,0,0,1,0,1,0,0,1,0,0
0,0,0,0.5521202888977809,0,0,0,0,0,0,0,-0.6595328740263762,1,1,0,0,1,0,0,1,0,0,0
0,1,1,-0.34317867551709397,0,0,0,0,0,0,0,-1.3487453926957622,2,0,0,1,0,0,1,0,0,0,1
0,1,0,0.38933865900416725,0,1,1,1,0,1,1,1.150687958141409,2,0,1,0,1,0,0,0,0,1,0
0,1,0,-0.7094373427777246,0,0,1,0,1,0,1,0.6474797818599051,1,0,1,0,1,0,0,0,0,1,0
0,1,1,-0.8722189726713382,0,0,0,0,0,0,1,-1.5131599453421942,1,0,0,1,1,0,0,0,0,0,1
0,0,0,-0.3024832680436906,0,1,1,0,1,1,1,1.1523487111984434,1,0,1,0,1,0,0,0,0,1,0
1,0,0,-0.42456949046390074,1,0,1,1,0,1,1,0.1642006422628176,1,1,0,0,1,0,0,0,0,0,1
0,0,0,-1.2791730474053722,0,1,0,0,0,0,0,0.31698992351000665,1,0,1,0,1,0,0,0,0,1,0
0,0,0,-1.2791730474053722,0,0,0,0,1,0,1,-0.37554410127344856,1,1,0,0,1,0,0,0,0,0,1
1,0,0,-0.38387408299049736,0,1,1,0,1,1,1,1.3815326330692275,2,0,1,0,1,0,0,0,0,1,0
0,1,0,1.569505475732866,1,1,1,1,0,1,0,0.5179410434112015,2,1,0,0,0,0,1,0,1,0,0
0,1,1,0.023079991743536653,0,0,0,0,0,0,0,-1.4683196128022582,1,0,0,1,0,1,0,0,0,0,1
0,0,0,-0.6280465278309177,0,0,0,0,0,0,0,-1.5065169331140555,1,0,0,1,0,0,1,0,1,0,0
0,1,1,-1.3198684548787756,0,0,0,0,0,0,0,-1.310548072383965,2,0,0,1,0,0,1,0,0,0,1
0,0,0,-1.1977822324585654,0,0,0,0,0,1,0,-0.3373467809616513,1,1,0,0,1,0,0,0,0,0,1
0,1,1,-0.8315235651979348,0,0,0,0,0,1,0,-0.3705618421023446,1,1,0,0,0,1,0,0,1,0,0
1,1,0,0.18586162163715025,0,0,0,0,0,0,1,0.38840230496249745,2,0,1,0,1,0,0,0,0,1,0
0,1,0,-0.750132750251128,0,0,0,0,0,1,1,0.44154640278760654,1,0,1,0,1,0,0,0,0,1,0
0,1,0,1.4881146607860591,0,0,0,0,0,0,1,-1.3238340968402422,2,0,0,1,0,0,1,0,1,0,0
1,0,0,1.2439422159456388,1,1,1,1,1,0,0,0.6043002023770039,2,1,0,0,0,1,0,1,0,0,0
0,0,0,-0.750132750251128,0,0,0,0,1,1,1,0.9331293076698678,1,0,1,0,1,0,0,0,0,1,0
0,0,0,-1.2791730474053722,0,0,0,0,0,0,0,-1.4882486494866742,1,0,0,1,1,0,0,0,0,0,1
1,1,0,0.5114248814243775,0,0,1,0,0,1,1,0.707266891913153,1,0,1,0,1,0,0,0,0,1,0
1,1,0,1.4881146607860591,1,1,0,0,0,1,0,0.747124965281985,1,0,1,0,0,1,0,0,1,0,0
0,0,1,0.10447080669034346,1,1,0,0,0,0,0,-0.30579247287799255,1,1,0,0,0,1,0,0,1,0,0
0,0,0,-1.2791730474053722,0,0,0,0,0,0,0,-1.494891661714813,1,0,0,1,1,0,0,0,1,0,0
0,0,1,-0.22109245309688375,0,0,0,0,0,0,0,-1.4865878964296397,1,0,0,1,0,1,0,0,1,0,0
1,1,0,-1.0350006025649519,0,0,1,0,1,1,1,1.233725610993142,2,0,1,0,1,0,0,0,0,1,0
0,1,0,1.1625514009988318,0,0,0,0,0,0,0,-1.4799448842015008,1,0,0,1,0,0,1,0,1,0,0
0,0,0,-1.0350006025649519,0,0,0,0,0,0,1,-1.4899094025437087,1,0,0,1,1,0,0,0,0,0,1
0,1,0,1.1218559935254284,0,1,0,0,1,1,1,1.1623132295406513,2,0,1,0,1,0,0,0,0,1,0
0,1,1,1.4881146607860591,1,0,1,1,0,0,0,-0.8538409816994321,0,1,0,0,0,0,1,0,0,0,1
0,1,0,1.569505475732866,0,0,1,0,1,1,1,1.1241159092288542,2,0,1,0,0,1,0,0,1,0,0
0,0,0,-1.2791730474053722,0,0,0,0,1,0,0,0.4398856497305719,1,0,1,0,1,0,0,0,0,1,0
0,0,0,-0.953609787618145,0,0,0,0,0,0,1,0.3800985396773241,2,0,1,0,1,0,0,0,0,1,0
0,1,0,-0.9943051950915484,0,1,1,0,0,0,1,-0.33402527484758193,1,1,0,0,1,0,0,0,0,0,1
0,0,0,-1.2791730474053722,0,0,0,0,1,0,1,0.4697792047571961,1,0,1,0,1,0,0,0,0,1,0
0,1,1,1.5288100682594625,1,1,0,0,1,0,1,0.1459323586354364,2,1,0,0,0,0,1,0,1,0,0
0,0,0,1.366028438365849,1,1,1,1,0,0,1,-0.5781559742316777,0,1,0,0,0,0,1,0,0,0,1
0,1,0,-0.38387408299049736,0,0,0,0,0,0,0,-1.5114991922851597,1,0,0,1,0,1,0,0,1,0,0
0,1,1,-1.157086824985162,0,0,0,0,0,1,0,0.5328878209245131,1,0,1,0,1,0,0,0,0,1,0
0,0,0,-1.2791730474053722,0,0,0,0,0,0,1,0.3419012193655266,2,0,1,0,1,0,0,0,0,1,0
0,1,0,-1.1163914175117586,0,0,0,0,0,0,1,-1.3238340968402422,0,1,0,0,1,0,0,0,0,1,0
0,0,0,-1.2791730474053722,0,0,0,0,0,0,1,0.18080817283316428,1,0,1,0,1,0,0,0,0,1,0
1,1,1,-0.13970163815007697,0,1,1,0,0,0,1,-0.968432942634824,0,1,0,0,1,0,0,0,0,0,1
0,1,0,1.4067238458392524,0,1,1,1,1,1,1,1.5442864326586243,2,0,1,0,0,0,1,1,0,0,0
0,1,0,-0.3024832680436906,0,0,1,1,1,1,1,1.333370794415222,2,0,1,0,1,0,0,1,0,0,0
0,1,1,-0.8315235651979348,1,0,0,0,0,0,1,-0.5183688641784296,1,1,0,0,1,0,0,0,0,1,0
1,0,0,0.023079991743536653,0,1,1,1,1,1,1,1.516053630689035,2,0,1,0,1,0,0,0,0,1,0
0,0,0,-1.2384776399319688,1,0,0,1,0,0,1,-0.34398979318978984,1,1,0,0,1,0,0,0,0,0,1
0,1,1,-0.3024832680436906,0,0,0,0,1,0,0,-0.14802093245969938,2,1,0,0,1,0,0,0,0,1,0
0,0,0,-1.2791730474053722,0,0,0,0,0,0,0,-1.3288163560113464,0,1,0,0,1,0,0,1,0,0,0
0,0,0,0.34864325153076386,0,0,0,0,0,0,0,0.18080817283316428,1,0,1,0,1,0,0,1,0,0,0
0,1,1,1.1218559935254284,0,0,0,0,0,0,0,-1.4998739208859169,1,0,0,1,0,0,1,0,1,0,0
0,1,0,1.1625514009988318,1,1,0,1,1,1,1,0.5395308331526518,1,1,0,0,0,0,1,0,0,0,1
0,0,1,-1.2791730474053722,0,0,0,1,0,0,1,-0.4951183213799445,1,1,0,0,1,0,0,0,0,0,1
1,1,1,1.366028438365849,1,1,1,1,1,0,0,0.48472598227050817,2,1,0,0,0,0,1,0,1,0,0
0,1,0,-0.26178786057028713,0,1,1,0,1,1,1,0.2887571215404175,1,1,0,0,0,0,1,0,1,0,0
0,1,0,0.9183789561584115,1,1,0,0,1,0,1,1.0610072930615368,2,0,1,0,1,0,0,0,0,1,0
0,0,0,-0.546655712884111,0,0,0,1,1,0,1,-0.10816285909086756,1,1,0,0,1,0,0,0,1,0,0
0,0,1,-1.2384776399319688,0,0,0,0,1,1,1,0.976308887152769,2,0,1,0,1,0,0,1,0,0,0
0,1,1,1.6102008832062693,1,1,1,0,0,0,0,-0.8737700183838482,0,1,0,0,0,0,1,0,1,0,0
0,1,0,1.4881146607860591,0,0,1,1,1,1,0,1.3466568188714991,2,0,1,0,0,0,1,1,0,0,0
0,1,1,1.5288100682594625,0,1,1,1,1,1,1,0.5179410434112015,1,1,0,0,0,0,1,1,0,0,0
1,0,0,0.023079991743536653,0,0,1,1,1,1,1,-0.3390075340186859,0,1,0,0,1,0,0,0,0,1,0
1,0,0,1.569505475732866,0,1,1,0,1,1,1,1.3649251024988807,2,0,1,0,0,1,0,0,0,1,0
0,0,0,-1.2791730474053722,0,0,0,0,0,1,1,0.569424388179276,1,0,1,0,1,0,0,0,0,1,0
0,0,0,-0.5059603054107076,0,0,0,0,0,0,1,-1.4982131678288821,1,0,0,1,0,1,0,0,0,0,1
0,0,0,0.023079991743536653,0,1,0,1,0,0,1,0.5029942658978894,1,0,1,0,0,1,0,1,0,0,0
0,0,0,-0.34317867551709397,1,0,0,1,0,0,0,-0.2808811770224726,1,1,0,0,1,0,0,0,1,0,0
0,1,1,-0.8315235651979348,0,1,0,0,0,0,0,-1.1826700869922957,0,1,0,0,1,0,0,0,0,0,1
0,1,0,1.2846376234190422,1,1,1,1,0,1,1,0.5478345984378252,2,1,0,0,0,0,1,0,0,0,1
1,0,0,-0.5873511203575144,1,1,0,0,0,0,1,-0.2127903016840514,2,1,0,0,1,0,0,0,1,0,0
0,0,0,-1.2384776399319688,0,0,0,0,0,0,0,-1.5114991922851597,1,0,0,1,1,0,0,0,0,0,1
0,1,1,-0.3024832680436906,0,0,0,1,0,0,1,-0.32240000344833925,2,1,0,0,0,1,0,0,0,0,1
0,1,1,0.18586162163715025,0,0,0,0,0,0,0,-1.2740115051292022,2,0,0,1,1,0,0,0,0,0,1
0,1,1,-0.546655712884111,0,0,0,0,0,0,1,-1.3271556029543117,0,1,0,0,1,0,0,0,0,0,1
0,0,0,-1.2791730474053722,1,0,0,0,0,0,0,0.3485442315936654,1,0,1,0,1,0,0,0,0,0,1
0,0,0,-1.2384776399319688,0,0,0,0,0,0,0,0.18412967894723342,1,0,1,0,1,0,0,0,0,1,0
0,1,1,-1.2791730474053722,0,0,0,0,0,0,1,-0.6296393189997522,1,1,0,0,1,0,0,0,0,0,1
0,0,1,-0.6280465278309177,1,0,0,0,0,0,1,-0.48183229692366725,1,1,0,0,1,0,0,0,0,0,1
0,1,1,-0.8315235651979348,0,0,1,0,1,0,1,-0.214451054741086,1,1,0,0,1,0,0,0,1,0,0
0,0,0,0.023079991743536653,0,1,1,0,0,0,1,0.4714399578142307,1,0,1,0,1,0,0,0,1,0,0
0,0,0,0.3079478440573605,0,0,0,0,0,0,1,-1.335459368239485,2,0,0,1,0,0,1,0,0,0,1
1,0,0,-1.1977822324585654,0,0,0,0,1,0,1,0.5013335128408548,1,0,1,0,1,0,0,0,0,1,0
0,1,0,0.9997697711052183,0,0,1,0,1,1,1,1.19386753762431,2,0,1,0,0,1,0,0,1,0,0
1,1,0,0.4300340664775707,0,0,1,1,1,1,1,1.4197299533810244,2,0,1,0,0,1,0,0,0,1,0
0,0,0,1.4067238458392524,0,0,0,1,0,0,0,-0.4735285316384939,1,1,0,0,0,0,1,1,0,0,0
1,1,1,-1.2791730474053722,0,0,0,1,0,0,1,-0.5167081111213951,1,1,0,0,1,0,0,0,1,0,0
0,1,1,-0.6280465278309177,1,0,1,0,1,0,1,0.18412967894723342,2,1,0,0,0,1,0,1,0,0,0
0,1,1,0.6335111038445876,1,1,0,0,1,1,1,1.34333531275743,2,0,1,0,1,0,0,0,1,0,0
0,0,0,-0.750132750251128,0,0,0,1,0,1,0,-0.189539758885566,1,1,0,0,0,1,0,0,1,0,0
0,0,0,-1.1977822324585654,0,0,0,0,0,0,0,0.34688347853663076,2,0,1,0,1,0,0,0,0,1,0
0,0,0,-1.1163914175117586,0,0,0,0,1,1,1,0.9978986768942193,2,0,1,0,1,0,0,1,0,0,0
0,1,1,-1.2791730474053722,0,0,0,0,0,0,0,-1.5065169331140555,1,0,0,1,1,0,0,0,0,1,0
0,0,0,-1.2384776399319688,0,0,0,0,1,0,1,0.6923201143998413,2,0,1,0,1,0,0,0,0,1,0
0,0,0,-1.2384776399319688,0,0,0,0,0,0,0,-1.4666588597452237,1,0,0,1,1,0,0,0,0,0,1
0,1,1,-1.1163914175117586,0,1,0,0,0,0,1,-1.1394905075093946,0,1,0,0,1,0,0,0,0,1,0
0,0,0,0.10447080669034346,0,0,0,0,0,0,0,-1.4633373536311542,1,0,0,1,0,1,0,0,0,0,1
0,1,0,1.6102008832062693,1,0,1,1,1,1,1,1.5642154693430406,2,0,1,0,0,0,1,0,1,0,0
0,0,0,0.9590743636318149,1,0,1,0,0,0,0,-0.4021161501860031,1,1,0,0,0,1,0,0,0,0,1
0,1,1,-1.157086824985162,0,0,0,0,0,1,1,0.7022846327420492,2,0,1,0,1,0,0,0,0,1,0
0,1,1,1.6102008832062693,1,1,1,1,1,1,0,-0.011839181782856792,0,1,0,0,0,0,1,1,0,0,0
0,1,0,0.7962927337382013,1,1,1,1,1,1,0,0.04794792827039106,0,1,0,0,0,0,1,0,1,0,0
0,1,0,-0.750132750251128,0,0,0,0,0,1,1,0.6757125838294947,2,0,1,0,1,0,0,0,0,1,0
0,0,0,0.18586162163715025,0,0,0,0,1,0,0,-0.9634506834637201,0,1,0,0,0,0,1,0,1,0,0
0,1,0,-1.0350006025649519,0,0,1,0,1,0,1,0.7122491510842571,1,0,1,0,1,0,0,0,0,1,0
0,0,0,0.7555973262647979,0,0,0,0,0,0,0,-1.5181422045132982,1,0,0,1,0,1,0,0,0,1,0
0,1,1,0.10447080669034346,0,1,0,1,1,0,1,0.8268411120196492,1,0,1,0,0,1,0,0,0,1,0
0,0,0,-0.18039704562348036,1,0,0,1,0,0,0,-0.348972052360894,1,1,0,0,0,1,0,0,0,0,1
0,0,0,-1.157086824985162,1,0,0,0,0,0,1,0.5096372781260282,2,0,1,0,1,0,0,0,0,1,0
0,1,0,1.0404651785786216,1,1,1,0,1,1,1,1.482838569548342,2,0,1,0,0,0,1,1,0,0,0
0,0,0,0.22655702911055367,0,0,0,0,0,0,1,0.18745118506130304,1,0,1,0,0,1,0,1,0,0,0
0,0,0,-0.26178786057028713,0,0,0,0,0,0,0,-1.494891661714813,1,0,0,1,0,1,0,0,1,0,0
0,1,0,1.1625514009988318,1,1,0,0,1,1,1,1.3748896208410886,2,0,1,0,1,0,0,0,0,1,0
0,0,0,1.4881146607860591,0,0,1,1,1,1,0,1.3018164863315633,2,0,1,0,0,0,1,0,0,1,0
0,1,0,-0.05831082320327015,0,0,0,1,0,0,1,-0.5183688641784296,1,1,0,0,1,0,0,0,0,0,1
0,0,0,-1.1977822324585654,0,1,0,0,0,0,0,0.3203114296240762,1,0,1,0,1,0,0,0,1,0,0
0,1,1,-0.5059603054107076,0,1,1,0,1,1,1,1.3632643494418457,2,0,1,0,1,0,0,1,0,0,0
0,1,1,-0.01761541572986675,0,1,0,0,1,1,1,1.1307589214569926,2,0,1,0,1,0,0,0,0,1,0
1,0,0,-1.2791730474053722,0,0,0,0,1,0,1,-0.9418608937222693,0,1,0,0,1,0,0,0,0,1,0
0,0,0,-1.1977822324585654,0,0,1,0,1,1,1,0.17084365449095637,1,1,0,0,0,1,0,0,0,1,0
0,1,1,-0.6280465278309177,0,0,1,0,1,0,0,0.7786792733656437,2,0,1,0,1,0,0,0,0,1,0
1,1,0,0.7149019187913945,1,0,1,0,1,1,1,1.3366923005292912,2,0,1,0,0,0,1,0,1,0,0
0,0,0,-1.2384776399319688,0,0,0,0,0,0,1,-1.4882486494866742,1,0,0,1,1,0,0,0,0,0,1
0,0,0,-0.5873511203575144,0,0,0,0,0,0,0,-1.4865878964296397,1,0,0,1,1,0,0,0,0,0,1
0,1,1,1.6102008832062693,0,1,1,1,1,1,1,1.575840740742283,2,0,1,0,0,0,1,1,0,0,0
0,0,0,-0.8315235651979348,0,0,0,0,1,1,0,0.9879341585520115,2,0,1,0,1,0,0,0,0,1,0
0,0,0,-0.13970163815007697,0,0,0,0,1,0,1,0.46811845170016153,1,0,1,0,1,0,0,0,0,1,0
0,0,1,-1.2791730474053722,0,0,1,0,0,0,0,-0.526672629463603,1,1,0,0,1,0,0,0,0,1,0
0,1,1,0.5521202888977809,0,0,0,0,0,0,0,-1.3238340968402422,2,0,0,1,0,1,0,0,0,0,1
0,1,0,1.3253330308924456,1,0,1,1,0,0,0,-0.19618277111370477,1,1,0,0,0,0,1,0,1,0,0
0,1,1,-1.0756960100383552,0,0,0,0,0,0,0,-1.4982131678288821,1,0,0,1,1,0,0,0,0,0,1
1,1,0,-1.2791730474053722,0,0,0,0,1,0,1,0.7056061388561183,2,0,1,0,1,0,0,0,0,1,0
0,1,1,1.6102008832062693,1,0,1,0,1,1,1,1.3532998310996378,2,0,1,0,0,0,1,1,0,0,0
0,1,1,1.6102008832062693,0,0,0,0,0,0,0,-1.285636776528445,2,0,0,1,0,0,1,0,0,0,1
0,1,0,-1.2791730474053722,0,0,0,1,1,0,1,0.6640873124302518,1,0,1,0,1,0,0,0,0,1,0
0,0,0,-0.9943051950915484,1,0,0,1,1,1,1,1.2802266965901123,2,0,1,0,1,0,0,1,0,0,0
0,1,1,1.4067238458392524,1,1,0,1,0,0,0,-0.1579854508019075,1,1,0,0,0,1,0,0,0,0,1
0,0,0,-0.42456949046390074,0,1,0,0,1,1,1,-0.4801715438666324,0,1,0,0,1,0,0,0,0,1,0
0,0,0,0.22655702911055367,0,0,0,0,0,0,0,-1.4849271433726048,1,0,0,1,0,1,0,0,0,0,1
0,1,1,-0.6280465278309177,1,0,1,0,1,0,1,0.8168765936774413,1,0,1,0,1,0,0,0,0,1,0
0,0,0,0.5114248814243775,1,1,0,0,1,1,1,1.178920760110998,1,0,1,0,0,1,0,0,0,1,0
0,1,1,0.8369881412116047,0,1,0,1,1,0,0,0.00642910184452443,1,1,0,0,1,0,0,0,1,0,0
0,0,0,-1.1977822324585654,0,0,0,0,0,0,1,0.15755763003467887,1,0,1,0,1,0,0,1,0,0,0
1,0,0,-0.750132750251128,0,1,1,0,1,1,1,1.3300492883011523,2,0,1,0,1,0,0,0,0,1,0
1,1,0,-0.6687419353043211,0,0,0,0,1,0,1,0.6723910777154251,2,0,1,0,1,0,0,0,1,0,0
0,1,1,0.18586162163715025,0,1,1,0,0,1,1,1.0078631952364276,2,0,1,0,1,0,0,0,0,1,0
1,0,0,0.38933865900416725,0,0,0,0,1,0,1,0.659105053259148,2,0,1,0,1,0,0,0,0,1,0
0,1,0,-1.2384776399319688,0,0,0,0,1,0,1,0.6391760165747318,2,0,1,0,1,0,0,0,0,1,0
1,0,0,-1.2791730474053722,0,0,0,0,0,0,0,-1.3138695784980343,0,1,0,0,1,0,0,0,0,1,0
1,1,0,-0.09900623067667355,1,1,1,1,1,0,1,1.358282090270742,2,0,1,0,1,0,0,1,0,0,0
0,0,0,-0.18039704562348036,0,0,0,0,0,0,0,-1.5463750064828874,1,0,0,1,0,1,0,0,1,0,0
0,0,1,1.4474192533126558,1,1,0,1,1,1,1,0.7205529163694304,2,1,0,0,0,0,1,1,0,0,0
0,0,0,-0.6687419353043211,0,0,0,0,0,0,1,0.3302759479662841,2,0,1,0,1,0,0,0,1,0,0
1,1,0,-1.2384776399319688,0,0,1,0,0,0,0,0.47808297004236944,2,0,1,0,1,0,0,0,0,1,0
0,0,0,-0.7094373427777246,0,0,1,0,0,1,1,-0.1779144874863233,1,1,0,0,1,0,0,0,0,1,0
0,1,1,1.569505475732866,1,0,1,0,1,1,0,1.3532998310996378,2,0,1,0,0,0,1,0,0,1,0
0,0,0,-1.157086824985162,0,0,1,0,0,0,1,0.302043145996695,1,0,1,0,1,0,0,0,0,1,0
0,0,0,0.22655702911055367,0,1,1,1,0,0,1,0.6458190288028706,1,0,1,0,1,0,0,0,1,0,0
0,1,1,1.569505475732866,0,0,0,0,0,0,0,-1.4982131678288821,1,0,0,1,0,0,1,0,1,0,0
0,0,0,-1.2791730474053722,0,0,0,0,0,1,1,0.5411915862096864,1,0,1,0,1,0,0,0,0,1,0
0,1,1,1.6102008832062693,1,1,1,1,1,0,1,1.3715681147270191,2,0,1,0,0,0,1,0,1,0,0
0,0,0,-1.0350006025649519,0,0,0,1,1,0,1,-0.17625373442928874,1,1,0,0,1,0,0,0,0,0,1
0,1,1,1.366028438365849,1,0,1,1,1,1,1,0.6375152635176972,2,1,0,0,0,0,1,0,0,0,1
0,1,0,1.3253330308924456,0,1,0,0,1,0,1,0.8982534934721395,2,0,1,0,1,0,0,1,0,0,0
1,1,0,1.1218559935254284,0,0,1,0,1,1,1,1.1855637723391368,2,0,1,0,0,1,0,0,1,0,0
0,0,1,0.10447080669034346,0,0,0,0,0,0,1,-1.4849271433726048,1,0,0,1,0,1,0,0,1,0,0
0,0,0,-0.6280465278309177,1,1,0,0,0,0,0,-0.2891849423076459,1,1,0,0,0,1,0,0,0,0,1
0,0,1,-1.2791730474053722,0,0,0,0,0,1,1,0.49136899449864646,1,0,1,0,1,0,0,0,0,1,0
1,0,0,1.6102008832062693,0,0,0,0,0,0,1,-1.3188518376691383,2,0,0,1,0,0,1,0,1,0,0
0,1,0,-0.5059603054107076,0,0,0,0,0,0,0,-1.4666588597452237,1,0,0,1,0,1,0,0,0,0,1
0,1,0,0.5114248814243775,1,1,1,1,1,1,0,1.6107165549400109,2,0,1,0,0,1,0,0,0,0,1
0,1,1,-0.22109245309688375,0,0,0,0,0,0,1,-1.469980365859293,1,0,0,1,0,1,0,0,0,0,1
0,0,0,-0.8722189726713382,1,0,0,0,0,0,0,0.3850807988484283,1,0,1,0,1,0,0,0,0,1,0
0,1,1,-0.01761541572986675,1,1,0,0,0,0,1,-0.9850404732051707,0,1,0,0,1,0,0,0,0,1,0
0,0,0,-0.5059603054107076,0,0,0,1,1,1,1,1.1207944031147847,2,0,1,0,1,0,0,0,0,0,1
1,0,0,0.6742065113179911,0,1,1,0,0,1,1,0.8318233711907528,1,0,1,0,0,1,0,1,0,0,0
0,1,1,0.3079478440573605,0,1,1,0,1,0,1,1.0477212686052593,2,0,1,0,1,0,0,0,1,0,0
0,1,1,-0.9129143801447416,0,0,0,0,0,1,0,0.7022846327420492,2,0,1,0,1,0,0,0,0,1,0
0,0,1,0.34864325153076386,0,0,0,0,0,0,1,-1.4799448842015008,1,0,0,1,0,1,0,0,1,0,0
0,0,0,1.4474192533126558,1,1,1,0,0,1,1,0.4016883294187749,2,1,0,0,0,1,0,0,1,0,0
0,1,1,0.6335111038445876,1,1,1,0,0,1,1,0.1758259136620601,1,1,0,0,0,0,1,0,1,0,0
0,0,0,-0.953609787618145,0,0,0,0,1,1,1,0.9945771707801502,2,0,1,0,1,0,0,0,0,1,0
0,0,0,0.10447080669034346,0,0,1,1,1,0,0,1.0194884666356703,2,0,1,0,1,0,0,0,0,1,0
0,1,0,-0.01761541572986675,1,0,0,1,1,0,1,0.2655065787419321,2,1,0,0,0,1,0,0,1,0,0
0,0,1,-0.7094373427777246,0,0,1,1,0,0,0,-0.31907849733426985,1,1,0,0,0,1,0,0,1,0,0
0,0,0,-0.6687419353043211,0,0,0,1,0,1,1,0.8052513222781983,2,0,1,0,1,0,0,0,1,0,0
0,1,1,1.6102008832062693,0,0,0,0,0,0,1,-1.315530331555069,2,0,0,1,0,0,1,1,0,0,0
0,0,0,-1.0350006025649519,0,0,1,0,1,0,1,0.8517524078751691,2,0,1,0,1,0,0,0,0,1,0
0,0,0,-0.34317867551709397,0,1,0,0,0,0,1,0.5129587842400973,2,0,1,0,1,0,0,0,0,1,0
0,0,0,-0.34317867551709397,1,0,0,0,0,0,1,-0.304131719820958,2,1,0,0,1,0,0,1,0,0,0
0,0,0,0.22655702911055367,1,1,1,0,1,1,0,0.6408367696317664,2,1,0,0,0,1,0,1,0,0,0
0,1,1,0.3079478440573605,0,0,1,1,0,0,1,0.6657480654872863,2,0,1,0,1,0,0,0,0,1,0
0,1,0,-0.22109245309688375,1,0,0,1,1,1,1,1.2320648579361075,1,0,1,0,0,1,0,0,1,0,0
1,1,0,1.6102008832062693,1,1,1,1,0,1,0,0.45317167418684945,2,1,0,0,0,0,1,1,0,0,0
0,0,0,1.5288100682594625,1,1,1,0,1,1,1,1.5393041734875206,2,0,1,0,0,0,1,0,0,0,1
0,0,0,-0.8722189726713382,0,0,0,1,1,1,0,0.1891119381183376,1,1,0,0,1,0,0,0,0,0,1
0,1,1,-1.2384776399319688,0,0,0,0,0,0,1,0.22730925843013508,1,0,1,0,1,0,0,0,0,1,0
1,0,0,-0.7908281577245314,0,1,1,0,0,0,1,-0.3323645217905474,1,1,0,0,1,0,0,0,0,1,0
1,0,0,1.366028438365849,0,1,1,0,1,1,0,1.4379982370084057,2,0,1,0,0,1,0,1,0,0,0
0,0,0,-1.0350006025649519,0,0,0,0,0,0,1,-1.3205125907261732,2,0,0,1,1,0,0,1,0,0,0
0,0,0,-1.2791730474053722,0,0,0,0,0,0,0,-1.469980365859293,1,0,0,1,1,0,0,0,1,0,0
0,0,0,-1.2791730474053722,0,0,0,0,0,0,1,-1.4733018719733622,1,0,0,1,1,0,0,0,0,0,1
0,0,1,-1.2791730474053722,0,0,0,0,0,1,0,0.4598146864149882,1,0,1,0,1,0,0,0,0,1,0
0,1,0,1.4881146607860591,0,1,0,1,1,0,1,0.9181825301565557,2,0,1,0,0,0,1,0,0,0,1
0,0,0,0.023079991743536653,0,0,0,0,0,0,0,-1.2989228009847222,2,0,0,1,0,0,1,0,1,0,0
1,0,0,0.9590743636318149,1,1,1,0,1,1,0,1.5177143837460698,2,0,1,0,0,1,0,0,0,1,0
0,0,0,-1.0756960100383552,0,1,0,0,0,1,1,0.6508012879739747,1,0,1,0,1,0,0,0,0,1,0
0,0,0,-1.2384776399319688,0,0,1,0,1,0,1,0.8833067159588278,2,0,1,0,1,0,0,0,0,1,0
0,0,0,0.5521202888977809,0,0,1,0,0,0,1,0.33193670102331874,1,0,1,0,1,0,0,0,1,0,0
0,0,0,0.4707294739509741,0,0,1,0,1,1,1,-0.5233511233495338,0,1,0,0,0,1,0,0,0,1,0
1,0,0,-0.05831082320327015,0,0,1,1,1,0,1,1.0560250338904327,2,0,1,0,1,0,0,1,0,0,0
0,1,0,1.2846376234190422,0,1,1,1,0,1,1,0.11603880360881223,1,1,0,0,0,0,1,0,0,0,1
1,0,0,1.081160586052025,1,1,1,0,0,0,1,0.8285018650766837,2,0,1,0,1,0,0,0,0,1,0
0,0,0,-1.1163914175117586,0,1,0,1,0,1,1,0.8152158406204062,1,0,1,0,1,0,0,0,0,1,0
0,0,0,-1.2791730474053722,0,0,0,0,0,0,1,-0.6296393189997522,1,1,0,0,1,0,0,0,0,0,1
0,1,1,0.5114248814243775,1,1,1,1,1,0,0,0.5478345984378252,2,1,0,0,1,0,0,0,0,0,1
1,0,0,-0.7094373427777246,1,0,1,1,0,1,1,1.0460605155482248,1,0,1,0,1,0,0,0,0,0,1
0,0,0,-1.2791730474053722,0,0,0,0,0,0,0,0.16253988920578305,1,0,1,0,1,0,0,1,0,0,0
0,1,0,-0.05831082320327015,0,1,1,0,1,0,0,0.9630228626964915,2,0,1,0,1,0,0,0,0,1,0
0,0,0,-0.9129143801447416,0,0,0,0,1,0,1,0.7056061388561183,2,0,1,0,1,0,0,1,0,0,0
0,1,1,0.7555973262647979,0,1,0,1,0,0,0,0.644158275745836,2,0,1,0,0,1,0,1,0,0,0
1,1,0,0.5521202888977809,0,1,1,1,1,1,1,-0.16296770997301147,0,1,0,0,0,1,0,1,0,0,0
1,0,0,-0.953609787618145,0,0,0,0,0,1,1,0.632533004346593,2,0,1,0,1,0,0,0,0,1,0
0,0,0,1.3253330308924456,0,0,0,0,0,0,1,-1.3188518376691383,2,0,0,1,0,0,1,1,0,0,0
0,0,0,-0.8722189726713382,0,0,0,1,1,0,0,0.8417878895329612,2,0,1,0,1,0,0,0,0,1,0
1,1,0,0.4300340664775707,0,1,1,0,1,1,1,1.1872245253961713,1,0,1,0,0,1,0,1,0,0,0
0,1,1,0.34864325153076386,0,0,0,0,0,0,0,-1.5048561800570208,1,0,0,1,0,1,0,1,0,0,0
0,1,0,-0.26178786057028713,0,0,0,0,0,0,0,-1.2889582826425143,2,0,0,1,0,1,0,0,0,0,1
0,1,0,0.7555973262647979,1,1,1,0,1,0,1,0.9530583443542836,1,0,1,0,0,1,0,0,0,1,0
0,0,0,-0.26178786057028713,0,0,0,0,0,0,1,0.3369189601944229,2,0,1,0,1,0,0,1,0,0,0
0,1,1,1.5288100682594625,1,1,0,0,1,1,1,1.3699073616699844,2,0,1,0,1,0,0,0,0,1,0
0,0,0,0.4300340664775707,0,1,0,0,0,0,1,0.4332426375024332,2,0,1,0,1,0,0,0,0,1,0
0,1,0,-0.22109245309688375,0,0,0,0,0,0,0,-1.5031954269999863,1,0,0,1,0,0,1,1,0,0,0
0,1,1,0.10447080669034346,1,0,0,1,1,0,1,-0.6130317884294056,0,1,0,0,0,0,1,0,1,0,0
0,0,0,-0.5059603054107076,0,0,0,0,0,0,1,-1.5247852167414369,1,0,0,1,1,0,0,0,1,0,0
0,0,0,-1.2384776399319688,0,0,0,0,0,0,0,0.19575495034647636,1,0,1,0,1,0,0,0,0,0,1
0,0,0,-1.157086824985162,0,1,0,0,0,0,0,0.45317167418684945,2,0,1,0,1,0,0,0,0,1,0
0,1,0,0.18586162163715025,1,0,0,0,0,0,1,-0.324060756505374,2,1,0,0,1,0,0,0,0,0,1
0,1,0,-0.546655712884111,1,1,0,1,0,0,1,0.796947556993025,2,0,1,0,1,0,0,0,1,0,0
0,1,1,-0.750132750251128,0,0,0,0,1,0,1,0.6640873124302518,2,0,1,0,1,0,0,0,0,1,0
0,0,0,-1.1163914175117586,0,0,0,0,0,0,1,0.36847326827808163,2,0,1,0,1,0,0,1,0,0,0
0,0,0,-1.157086824985162,0,0,0,1,0,1,0,0.024697385471905652,2,1,0,0,1,0,0,0,0,0,1
0,1,1,1.366028438365849,0,1,1,0,1,1,1,1.2503331415634886,2,0,1,0,0,1,0,0,1,0,0
0,0,0,0.9997697711052183,0,1,0,0,1,0,1,-0.8471979694712936,0,1,0,0,1,0,0,0,0,1,0
1,0,0,-1.0756960100383552,1,0,0,0,1,0,1,0.6757125838294947,1,0,1,0,1,0,0,1,0,0,0
0,0,0,1.366028438365849,1,1,1,1,1,1,1,-0.07660855100720883,0,1,0,0,0,0,1,1,0,0,0
0,1,1,0.10447080669034346,0,0,0,0,0,0,1,-1.2972620479276877,2,0,0,1,1,0,0,0,0,1,0
0,1,1,0.8369881412116047,1,1,0,1,1,0,1,0.16253988920578305,1,1,0,0,0,0,1,0,0,0,1
0,1,0,1.6102008832062693,1,1,1,1,1,1,0,1.6937542077917442,2,0,1,0,0,0,1,0,1,0,0
1,0,0,-0.7908281577245314,0,0,1,0,1,1,1,1.0643287991756059,1,0,1,0,1,0,0,0,0,1,0
1,0,0,-1.1163914175117586,0,0,0,0,0,0,1,0.18080817283316428,1,0,1,0,1,0,0,0,0,0,1
0,0,0,-1.2384776399319688,0,0,0,0,0,0,0,-1.4915701556007437,1,0,0,1,1,0,0,0,0,1,0
0,1,0,-0.5059603054107076,0,0,0,0,0,0,0,-1.4766233780874316,1,0,0,1,0,1,0,0,0,0,1
0,1,1,1.5288100682594625,1,1,1,1,0,1,0,0.3086861582248333,1,1,0,0,0,1,0,0,1,0,0
0,0,0,-1.2791730474053722,0,0,0,0,0,0,0,-1.4716411189163277,1,0,0,1,1,0,0,0,0,0,1
0,0,0,0.2672524365839571,1,1,0,0,1,1,1,1.3815326330692275,2,0,1,0,1,0,0,0,0,1,0
1,1,0,-0.750132750251128,0,0,0,0,0,0,0,-1.4998739208859169,1,0,0,1,0,1,0,0,0,0,1
0,0,0,-0.6280465278309177,0,0,0,0,0,0,0,-1.3188518376691383,0,1,0,0,1,0,0,0,1,0,0
0,1,1,1.4881146607860591,0,0,0,1,1,1,1,1.0095239482934624,1,0,1,0,0,0,1,0,1,0,0
0,0,0,1.1625514009988318,0,0,1,1,1,1,1,1.3881756452973657,2,0,1,0,0,0,1,0,0,1,0
0,0,0,-1.1163914175117586,0,0,1,0,0,1,0,-0.8405549572431548,0,1,0,0,1,0,0,0,0,1,0
1,0,0,-0.5873511203575144,0,1,0,0,0,0,1,0.5229233025823052,2,0,1,0,1,0,0,0,1,0,0
1,0,0,0.06377539921694006,0,1,1,0,1,1,1,1.1639739825976858,1,0,1,0,0,1,0,0,0,1,0
0,1,1,1.2439422159456388,0,1,1,0,1,1,1,1.3283885352441178,2,0,1,0,0,0,1,1,0,0,0
0,0,0,-0.750132750251128,0,0,0,0,0,0,1,-1.3288163560113464,2,0,0,1,0,1,0,0,1,0,0
0,0,0,0.3079478440573605,0,1,0,0,0,0,0,0.33193670102331874,1,0,1,0,1,0,0,0,1,0,0
0,0,0,-0.34317867551709397,0,0,0,0,0,0,0,-1.4633373536311542,1,0,0,1,0,0,1,0,0,0,1
0,0,0,0.10447080669034346,0,0,0,0,0,0,1,-1.4816056372585356,1,0,0,1,0,0,1,0,0,0,1
0,1,1,-0.953609787618145,0,1,0,1,1,1,1,1.21877883347983,1,0,1,0,1,0,0,0,0,1,0
1,1,0,-1.2791730474053722,0,1,0,0,1,0,1,0.8567346670462728,2,0,1,0,1,0,0,0,0,1,0
1,1,1,1.3253330308924456,0,1,1,0,1,1,1,1.4164084472669554,2,0,1,0,0,1,0,0,0,1,0
0,1,1,-0.8722189726713382,0,0,0,0,0,0,0,-1.4566943414030156,1,0,0,1,1,0,0,1,0,0,0
0,0,0,-1.157086824985162,0,0,0,0,0,0,1,0.20239796257461512,1,0,1,0,1,0,0,1,0,0,0
0,1,1,0.023079991743536653,0,0,1,1,1,1,1,0.302043145996695,1,1,0,0,0,1,0,0,0,0,1
0,0,1,-0.9129143801447416,0,0,0,0,0,0,1,-1.4899094025437087,1,0,0,1,0,1,0,1,0,0,0
1,0,1,0.023079991743536653,0,1,1,0,1,1,1,1.3466568188714991,2,0,1,0,1,0,0,1,0,0,0
0,0,0,-1.0350006025649519,0,0,0,0,0,0,0,-1.4882486494866742,1,0,0,1,1,0,0,1,0,0,0
1,0,0,-0.26178786057028713,1,1,0,0,0,1,1,1.0028809360653235,2,0,1,0,1,0,0,0,0,1,0
0,0,0,1.1625514009988318,1,0,1,1,1,1,0,0.7188921633123959,2,1,0,0,0,0,1,0,1,0,0
0,1,0,0.9590743636318149,1,0,1,0,0,0,0,0.5146195372971318,1,0,1,0,0,0,1,1,0,0,0
1,0,0,1.569505475732866,1,1,0,0,1,1,1,-0.2775596709084032,0,1,0,0,0,1,0,0,0,1,0
0,1,1,-0.6280465278309177,0,0,0,0,1,1,1,0.9215040362706248,2,0,1,0,1,0,0,0,0,1,0
0,1,1,-0.22109245309688375,1,1,1,1,0,0,0,0.04462642215632192,1,1,0,0,0,1,0,0,0,0,1
0,1,0,1.4067238458392524,1,1,1,0,0,0,0,0.028018891585975265,2,1,0,0,0,0,1,0,0,0,1
1,1,0,0.8776835486850081,0,0,1,1,1,1,1,1.1390626867421658,1,0,1,0,0,1,0,0,0,1,0
0,1,1,1.6102008832062693,1,1,0,0,1,0,1,1.0062024421793927,2,0,1,0,0,0,1,0,0,1,0
0,1,0,0.5928156963711843,0,0,0,0,0,0,0,-1.4998739208859169,1,0,0,1,0,0,1,1,0,0,0
1,0,0,0.18586162163715025,0,0,1,0,1,1,1,1.2054928090235526,2,0,1,0,1,0,0,0,0,1,0
0,1,1,0.10447080669034346,0,0,0,0,0,0,1,-1.4932309086577782,1,0,0,1,0,0,1,0,0,0,1
0,0,0,1.1218559935254284,0,0,0,0,0,0,0,-1.3221733437832077,2,0,0,1,0,0,1,0,0,0,1
0,0,0,1.2032468084722354,1,1,1,1,0,0,0,0.15257537086357514,2,1,0,0,0,0,1,1,0,0,0
0,0,0,-0.546655712884111,0,0,0,0,0,0,0,-1.5281067228555063,1,0,0,1,0,1,0,0,0,0,1
0,1,1,1.0404651785786216,0,0,0,0,0,0,1,-1.4932309086577782,1,0,0,1,0,0,1,0,0,0,1
0,0,1,-0.9129143801447416,0,0,0,0,0,0,0,-1.3288163560113464,2,0,0,1,1,0,0,0,1,0,0
0,1,1,-0.13970163815007697,0,0,0,0,0,0,0,-1.285636776528445,2,0,0,1,0,0,1,0,0,0,1
0,0,0,0.14516621416374687,1,0,0,0,0,0,0,-1.1212222238820133,0,1,0,0,0,0,1,1,0,0,0
1,0,0,-0.5873511203575144,0,1,0,0,0,0,1,0.29041787459745205,1,0,1,0,1,0,0,0,0,1,0
0,0,1,-0.4652648979373042,1,0,0,0,0,0,0,0.5162802903541664,2,0,1,0,1,0,0,0,0,1,0
0,0,0,-1.2791730474053722,1,0,0,0,0,0,0,-0.5598876906042963,1,1,0,0,1,0,0,0,0,1,0
1,1,0,-1.2791730474053722,0,0,0,0,0,0,1,0.31865067656704166,2,0,1,0,1,0,0,0,0,1,0
0,0,0,1.6102008832062693,1,1,1,1,1,0,1,0.3419012193655266,1,1,0,0,0,0,1,1,0,0,0
0,0,0,0.4707294739509741,1,1,1,0,1,1,1,1.3699073616699844,1,0,1,0,0,1,0,0,0,1,0
0,0,0,1.2032468084722354,0,1,1,1,1,1,1,0.5179410434112015,1,1,0,0,1,0,0,1,0,0,0
0,0,0,-1.1977822324585654,0,0,1,1,0,0,0,0.5079765250689932,1,0,1,0,1,0,0,0,1,0,0
0,1,0,-1.2791730474053722,0,0,0,0,1,0,0,0.4647969455860919,1,0,1,0,1,0,0,0,0,1,0
0,0,0,1.6102008832062693,1,1,1,1,1,1,1,0.024697385471905652,0,1,0,0,0,0,1,1,0,0,0
0,0,1,-1.0350006025649519,0,0,0,0,0,0,1,0.20738022174571882,1,0,1,0,1,0,0,0,0,1,0
0,0,0,-1.2791730474053722,0,0,0,0,0,0,0,-1.4782841311444663,1,0,0,1,1,0,0,0,1,0,0
0,0,0,-0.3024832680436906,0,0,0,0,0,0,1,-1.5148206983992287,1,0,0,1,1,0,0,0,1,0,0
0,0,0,-0.09900623067667355,0,0,0,1,1,0,0,0.6757125838294947,1,0,1,0,1,0,0,0,0,1,0
0,1,1,1.5288100682594625,1,1,1,0,1,1,1,1.4396589900654406,2,0,1,0,0,1,0,0,1,0,0
1,1,0,1.4881146607860591,0,1,1,1,1,1,1,1.4994461001186885,2,0,1,0,0,0,1,0,0,1,0
0,0,1,1.1218559935254284,0,0,0,0,0,0,0,-1.4899094025437087,1,0,0,1,0,0,1,0,0,0,1
0,1,0,1.4474192533126558,1,1,1,1,0,0,0,0.20239796257461512,2,1,0,0,0,0,1,0,1,0,0
0,1,1,1.5288100682594625,0,0,0,0,0,0,0,-1.310548072383965,2,0,0,1,0,0,1,0,0,0,1
1,1,0,-0.13970163815007697,1,0,1,0,0,1,0,0.8401271364759262,1,0,1,0,0,1,0,1,0,0,0
0,1,1,1.5288100682594625,0,0,0,0,0,0,0,-1.4865878964296397,1,0,0,1,0,0,1,0,1,0,0
0,0,0,0.7149019187913945,1,1,1,1,0,0,1,0.8401271364759262,1,0,1,0,0,1,0,0,1,0,0
0,0,1,-1.2791730474053722,0,0,0,0,0,0,1,-1.5065169331140555,1,0,0,1,1,0,0,0,0,0,1
0,0,0,-0.09900623067667355,0,1,1,1,1,1,0,1.516053630689035,2,0,1,0,0,1,0,0,1,0,0
0,1,1,-0.38387408299049736,0,1,1,1,0,0,0,0.6308722512895585,1,0,1,0,1,0,0,0,0,1,0
0,1,0,1.2439422159456388,0,0,0,0,0,0,0,-1.5131599453421942,1,0,0,1,0,0,1,0,0,0,1
0,1,1,-0.4652648979373042,0,0,0,0,0,0,1,-0.6595328740263762,1,1,0,0,1,0,0,0,0,1,0
0,1,1,1.6102008832062693,0,0,0,0,0,0,0,-1.3470846396387277,2,0,0,1,0,0,1,0,1,0,0
0,0,0,-1.2791730474053722,0,0,0,0,0,1,0,0.5212625495252706,1,0,1,0,1,0,0,0,0,1,0
0,0,0,-0.7094373427777246,0,0,0,0,0,0,1,-1.3088873193269304,2,0,0,1,1,0,0,0,1,0,0
0,1,1,1.2032468084722354,1,1,0,0,0,0,1,0.5528168576089294,1,0,1,0,0,1,0,0,1,0,0
0,0,0,1.4474192533126558,1,1,1,0,1,0,0,1.2137965743087258,2,0,1,0,0,1,0,1,0,0,0
1,1,0,1.6102008832062693,1,1,0,1,0,0,1,0.6640873124302518,1,0,1,0,0,0,1,0,1,0,0
0,0,0,-0.9943051950915484,0,0,0,0,0,1,0,0.6541227940880439,2,0,1,0,1,0,0,1,0,0,0
0,1,0,1.1625514009988318,0,1,1,1,0,1,0,0.9746481340957344,1,0,1,0,1,0,0,0,1,0,0
1,1,0,0.2672524365839571,0,1,1,0,1,1,1,1.3566213372137075,2,0,1,0,1,0,0,0,0,1,0
0,0,0,-1.2791730474053722,0,0,0,0,0,0,1,0.18412967894723342,1,0,1,0,1,0,0,0,0,1,0
1,0,0,0.5928156963711843,0,1,1,0,0,0,1,0.6773733368865292,2,0,1,0,1,0,0,1,0,0,0
0,1,0,1.2439422159456388,1,1,0,0,1,1,1,0.4946905006127161,2,1,0,0,0,1,0,0,1,0,0
1,0,0,-0.8315235651979348,0,1,0,0,0,0,1,-1.1776878278211917,0,1,0,0,1,0,0,0,1,0,0
0,0,0,-1.2791730474053722,0,0,0,0,0,0,0,-1.4915701556007437,1,0,0,1,1,0,0,0,0,0,1
0,0,0,0.7555973262647979,0,0,0,0,0,0,1,-1.4932309086577782,1,0,0,1,0,1,0,1,0,0,0
0,1,1,0.10447080669034346,0,0,0,0,0,0,1,-1.3088873193269304,2,0,0,1,0,0,1,0,1,0,0
0,0,0,-1.1163914175117586,0,0,1,0,1,1,1,1.1855637723391368,2,0,1,0,1,0,0,0,0,1,0
0,1,1,-0.01761541572986675,0,0,1,0,1,1,0,-0.4718677785814591,0,1,0,0,1,0,0,0,1,0,0
0,0,0,-1.157086824985162,0,0,0,0,0,0,1,-1.4932309086577782,1,0,0,1,1,0,0,0,0,1,0
0,1,1,0.6335111038445876,0,0,0,0,0,0,0,-1.3703351824372132,2,0,0,1,0,0,1,0,0,0,1
0,1,0,-0.34317867551709397,1,0,0,1,1,1,0,0.31865067656704166,1,1,0,0,0,1,0,1,0,0,0
0,1,1,0.10447080669034346,0,1,0,0,1,0,1,0.8251803589626145,2,0,1,0,1,0,0,1,0,0,0
0,0,1,-1.157086824985162,1,0,0,0,0,0,1,-0.5117258519502912,1,1,0,0,1,0,0,0,0,1,0
0,1,0,0.9183789561584115,1,1,1,0,0,0,0,-0.20614728945591265,1,1,0,0,0,0,1,0,0,1,0
0,0,0,-1.2791730474053722,0,0,0,0,0,0,0,-1.4832663903155703,1,0,0,1,1,0,0,0,0,0,1
0,1,0,1.5288100682594625,0,0,1,0,1,1,1,1.2270825987650034,2,0,1,0,0,1,0,0,0,1,0
0,1,1,0.6335111038445876,0,0,0,0,0,0,0,-1.4816056372585356,1,0,0,1,0,0,1,1,0,0,0
1,0,0,-1.0350006025649519,0,1,1,0,1,0,1,0.004768348787489859,1,1,0,0,1,0,0,0,0,1,0
0,0,0,-1.1977822324585654,0,1,1,1,1,1,1,1.433015977837302,1,0,1,0,1,0,0,0,0,1,0
0,1,1,0.9183789561584115,0,0,0,0,0,0,0,-1.4782841311444663,1,0,0,1,0,0,1,0,0,0,1
0,1,0,1.4474192533126558,0,0,0,0,0,0,1,-1.3238340968402422,2,0,0,1,0,0,1,0,1,0,0
1,0,0,-0.7094373427777246,0,1,0,0,1,0,0,0.8035905692211637,2,0,1,0,1,0,0,0,1,0,0
0,1,1,1.569505475732866,1,1,1,0,1,1,1,1.323406276073014,1,0,1,0,0,1,0,1,0,0,0
0,0,1,-0.7908281577245314,0,1,1,0,1,1,1,1.3067987455026675,2,0,1,0,0,1,0,0,1,0,0
0,1,1,0.22655702911055367,0,0,0,0,0,0,0,-1.5015346739429516,1,0,0,1,0,1,0,0,1,0,0
0,1,1,-0.546655712884111,0,0,1,1,1,1,0,1.2785659435330778,2,0,1,0,1,0,0,0,0,1,0
0,0,0,-1.2384776399319688,0,0,0,0,0,0,1,-0.6578721209693417,1,1,0,0,1,0,0,0,0,0,1
0,0,0,-1.1163914175117586,0,0,0,0,0,0,0,-1.3072265662698956,2,0,0,1,1,0,0,0,0,0,1
0,0,0,-0.5873511203575144,0,0,0,1,0,0,1,0.36847326827808163,1,0,1,0,1,0,0,1,0,0,0
1,1,1,-0.750132750251128,0,0,0,0,1,1,1,1.0294529849778782,2,0,1,0,1,0,0,0,0,1,0
0,1,1,-0.546655712884111,0,0,0,0,0,0,1,-1.3254948498972772,2,0,0,1,0,0,1,1,0,0,0
0,0,0,0.2672524365839571,0,0,0,1,0,0,1,-0.4984398274940139,1,1,0,0,0,0,1,1,0,0,0
0,0,0,0.023079991743536653,0,0,0,0,0,0,0,0.11437805055177766,1,0,1,0,1,0,0,0,0,1,0
0,1,1,0.9183789561584115,0,1,1,1,1,1,1,1.2918519679893554,1,0,1,0,0,1,0,1,0,0,0
0,0,0,-1.1163914175117586,0,0,0,0,0,0,0,-1.3454238865816932,0,1,0,0,1,0,0,0,0,0,1
0,0,0,-1.2384776399319688,0,0,1,0,0,1,1,0.6989631266279797,1,0,1,0,1,0,0,0,0,1,0
1,0,0,-1.0350006025649519,1,0,0,0,0,0,1,-0.5515839253191229,1,1,0,0,1,0,0,0,0,1,0
0,1,0,0.7555973262647979,0,0,0,0,0,0,0,-1.3055658132128611,2,0,0,1,0,0,1,0,0,0,1
0,1,0,1.6102008832062693,1,1,0,0,0,0,1,0.6391760165747318,2,0,1,0,0,0,1,1,0,0,0
0,0,0,-0.42456949046390074,1,0,0,0,1,1,1,1.19386753762431,2,0,1,0,1,0,0,0,0,1,0
0,1,0,1.1218559935254284,1,1,0,1,0,0,0,-0.16462846303004602,1,1,0,0,0,0,1,1,0,0,0
1,0,0,1.2032468084722354,0,0,0,0,1,0,0,0.6524620410310092,2,0,1,0,0,1,0,0,0,1,0
0,0,0,0.14516621416374687,1,1,1,1,1,1,0,0.6989631266279797,1,1,0,0,0,1,0,1,0,0,0
0,1,1,1.1218559935254284,0,0,0,0,0,0,0,0.31698992351000665,2,0,1,0,1,0,0,1,0,0,0
0,0,0,0.7149019187913945,0,0,0,0,1,1,1,1.026131478863809,2,0,1,0,1,0,0,0,0,1,0
0,1,0,1.569505475732866,0,1,1,1,1,1,1,0.6142647207192118,2,1,0,0,0,0,1,0,1,0,0
0,0,0,-0.13970163815007697,0,0,0,1,1,1,1,0.976308887152769,1,0,1,0,1,0,0,0,0,1,0
1,0,0,0.3079478440573605,1,1,0,0,0,0,1,0.47808297004236944,1,0,1,0,1,0,0,0,1,0,0
0,0,1,0.023079991743536653,1,0,0,1,0,0,0,-1.0215770404599334,0,1,0,0,0,1,0,0,1,0,0
0,0,0,-0.6280465278309177,0,0,0,1,0,0,0,-0.4419742235548352,1,1,0,0,1,0,0,0,0,0,1
0,0,1,-1.157086824985162,0,0,0,0,0,0,0,-1.4749626250303969,1,0,0,1,1,0,0,0,1,0,0
0,0,0,1.4067238458392524,1,0,1,1,1,0,1,-0.5133866050073257,0,1,0,0,0,1,0,1,0,0,0
0,0,0,-1.157086824985162,0,0,0,0,0,0,1,0.17416516060502552,1,0,1,0,1,0,0,0,1,0,0
0,1,1,-0.953609787618145,0,0,1,1,1,1,0,1.2719229313049392,1,0,1,0,1,0,0,0,0,1,0
0,0,0,0.8369881412116047,0,0,0,0,0,0,0,-1.3537276518668664,2,0,0,1,0,1,0,1,0,0,0
0,0,1,-1.2791730474053722,0,0,0,0,1,1,1,0.9464153321261448,2,0,1,0,1,0,0,0,0,1,0
0,1,1,0.9590743636318149,0,0,0,0,1,1,0,0.8002690631070946,1,0,1,0,0,1,0,1,0,0,0
0,1,0,0.023079991743536653,0,1,1,0,1,1,1,1.3151025107878407,2,0,1,0,1,0,0,0,0,1,0
0,0,0,0.2672524365839571,0,0,1,0,1,1,1,-0.46688551941035517,0,1,0,0,1,0,0,0,0,1,0
1,0,0,-1.2791730474053722,0,0,0,0,0,0,1,-0.6296393189997522,1,1,0,0,1,0,0,0,0,0,1
1,0,0,0.5114248814243775,0,0,0,0,0,1,0,-1.0165947812888292,0,1,0,0,0,1,0,0,0,1,0
0,1,1,0.10447080669034346,0,0,0,0,0,0,0,-1.4865878964296397,1,0,0,1,0,1,0,1,0,0,0
0,0,1,-1.1977822324585654,0,0,0,0,0,0,1,-1.2756722581862372,2,0,0,1,0,0,1,0,0,0,1
0,0,0,-1.0350006025649519,0,0,0,0,1,1,1,0.964683615753526,2,0,1,0,1,0,0,0,0,1,0
0,0,0,0.18586162163715025,1,1,1,0,0,0,0,0.876663703730689,2,0,1,0,1,0,0,1,0,0,0
0,0,0,0.7962927337382013,1,0,1,1,1,1,1,1.4778563103772377,2,0,1,0,0,0,1,0,0,1,0
0,1,1,0.22655702911055367,0,0,0,0,0,0,0,-1.4782841311444663,1,0,0,1,0,1,0,0,0,0,1
0,1,1,0.9590743636318149,1,0,0,0,1,0,0,0.013072114072663185,2,1,0,0,0,1,0,1,0,0,0
0,0,0,-1.2791730474053722,1,0,0,0,0,0,1,-0.4685462724673897,1,1,0,0,1,0,0,0,0,0,1
0,1,1,0.5928156963711843,0,1,0,0,1,1,1,1.1473664520273392,2,0,1,0,1,0,0,0,0,1,0
0,0,0,0.8776835486850081,0,0,1,0,0,1,0,0.8168765936774413,2,0,1,0,1,0,0,0,1,0,0
0,1,1,1.4067238458392524,0,0,0,0,0,0,0,-1.3337986151824504,2,0,0,1,0,0,1,1,0,0,0
0,0,0,-0.5873511203575144,0,1,1,0,0,0,1,-1.0398453240873147,0,1,0,0,1,0,0,0,1,0,0
1,1,1,1.6102008832062693,1,1,1,1,1,1,1,-0.00021391038361432476,0,1,0,0,0,0,1,1,0,0,0
0,1,1,1.081160586052025,0,1,0,1,1,1,1,0.3701340213351162,1,1,0,0,0,0,1,0,1,0,0
0,1,0,-0.7094373427777246,1,0,1,0,1,1,0,1.2270825987650034,1,0,1,0,1,0,0,0,0,1,0
0,0,0,1.3253330308924456,0,1,0,1,1,1,1,1.3366923005292912,2,0,1,0,0,1,0,1,0,0,0
0,1,1,-1.0350006025649519,1,0,0,1,0,0,0,-1.0016480037755173,0,1,0,0,1,0,0,0,0,0,1
0,0,0,0.14516621416374687,0,0,0,0,0,1,1,0.6624265593732171,2,0,1,0,1,0,0,0,0,1,0
0,0,0,-1.2384776399319688,0,0,0,0,0,0,0,-1.4865878964296397,1,0,0,1,1,0,0,0,0,0,1
0,0,0,-0.9129143801447416,1,0,0,0,1,1,1,1.125776662285889,2,0,1,0,1,0,0,0,0,1,0
1,1,0,-0.750132750251128,0,1,0,0,1,1,1,1.1755992539969289,2,0,1,0,1,0,0,0,0,1,0
0,0,1,-1.2791730474053722,0,1,0,0,0,0,1,-0.4951183213799445,1,1,0,0,1,0,0,0,0,1,0
1,1,0,1.2846376234190422,1,0,1,0,0,0,0,0.5146195372971318,1,0,1,0,0,1,0,0,1,0,0
0,1,1,0.18586162163715025,0,0,0,0,1,1,0,0.876663703730689,1,0,1,0,0,1,0,0,1,0,0
0,1,1,1.569505475732866,1,1,1,1,0,0,0,-0.025125206239134303,1,1,0,0,0,0,1,0,1,0,0
0,0,0,-1.2791730474053722,0,0,0,0,0,0,0,-1.315530331555069,0,1,0,0,1,0,0,0,0,0,1
0,0,0,-0.09900623067667355,0,0,0,0,0,0,0,-1.4982131678288821,1,0,0,1,0,1,0,0,0,0,1
0,1,1,-0.8722189726713382,0,0,0,0,1,1,0,0.8567346670462728,1,0,1,0,1,0,0,0,0,1,0
0,0,0,-1.157086824985162,0,0,1,0,0,0,1,-1.1677233094789838,0,1,0,0,1,0,0,0,0,1,0
0,1,1,-0.546655712884111,0,1,0,1,1,1,0,1.16895624176879,1,0,1,0,0,1,0,1,0,0,0
0,1,0,1.6102008832062693,0,0,0,0,0,0,0,-1.4865878964296397,1,0,0,1,0,0,1,1,0,0,0
0,1,1,-0.01761541572986675,0,1,0,0,1,0,1,0.707266891913153,1,0,1,0,1,0,0,0,0,1,0
0,0,0,-0.26178786057028713,0,0,0,0,0,0,0,-1.4583550944600503,1,0,0,1,1,0,0,0,0,0,1
1,0,0,-0.9943051950915484,0,0,0,0,0,0,1,0.16253988920578305,1,0,1,0,1,0,0,0,0,1,0
0,1,0,-0.09900623067667355,0,1,1,1,0,1,0,0.18080817283316428,1,1,0,0,0,1,0,1,0,0,0
0,1,0,1.6102008832062693,1,1,1,1,0,1,0,1.3549605841566723,2,0,1,0,0,0,1,1,0,0,0
0,1,0,1.2846376234190422,1,0,1,1,0,1,0,-0.5632091967183657,0,1,0,0,0,0,1,0,0,1,0
0,1,0,1.5288100682594625,0,1,1,1,1,1,0,-0.23271933836846745,0,1,0,0,0,0,1,1,0,0,0
0,0,0,-1.2384776399319688,0,1,0,0,1,1,0,-0.4452957296689045,0,1,0,0,1,0,0,0,0,1,0
0,0,0,-1.2791730474053722,0,0,0,0,0,0,0,-1.469980365859293,1,0,0,1,1,0,0,0,0,1,0
0,0,0,-0.6687419353043211,0,1,0,0,0,0,1,0.5229233025823052,2,0,1,0,1,0,0,0,0,0,1
0,1,0,1.6102008832062693,0,0,0,0,0,0,0,-1.5081776861710903,1,0,0,1,0,0,1,1,0,0,0
0,1,1,-0.18039704562348036,0,0,0,1,0,1,1,0.8517524078751691,2,0,1,0,0,1,0,0,0,1,0
0,1,1,0.4300340664775707,0,1,0,0,0,0,0,-0.48515380303773636,1,1,0,0,1,0,0,0,0,0,1
1,0,0,-1.2791730474053722,0,0,0,0,0,0,1,0.1642006422628176,1,0,1,0,1,0,0,0,0,1,0
0,1,1,-0.7908281577245314,0,0,0,0,0,0,0,-1.3387808743535543,2,0,0,1,0,1,0,1,0,0,0
1,1,1,1.4474192533126558,0,1,1,0,1,1,1,-0.3921516318437952,0,1,0,0,0,0,1,0,0,1,0
0,1,1,1.6102008832062693,1,1,1,1,0,0,0,0.16752214837688675,2,1,0,0,0,0,1,1,0,0,0
0,0,0,-1.157086824985162,0,0,0,1,1,0,1,-0.013499934839891363,2,1,0,0,1,0,0,0,0,0,1
0,0,0,0.10447080669034346,0,0,0,0,1,0,0,0.6092824615481081,2,0,1,0,1,0,0,0,0,1,0
0,1,0,0.9997697711052183,1,0,0,1,0,0,0,-0.3024709667639232,1,1,0,0,1,0,0,0,0,1,0
0,0,0,-1.157086824985162,0,0,0,0,1,0,0,-0.30911397899206194,1,1,0,0,1,0,0,0,1,0,0
0,1,1,-0.8722189726713382,0,0,0,0,1,0,1,0.48804748838457734,1,0,1,0,1,0,0,1,0,0,0
0,1,1,0.7149019187913945,1,1,1,0,1,1,1,1.4429804961795099,2,0,1,0,0,1,0,0,0,1,0
0,1,1,-1.1163914175117586,0,0,0,0,0,0,0,-1.5065169331140555,1,0,0,1,1,0,0,0,0,0,1
0,1,1,0.4707294739509741,0,1,0,1,0,0,1,-0.329043015676478,1,1,0,0,1,0,0,1,0,0,0
0,0,0,1.6102008832062693,0,0,0,0,0,0,1,-1.4616766005741197,1,0,0,1,0,0,1,0,0,0,1
0,0,0,1.4067238458392524,1,1,1,0,1,0,1,1.2669406721338354,2,0,1,0,1,0,0,0,1,0,0
0,0,0,-1.157086824985162,0,1,0,0,0,0,0,-0.5167081111213951,1,1,0,0,1,0,0,0,0,0,1
1,1,0,0.4300340664775707,1,0,1,1,1,1,1,1.486160075662411,2,0,1,0,0,1,0,0,0,0,1
0,1,1,-0.42456949046390074,1,0,1,1,1,0,1,0.08946675469625769,1,1,0,0,0,1,0,1,0,0,0
0,1,1,0.18586162163715025,0,0,0,0,0,0,1,-1.3520668988098317,2,0,0,1,0,0,1,1,0,0,0
1,1,0,-0.6687419353043211,1,1,0,0,0,0,1,-0.34066828707572067,1,1,0,0,1,0,0,1,0,0,0
0,0,0,-1.157086824985162,0,0,0,0,0,0,1,-0.6246570598286484,1,1,0,0,1,0,0,0,0,0,1
0,1,1,0.2672524365839571,0,0,0,0,0,0,0,-1.4965524147718476,1,0,0,1,0,0,1,0,0,0,1
0,0,0,0.34864325153076386,0,0,0,0,0,0,0,-1.4666588597452237,1,0,0,1,0,0,1,0,0,0,1
0,0,0,-1.1163914175117586,0,0,0,0,0,0,0,-1.4832663903155703,1,0,0,1,1,0,0,0,0,0,1
0,1,1,1.0404651785786216,0,1,0,0,1,1,1,0.9314685546128327,1,0,1,0,1,0,0,0,0,1,0
0,0,0,-0.5873511203575144,1,0,1,0,0,0,0,-1.0365238179732452,0,1,0,0,1,0,0,0,0,0,1
1,1,0,-1.0350006025649519,0,0,0,0,1,1,1,0.8201980997915104,1,0,1,0,1,0,0,0,0,1,0
1,1,1,-0.8722189726713382,0,0,0,0,0,0,1,0.3452227254795962,2,0,1,0,1,0,0,0,1,0,0
0,1,0,-0.953609787618145,1,1,0,1,1,0,1,0.13762859335026306,1,1,0,0,1,0,0,0,0,0,1
0,1,0,0.06377539921694006,0,0,0,0,0,0,0,-1.4865878964296397,1,0,0,1,0,0,1,0,1,0,0
0,0,0,1.2846376234190422,1,1,0,0,0,0,1,0.6474797818599051,2,0,1,0,0,1,0,0,1,0,0
0,0,0,-1.2384776399319688,0,1,0,0,1,0,1,0.7421427061108813,1,0,1,0,1,0,0,1,0,0,0
0,1,0,1.2032468084722354,1,0,1,1,1,1,1,1.3117810046737712,1,0,1,0,0,1,0,0,0,1,0
0,0,0,-0.05831082320327015,0,1,0,0,0,0,1,0.5428523392667215,2,0,1,0,1,0,0,0,0,1,0
0,1,1,-0.7094373427777246,0,0,0,0,0,0,0,-1.4998739208859169,1,0,0,1,0,1,0,0,0,0,1
0,1,0,-1.0756960100383552,0,0,0,0,0,0,0,-1.3188518376691383,2,0,0,1,0,1,0,0,0,0,1
0,0,0,0.38933865900416725,1,1,1,0,0,1,1,1.1357411806280968,2,0,1,0,0,1,0,0,0,1,0
0,0,0,-1.2384776399319688,0,0,0,0,0,1,1,0.5112980311830627,1,0,1,0,1,0,0,0,0,1,0
0,1,1,0.9997697711052183,0,0,0,0,0,0,1,0.31532917045297204,2,0,1,0,1,0,0,0,0,1,0
0,0,0,-0.5873511203575144,0,0,0,0,0,0,1,0.20904097480275338,1,0,1,0,1,0,0,0,0,1,0
0,1,0,1.569505475732866,1,1,1,1,0,1,1,0.5079765250689932,2,1,0,0,0,0,1,0,0,0,1
0,1,0,0.5114248814243775,1,0,1,0,0,0,0,-0.3821871135015873,1,1,0,0,0,0,1,0,1,0,0
0,0,0,-1.2791730474053722,0,0,0,0,0,1,1,-0.33402527484758193,1,1,0,0,1,0,0,0,0,0,1
0,0,0,-1.2791730474053722,0,0,0,0,0,0,1,-0.6445860965130643,1,1,0,0,1,0,0,0,0,0,1
1,0,0,-1.2791730474053722,0,0,0,0,0,0,1,0.32861519490924956,2,0,1,0,1,0,0,0,0,1,0
0,0,0,0.18586162163715025,0,0,0,0,0,0,1,0.18412967894723342,1,0,1,0,1,0,0,0,0,0,1
0,0,1,-1.2791730474053722,0,0,0,0,0,0,0,-0.691087182110035,1,1,0,0,1,0,0,0,0,1,0
0,0,0,0.7555973262647979,0,1,1,1,0,0,1,0.7487857183390195,2,0,1,0,1,0,0,0,0,1,0
0,0,0,1.6102008832062693,0,0,0,0,0,0,0,-1.3304771090683811,2,0,0,1,0,0,1,1,0,0,0
1,0,0,-0.953609787618145,0,0,0,0,0,1,1,0.4897082414416119,1,0,1,0,1,0,0,0,0,1,0
0,1,0,-0.38387408299049736,0,0,0,1,1,0,0,-0.1596462038589421,1,1,0,0,0,1,0,1,0,0,0
0,0,0,-1.2384776399319688,0,0,0,0,0,0,1,0.19575495034647636,1,0,1,0,1,0,0,0,0,1,0
0,1,1,1.6102008832062693,1,1,1,1,0,1,1,1.3317100413581875,2,0,1,0,0,0,1,0,1,0,0
0,0,0,-1.2791730474053722,0,0,0,0,0,0,0,-1.5081776861710903,1,0,0,1,1,0,0,0,0,0,1
1,0,0,0.9997697711052183,0,1,1,0,1,1,1,-0.3257215095624086,0,1,0,0,1,0,0,0,0,1,0
0,0,0,-1.157086824985162,1,0,1,1,0,1,0,-0.5499231722620884,0,1,0,0,1,0,0,0,0,0,1
0,0,0,-0.34317867551709397,0,0,1,0,0,0,1,-0.5150473580643605,1,1,0,0,1,0,0,0,1,0,0
0,0,0,-0.22109245309688375,1,1,0,0,0,0,1,-0.2692559056232299,1,1,0,0,1,0,0,0,0,0,1
0,0,0,-1.1977822324585654,0,0,0,0,0,0,1,0.18080817283316428,1,0,1,0,1,0,0,0,0,1,0
0,1,1,-1.2791730474053722,0,0,0,0,0,0,1,-0.6346215781708562,1,1,0,0,1,0,0,0,0,1,0
0,0,0,-1.2791730474053722,0,0,0,0,0,0,0,-1.4583550944600503,1,0,0,1,1,0,0,0,0,0,1
0,1,1,1.1218559935254284,1,0,1,1,1,1,1,1.5210358898601388,2,0,1,0,0,0,1,0,0,1,0
0,0,0,-0.34317867551709397,0,0,0,0,0,0,0,-1.335459368239485,2,0,0,1,0,1,0,0,0,1,0
0,1,1,1.0404651785786216,0,0,0,0,0,0,0,-1.4782841311444663,1,0,0,1,0,0,1,0,1,0,0
0,0,0,-0.750132750251128,0,0,1,0,0,0,0,0.38674155190546283,1,0,1,0,1,0,0,0,0,1,0
0,1,0,1.5288100682594625,0,0,1,0,1,1,1,1.090900848088161,2,0,1,0,0,1,0,0,0,1,0
1,1,0,-0.34317867551709397,0,0,1,0,0,1,1,-0.8023576369313575,0,1,0,0,1,0,0,0,1,0,0
0,0,0,0.7149019187913945,0,0,1,1,0,1,1,0.8268411120196492,1,0,1,0,0,0,1,1,0,0,0
0,1,0,0.023079991743536653,0,0,0,0,0,0,1,-0.6728188984826537,1,1,0,0,1,0,0,0,1,0,0
0,0,0,-0.953609787618145,0,0,0,0,0,0,0,-1.4932309086577782,1,0,0,1,1,0,0,0,0,0,1
0,1,1,1.4067238458392524,1,0,0,1,0,0,0,-0.9667721895777892,0,1,0,0,0,0,1,0,1,0,0
0,0,0,-1.2791730474053722,0,0,0,0,0,0,0,-1.5148206983992287,1,0,0,1,1,0,0,0,0,0,1
0,1,0,1.2846376234190422,1,1,0,1,1,1,1,1.3034772393885978,1,0,1,0,0,0,1,0,1,0,0
1,1,0,-1.2384776399319688,0,0,0,0,0,0,1,0.14925386474950553,1,0,1,0,1,0,0,0,0,1,0
0,1,1,0.22655702911055367,0,0,0,0,0,0,1,-1.4899094025437087,1,0,0,1,0,0,1,0,0,0,1
0,0,0,-0.7094373427777246,0,0,0,0,0,0,0,-1.4965524147718476,1,0,0,1,1,0,0,1,0,0,0
0,0,0,0.34864325153076386,0,1,0,1,1,1,1,1.129098168399958,1,0,1,0,0,0,1,1,0,0,0
1,0,0,0.5521202888977809,1,1,1,0,1,1,1,1.501106853175723,2,0,1,0,0,1,0,0,0,1,0
0,1,1,-0.34317867551709397,1,0,1,0,0,0,1,-0.28420268313654196,1,1,0,0,0,1,0,0,1,0,0
0,0,0,-0.7908281577245314,1,0,0,0,1,1,1,1.1805815131680326,2,0,1,0,1,0,0,0,0,1,0
0,0,0,-1.2791730474053722,0,0,0,0,0,0,0,-0.6528898617982377,1,1,0,0,1,0,0,0,0,1,0
0,0,0,-1.2791730474053722,0,1,0,0,0,0,1,-0.48681455609477114,1,1,0,0,1,0,0,0,0,0,1
0,1,0,-0.9129143801447416,0,0,0,0,0,0,0,-1.4849271433726048,1,0,0,1,0,1,0,0,0,0,1
0,1,1,0.06377539921694006,0,0,0,0,0,0,1,-1.4849271433726048,1,0,0,1,0,1,0,1,0,0,0
0,0,0,-1.2791730474053722,0,0,0,0,0,0,0,-1.5164814514562637,1,0,0,1,1,0,0,0,0,0,1
0,1,1,1.4474192533126558,0,0,0,0,0,0,1,-1.5098384392281248,1,0,0,1,0,0,1,1,0,0,0
0,0,1,0.10447080669034346,0,0,1,0,1,0,1,0.6757125838294947,1,0,1,0,0,1,0,0,0,1,0
1,0,0,-1.2384776399319688,0,0,1,0,0,0,1,0.4564931803009186,2,0,1,0,1,0,0,0,0,1,0
0,1,1,-1.2791730474053722,0,0,0,0,0,0,0,-1.4998739208859169,1,0,0,1,0,1,0,0,0,0,1
0,1,1,-0.8315235651979348,0,0,0,0,0,0,0,-1.494891661714813,1,0,0,1,0,1,0,1,0,0,0
0,1,1,-0.7094373427777246,0,0,0,0,0,0,1,-1.5048561800570208,1,0,0,1,0,1,0,0,0,0,1
0,0,0,1.366028438365849,0,0,0,0,0,0,1,-1.3171910846121038,2,0,0,1,0,0,1,0,1,0,0
0,1,1,0.9590743636318149,1,1,0,1,0,1,1,0.3668125152210466,2,1,0,0,0,0,1,0,1,0,0
0,1,0,0.9183789561584115,1,0,0,0,1,0,1,0.8301626181337183,2,0,1,0,1,0,0,1,0,0,0
0,1,0,-0.5873511203575144,0,0,0,0,0,0,1,-0.6794619107107922,1,1,0,0,1,0,0,1,0,0,0
0,0,0,0.8369881412116047,0,1,1,0,1,1,0,1.3532998310996378,2,0,1,0,0,0,1,0,0,1,0
0,0,1,-0.9129143801447416,1,0,1,1,0,1,0,0.29041787459745205,2,1,0,0,0,1,0,0,1,0,0
0,1,0,-0.3024832680436906,0,0,0,1,1,1,1,1.026131478863809,1,0,1,0,1,0,0,0,1,0,0
0,1,0,-0.9943051950915484,1,0,0,1,0,1,0,0.023036632414871083,1,1,0,0,0,0,1,0,0,0,1
0,1,1,-0.01761541572986675,1,1,1,1,0,1,0,0.38175929273435866,1,1,0,0,1,0,0,1,0,0,0
0,0,0,-0.22109245309688375,0,0,0,0,0,0,1,0.1409500994643322,1,0,1,0,1,0,0,0,0,0,1
0,1,0,-0.6280465278309177,0,1,0,0,1,1,1,0.351865737707735,2,1,0,0,1,0,0,1,0,0,0
0,0,0,-1.2791730474053722,0,0,0,1,0,0,0,0.30536465211076413,1,0,1,0,1,0,0,0,0,1,0
1,0,0,-0.13970163815007697,0,0,0,1,1,1,0,1.1241159092288542,2,0,1,0,1,0,0,0,0,1,0
0,0,1,-0.3024832680436906,0,1,0,1,0,0,1,-0.33402527484758193,1,1,0,0,0,1,0,0,1,0,0
0,1,0,-1.157086824985162,0,0,0,1,0,0,0,-0.49013606220884054,1,1,0,0,1,0,0,0,0,0,1
0,0,0,-1.2791730474053722,0,0,0,0,1,1,1,0.821858852848545,1,0,1,0,1,0,0,0,0,1,0
0,1,1,1.6102008832062693,0,0,0,0,0,0,0,-1.5031954269999863,1,0,0,1,0,0,1,1,0,0,0
0,0,0,1.081160586052025,0,0,1,1,1,0,1,-0.005196169554718037,1,1,0,0,1,0,0,0,0,1,0
0,1,0,1.1625514009988318,0,1,0,1,0,1,1,0.9812911463238727,2,0,1,0,0,0,1,1,0,0,0
1,1,0,-0.9943051950915484,1,0,0,0,1,0,0,-0.12975264883231816,1,1,0,0,1,0,0,1,0,0,0
0,0,0,-1.2791730474053722,1,0,0,0,0,0,1,-0.46688551941035517,1,1,0,0,1,0,0,0,0,0,1
0,1,1,0.7149019187913945,0,1,1,1,1,1,1,1.2818874496471475,1,0,1,0,0,1,0,1,0,0,0
0,0,0,-1.2384776399319688,0,0,0,1,0,0,1,-0.48515380303773636,1,1,0,0,1,0,0,0,1,0,0
1,1,0,1.6102008832062693,1,1,1,0,0,1,1,1.2569761537916275,2,0,1,0,0,0,1,0,1,0,0
0,1,0,1.6102008832062693,1,1,1,0,1,0,0,1.190546031510241,2,0,1,0,0,0,1,1,0,0,0
0,1,1,-0.7094373427777246,0,0,1,1,0,0,1,-0.17127147525818479,2,1,0,0,1,0,0,1,0,0,0
0,1,1,0.6742065113179911,1,1,1,1,1,1,1,0.7438034591679159,1,1,0,0,0,1,0,0,0,0,1
1,0,0,1.2846376234190422,0,0,0,0,0,0,1,-1.4865878964296397,1,0,0,1,0,0,1,1,0,0,0
0,1,0,0.6742065113179911,0,1,0,0,1,1,1,1.1374019336851313,2,0,1,0,1,0,0,1,0,0,0
0,0,0,1.366028438365849,0,0,1,0,1,0,1,0.9082180118143478,2,0,1,0,0,1,0,1,0,0,0
0,0,0,-1.2791730474053722,0,0,0,0,0,0,0,-1.5065169331140555,1,0,0,1,1,0,0,0,0,0,1
0,1,1,1.5288100682594625,1,1,1,1,0,1,0,0.44985016807277983,2,1,0,0,0,1,0,1,0,0,0
0,1,1,1.0404651785786216,0,0,0,0,0,0,1,-1.3387808743535543,2,0,0,1,0,1,0,0,1,0,0
0,1,0,-0.7094373427777246,0,0,0,0,0,0,1,0.12600332195102013,1,0,1,0,1,0,0,1,0,0,0
0,1,1,1.4881146607860591,0,0,0,0,0,0,0,-1.4832663903155703,1,0,0,1,0,0,1,1,0,0,0
0,1,1,0.9183789561584115,0,0,0,0,0,0,0,-1.4550335883459808,1,0,0,1,0,0,1,0,0,0,1
0,0,1,-0.3024832680436906,0,0,0,0,0,0,0,-1.4865878964296397,1,0,0,1,1,0,0,0,1,0,0
1,1,0,1.6102008832062693,0,1,1,0,1,1,0,1.3350315474722565,2,0,1,0,0,1,0,0,1,0,0
1,1,0,-0.22109245309688375,1,0,1,0,0,0,1,0.7006238796850146,2,0,1,0,0,1,0,0,0,1,0
0,0,0,-0.4652648979373042,0,0,1,0,0,1,0,-0.10484135297679818,1,1,0,0,1,0,0,0,0,0,1
0,0,0,-1.0350006025649519,0,0,0,0,1,1,0,1.0427390094341555,2,0,1,0,1,0,0,0,0,1,0
0,0,0,-0.05831082320327015,1,0,1,1,0,0,0,0.014732867129697756,2,1,0,0,1,0,0,0,1,0,0
1,0,0,0.7555973262647979,0,0,1,0,1,1,1,1.0958831072592647,2,0,1,0,1,0,0,0,0,1,0
0,0,0,-1.2791730474053722,0,0,0,0,0,0,0,-1.4965524147718476,1,0,0,1,1,0,0,0,0,0,1
0,0,0,-0.6687419353043211,0,1,0,0,0,0,0,0.3419012193655266,1,0,1,0,1,0,0,1,0,0,0
0,0,0,-1.2791730474053722,0,0,0,0,0,0,0,-0.6479076026271338,1,1,0,0,1,0,0,0,0,0,1
0,0,0,-1.2791730474053722,0,0,0,0,0,0,1,-0.48681455609477114,2,1,0,0,1,0,0,0,0,1,0
0,0,0,0.5521202888977809,1,0,1,1,0,0,0,-0.8820737836690214,0,1,0,0,0,0,1,0,0,0,1
0,0,0,-0.42456949046390074,0,0,0,0,0,0,1,-1.4865878964296397,1,0,0,1,1,0,0,0,0,0,1
0,1,0,-0.6687419353043211,0,0,0,0,1,0,1,0.6690695716013559,2,0,1,0,1,0,0,0,0,1,0
0,1,1,1.2439422159456388,1,1,1,1,1,1,1,0.8168765936774413,2,1,0,0,0,0,1,0,1,0,0
0,0,0,-1.2791730474053722,0,0,1,0,0,0,1,0.3352582071373883,1,0,1,0,1,0,0,0,0,1,0
0,0,0,-0.8315235651979348,1,1,0,1,0,0,1,0.08116298941108437,2,1,0,0,1,0,0,0,0,1,0
0,0,0,-1.2384776399319688,0,0,0,0,0,0,0,-1.5048561800570208,1,0,0,1,1,0,0,0,0,0,1
0,1,1,-0.9943051950915484,0,0,0,0,0,0,1,-0.6429253434560296,1,1,0,0,1,0,0,0,0,1,0
0,1,1,1.569505475732866,0,1,0,0,1,1,0,1.1872245253961713,2,0,1,0,0,1,0,1,0,0,0
1,1,0,-0.01761541572986675,0,1,1,0,1,1,0,1.3798718800121923,2,0,1,0,1,0,0,1,0,0,0
0,0,0,-1.2384776399319688,0,0,0,0,1,0,1,0.5112980311830627,1,0,1,0,1,0,0,0,0,1,0
0,0,0,0.38933865900416725,1,1,0,0,0,0,1,-0.15466394468783815,2,1,0,0,0,1,0,1,0,0,0
0,0,0,-0.953609787618145,0,1,0,0,1,1,1,1.1457056989703047,2,0,1,0,1,0,0,0,1,0,0
0,1,0,0.7962927337382013,1,0,1,1,0,0,1,0.8899497281869662,2,0,1,0,0,0,1,0,1,0,0
0,1,0,1.5288100682594625,0,0,0,0,0,0,0,-1.4932309086577782,1,0,0,1,0,0,1,0,1,0,0
0,0,0,-0.3024832680436906,1,1,0,1,1,1,1,0.4714399578142307,1,1,0,0,1,0,0,0,0,0,1
0,0,0,0.8369881412116047,0,0,0,0,0,0,0,-1.335459368239485,2,0,0,1,0,0,1,0,0,0,1
0,0,0,-1.0350006025649519,0,0,0,0,0,0,0,-1.5048561800570208,1,0,0,1,0,1,0,0,0,0,1
0,1,1,-1.2791730474053722,0,0,0,0,0,0,1,0.32197218268111083,2,0,1,0,1,0,0,0,0,1,0
0,0,0,-1.1977822324585654,0,0,0,0,0,0,1,0.31865067656704166,2,0,1,0,1,0,0,0,0,1,0
0,0,0,-0.7908281577245314,0,0,0,0,0,0,0,-1.4899094025437087,1,0,0,1,0,0,1,0,0,0,1
0,0,0,-1.2791730474053722,0,1,0,0,0,0,1,0.5112980311830627,2,0,1,0,1,0,0,0,0,0,1
0,1,1,1.5288100682594625,0,1,1,1,1,1,1,-0.2127903016840514,0,1,0,0,0,1,0,1,0,0,0
0,1,0,-0.7908281577245314,1,1,0,1,1,0,1,0.37843778662028954,2,1,0,0,1,0,0,0,0,1,0
0,1,0,0.7555973262647979,0,0,0,1,1,1,1,0.3452227254795962,2,1,0,0,0,0,1,1,0,0,0
0,0,0,1.569505475732866,1,1,1,1,1,1,0,1.5442864326586243,2,0,1,0,0,0,1,0,0,0,1
0,1,1,1.6102008832062693,1,0,1,1,1,1,0,1.4164084472669554,2,0,1,0,0,0,1,0,0,0,1
0,1,1,1.1625514009988318,1,1,0,0,1,1,1,1.3682466086129499,2,0,1,0,0,1,0,0,0,1,0
0,0,0,-0.546655712884111,0,1,0,0,1,1,1,1.1672954887117555,2,0,1,0,1,0,0,0,0,1,0
0,0,0,-1.0756960100383552,1,1,0,0,0,0,1,0.4697792047571961,1,0,1,0,1,0,0,0,0,1,0
0,0,0,-1.1163914175117586,0,0,0,0,0,0,1,-0.6894264290530003,1,1,0,0,1,0,0,0,1,0,0
0,0,0,-0.8315235651979348,1,1,1,0,0,1,1,1.158991723426582,2,0,1,0,1,0,0,1,0,0,0
0,0,0,0.22655702911055367,1,1,0,0,1,1,1,1.3300492883011523,2,0,1,0,0,1,0,0,0,1,0
0,1,1,0.06377539921694006,0,0,0,0,0,1,1,0.4697792047571961,1,0,1,0,0,1,0,1,0,0,0
0,0,0,-1.2384776399319688,0,0,0,1,0,0,0,-1.1610802972508452,0,1,0,0,1,0,0,1,0,0,0
1,0,0,-1.2791730474053722,0,0,0,0,0,0,1,-1.3188518376691383,0,1,0,0,1,0,0,0,0,1,0
0,1,1,1.2846376234190422,0,0,0,0,0,0,1,-1.3537276518668664,2,0,0,1,0,0,1,0,0,0,1
1,1,0,1.4474192533126558,0,1,1,0,1,1,1,1.3449960658144644,2,0,1,0,1,0,0,0,0,1,0
0,0,0,-1.2791730474053722,0,0,0,0,0,0,0,-1.4865878964296397,1,0,0,1,1,0,0,1,0,0,0
0,0,0,-1.2384776399319688,1,0,1,0,0,0,1,-0.32240000344833925,1,1,0,0,1,0,0,0,0,0,1
0,1,1,0.5928156963711843,1,0,1,1,0,0,0,-0.8139829083306003,0,1,0,0,0,1,0,0,0,1,0
0,1,0,-0.4652648979373042,0,0,1,1,0,0,0,0.47808297004236944,1,0,1,0,0,1,0,0,0,1,0
0,0,1,-0.3024832680436906,0,1,0,0,1,1,1,1.0327744910919476,1,0,1,0,1,0,0,0,0,1,0
0,0,0,0.34864325153076386,0,0,0,1,0,0,0,-0.49013606220884054,1,1,0,0,0,1,0,1,0,0,0
0,0,0,-1.2384776399319688,0,1,0,0,0,0,1,0.4863867353275428,2,0,1,0,1,0,0,0,0,1,0
0,0,0,-0.8722189726713382,0,0,1,1,0,1,0,0.0031075957304552886,1,1,0,0,0,1,0,0,1,0,0
0,0,0,-1.2791730474053722,0,0,0,0,0,0,1,-1.4965524147718476,1,0,0,1,1,0,0,0,1,0,0
0,1,1,1.6102008832062693,1,1,1,1,1,1,1,1.7203262567042987,2,0,1,0,0,0,1,1,0,0,0
0,1,1,1.4881146607860591,1,0,1,0,0,0,0,0.6524620410310092,2,0,1,0,0,1,0,1,0,0,0
0,0,0,-0.05831082320327015,0,1,0,1,0,0,1,0.45317167418684945,1,0,1,0,1,0,0,0,0,1,0
0,0,1,0.22655702911055367,0,0,1,0,1,1,1,1.14404494591327,2,0,1,0,1,0,0,1,0,0,0
0,0,0,-0.9943051950915484,0,0,0,0,0,0,1,-1.5148206983992287,1,0,0,1,0,1,0,0,0,0,1
0,1,0,-0.5873511203575144,0,0,0,1,0,0,1,-0.48183229692366725,1,1,0,0,1,0,0,0,0,0,1
1,1,0,1.569505475732866,0,0,0,0,0,0,0,-1.3570491579809356,2,0,0,1,0,0,1,1,0,0,0
0,0,0,-0.8722189726713382,0,0,0,0,0,0,0,-1.5048561800570208,1,0,0,1,0,1,0,0,0,0,1
1,1,0,1.366028438365849,0,1,0,0,1,1,1,1.1955282906813447,2,0,1,0,1,0,0,0,0,1,0
0,1,1,-1.2791730474053722,0,0,0,0,0,0,1,-1.4816056372585356,1,0,0,1,0,1,0,0,0,1,0
0,0,0,0.14516621416374687,1,0,1,1,1,1,1,0.47808297004236944,1,1,0,0,1,0,0,0,1,0,0
1,0,0,-0.9943051950915484,0,0,0,0,0,0,0,-1.4998739208859169,1,0,0,1,1,0,0,0,0,1,0
1,0,0,1.4067238458392524,1,1,0,1,0,0,1,-0.00851767566878765,2,1,0,0,0,0,1,1,0,0,0
0,0,0,1.081160586052025,1,1,1,0,0,1,1,1.150687958141409,2,0,1,0,1,0,0,1,0,0,0
0,1,1,1.6102008832062693,0,1,0,1,1,1,1,0.4697792047571961,2,1,0,0,0,0,1,0,0,1,0
0,0,0,-1.2791730474053722,0,0,0,0,0,0,0,-0.46688551941035517,2,1,0,0,1,0,0,0,0,0,1
0,0,0,-0.7094373427777246,1,0,0,0,0,0,1,-0.3024709667639232,2,1,0,0,1,0,0,0,0,0,1
0,0,0,-1.2791730474053722,0,0,0,0,0,0,1,-1.3221733437832077,2,0,0,1,1,0,0,0,0,0,1
0,1,1,-0.953609787618145,0,0,0,0,0,0,0,-1.5015346739429516,1,0,0,1,0,0,1,0,0,0,1
1,1,0,-0.7908281577245314,0,0,0,0,0,0,1,0.17748666671909513,1,0,1,0,1,0,0,0,0,1,0
1,1,0,0.6335111038445876,0,0,0,0,0,0,1,0.19409419728944177,1,0,1,0,1,0,0,1,0,0,0
0,0,0,1.1625514009988318,1,1,1,1,1,1,1,1.6705036649932588,2,0,1,0,0,1,0,0,0,0,1
0,1,1,-0.22109245309688375,1,1,0,0,0,0,1,0.5262448086963748,1,0,1,0,0,1,0,0,1,0,0
0,1,1,0.34864325153076386,0,1,1,0,1,0,0,0.122681815836951,2,1,0,0,0,1,0,1,0,0,0
0,1,1,0.8369881412116047,0,1,1,0,1,1,1,1.34333531275743,2,0,1,0,0,1,0,0,0,1,0
0,1,1,1.2846376234190422,0,1,1,1,1,1,1,1.5492686918297285,2,0,1,0,0,1,0,0,0,1,0
0,0,0,-0.09900623067667355,0,0,1,0,1,1,0,1.183903019282102,2,0,1,0,1,0,0,0,0,1,0
0,0,1,-0.22109245309688375,0,0,0,0,0,0,0,-1.5164814514562637,1,0,0,1,1,0,0,0,0,0,1
0,1,0,0.5928156963711843,0,0,0,0,0,0,0,-1.4998739208859169,1,0,0,1,0,0,1,0,0,0,1
1,0,0,-0.26178786057028713,1,0,0,0,1,0,1,0.697302373570945,1,0,1,0,1,0,0,0,1,0,0
0,0,0,-1.2791730474053722,0,0,0,0,1,1,1,-0.06664403266500094,1,1,0,0,1,0,0,0,0,0,1
0,1,1,-0.6687419353043211,0,0,1,0,1,0,1,0.8633776792744116,2,0,1,0,1,0,0,1,0,0,0
1,0,0,-0.9943051950915484,0,0,0,0,0,0,1,0.16253988920578305,1,0,1,0,1,0,0,0,0,1,0
1,0,0,0.5521202888977809,0,1,1,0,1,1,1,1.3167632638448754,2,0,1,0,1,0,0,0,0,1,0
0,1,1,0.22655702911055367,1,0,1,1,1,1,0,0.5378700800956173,1,1,0,0,0,0,1,0,1,0,0
1,1,0,1.3253330308924456,1,0,0,0,1,1,1,1.19386753762431,2,0,1,0,0,1,0,0,0,1,0
0,1,1,-0.546655712884111,0,0,0,0,0,0,0,-1.494891661714813,1,0,0,1,0,1,0,0,0,0,1
1,1,1,1.6102008832062693,1,1,1,1,1,1,1,0.8417878895329612,2,1,0,0,0,0,1,1,0,0,0
0,0,0,0.14516621416374687,0,0,0,0,0,0,1,-1.4766233780874316,1,0,0,1,0,1,0,0,1,0,0
0,0,1,0.4300340664775707,1,1,0,1,1,1,1,1.3682466086129499,1,0,1,0,0,1,0,0,1,0,0
0,0,0,0.5928156963711843,1,1,0,1,0,0,0,-0.8355726980720508,0,1,0,0,0,1,0,0,1,0,0
0,1,0,1.6102008832062693,1,0,1,0,1,1,1,1.3350315474722565,2,0,1,0,0,0,1,0,1,0,0
0,0,0,-1.2791730474053722,0,0,0,0,0,0,0,-1.4965524147718476,1,0,0,1,1,0,0,1,0,0,0
0,0,1,0.5114248814243775,0,0,1,0,1,1,0,1.158991723426582,2,0,1,0,0,0,1,1,0,0,0
0,1,1,-0.6687419353043211,0,0,0,0,0,0,0,-1.5098384392281248,1,0,0,1,1,0,0,0,0,0,1
0,0,0,0.10447080669034346,0,0,0,0,0,0,0,-1.4400868108326688,1,0,0,1,0,0,1,1,0,0,0
0,0,0,-0.5873511203575144,0,0,0,0,0,0,0,-1.4998739208859169,1,0,0,1,0,1,0,0,0,0,1
0,1,0,0.9590743636318149,1,1,1,0,1,1,0,1.4944638409475843,2,0,1,0,0,1,0,1,0,0,0
0,1,0,1.081160586052025,1,0,1,0,0,0,1,0.5461738453807906,1,0,1,0,0,1,0,0,1,0,0
0,0,0,0.5521202888977809,0,0,0,0,1,1,0,1.0377567502630514,2,0,1,0,1,0,0,1,0,0,0
0,0,0,-0.18039704562348036,1,1,0,0,0,0,0,-0.29084569536468075,1,1,0,0,1,0,0,0,0,1,0
0,1,0,-0.9129143801447416,0,0,0,0,0,0,1,0.18246892589019884,1,0,1,0,1,0,0,0,0,1,0
0,1,1,-1.157086824985162,0,0,0,0,1,0,1,0.46811845170016153,1,0,1,0,1,0,0,0,0,0,1
0,1,1,1.4067238458392524,1,0,0,1,0,1,1,0.9812911463238727,2,0,1,0,0,1,0,0,1,0,0
0,1,1,-0.8722189726713382,0,0,0,0,0,0,1,-1.4733018719733622,1,0,0,1,1,0,0,0,0,1,0
0,1,0,1.5288100682594625,1,1,0,1,0,1,0,0.10441353220956977,1,1,0,0,0,0,1,0,0,0,1
0,0,0,-1.0350006025649519,1,0,0,0,0,0,1,0.4930297475556815,2,0,1,0,1,0,0,0,0,0,1
0,0,0,-1.2791730474053722,0,0,0,1,0,0,1,0.31532917045297204,1,0,1,0,1,0,0,0,0,0,1
0,0,1,-0.3024832680436906,1,0,0,1,0,0,0,-0.9883619793192401,0,1,0,0,0,0,1,1,0,0,0
0,1,1,0.7962927337382013,0,0,0,0,0,0,0,-1.5015346739429516,1,0,0,1,0,1,0,0,1,0,0
0,1,0,-1.2384776399319688,0,1,0,1,0,1,1,-0.020142947068030118,1,1,0,0,1,0,0,0,0,0,1
0,0,0,-0.9129143801447416,0,0,0,0,0,0,0,0.34024046630849203,2,0,1,0,1,0,0,0,0,1,0
1,0,0,1.4474192533126558,0,0,0,0,0,0,1,-1.4882486494866742,1,0,0,1,0,0,1,0,1,0,0
0,0,0,-1.1163914175117586,1,0,0,1,0,0,0,-0.3639188298742059,1,1,0,0,1,0,0,0,1,0,0
0,1,1,0.22655702911055367,0,0,1,1,1,0,1,0.9995594299512544,2,0,1,0,0,0,1,1,0,0,0
0,1,1,-0.38387408299049736,1,0,0,1,1,1,1,1.1639739825976858,1,0,1,0,1,0,0,0,0,1,0
0,1,0,-1.157086824985162,1,1,0,0,0,0,0,-0.3356860279046165,1,1,0,0,1,0,0,0,0,0,1
0,0,0,-0.26178786057028713,1,1,0,0,0,0,0,-0.10816285909086756,2,1,0,0,0,1,0,0,0,1,0
0,1,1,0.2672524365839571,1,1,1,0,0,0,0,-0.16628921608708083,1,1,0,0,0,1,0,0,0,1,0
0,0,0,-1.2791730474053722,0,0,0,0,0,0,0,-0.6927479351670696,1,1,0,0,1,0,0,0,1,0,0
0,1,0,-0.01761541572986675,1,1,0,1,0,1,0,0.1891119381183376,1,1,0,0,0,1,0,0,0,0,1
0,1,1,0.7149019187913945,0,0,0,0,0,0,0,-1.469980365859293,1,0,0,1,0,0,1,0,1,0,0
0,1,1,0.5521202888977809,1,0,1,1,0,1,0,1.1573309703695476,2,0,1,0,0,0,1,0,0,0,1
0,1,1,-1.2384776399319688,1,0,0,0,1,1,0,1.0726325644607793,1,0,1,0,1,0,0,0,0,1,0
0,0,0,-1.1977822324585654,0,0,1,0,0,0,1,0.29207862765448667,1,0,1,0,1,0,0,0,1,0,0
0,1,0,-1.2384776399319688,0,0,0,0,0,0,0,-1.4849271433726048,1,0,0,1,1,0,0,1,0,0,0
0,1,1,0.3079478440573605,1,1,0,1,0,1,1,0.21734474008792673,1,1,0,0,1,0,0,0,0,0,1
0,1,0,-0.22109245309688375,0,1,0,1,0,0,1,-0.36557958293124065,1,1,0,0,1,0,0,0,0,1,0
1,1,0,0.22655702911055367,0,0,0,0,0,0,1,-1.3271556029543117,0,1,0,0,1,0,0,0,0,1,0
0,1,0,-0.953609787618145,0,0,0,0,1,1,0,0.8185373467344758,1,0,1,0,1,0,0,0,0,1,0
0,0,0,-0.5873511203575144,0,0,1,1,1,1,1,0.5710851412363106,2,1,0,0,0,1,0,0,1,0,0
0,0,0,0.9183789561584115,0,1,1,0,0,0,1,0.5561383637229985,1,0,1,0,1,0,0,0,0,1,0
0,1,0,0.7555973262647979,1,1,1,1,1,1,1,0.6126039676621772,1,1,0,0,0,0,1,0,1,0,0
1,0,0,0.10447080669034346,1,0,0,0,0,1,0,0.8700206915025503,2,0,1,0,1,0,0,0,1,0,0
0,0,1,-0.7094373427777246,0,1,0,0,1,0,1,0.8700206915025503,2,0,1,0,1,0,0,0,0,1,0
0,1,0,1.3253330308924456,0,1,1,1,1,1,1,1.423051459495094,2,0,1,0,0,0,1,1,0,0,0
0,0,0,-0.7094373427777246,0,1,0,0,0,1,1,-0.8638055000416403,0,1,0,0,0,0,1,0,0,0,1
0,0,0,-0.953609787618145,1,0,0,0,0,0,1,0.5428523392667215,2,0,1,0,1,0,0,0,0,1,0
0,0,1,0.8369881412116047,0,1,1,1,1,1,1,0.657444300202113,2,1,0,0,0,1,0,0,0,1,0
0,0,0,1.1218559935254284,1,0,1,1,1,1,1,1.333370794415222,1,0,1,0,1,0,0,1,0,0,0
0,1,0,0.5114248814243775,0,0,1,0,0,0,1,-0.4834930499807018,1,1,0,0,1,0,0,0,1,0,0
0,0,1,-1.2791730474053722,0,0,0,0,0,0,0,-0.6263178128856829,1,1,0,0,1,0,0,0,0,0,1
0,0,0,-1.2791730474053722,0,0,0,0,0,0,1,-1.4816056372585356,1,0,0,1,1,0,0,0,0,0,1
0,0,0,0.38933865900416725,1,1,0,1,0,1,1,0.09610976692439645,1,1,0,0,0,1,0,0,0,0,1
0,0,0,-0.3024832680436906,0,1,0,1,0,1,1,0.033001150757078976,1,1,0,0,1,0,0,1,0,0,0
0,0,0,-1.2791730474053722,0,0,0,0,0,0,0,0.20239796257461512,1,0,1,0,1,0,0,0,0,0,1
0,1,1,-1.0756960100383552,0,0,0,1,0,0,1,-0.5316548886347072,1,1,0,0,1,0,0,0,0,0,1
0,1,0,1.4067238458392524,1,1,1,1,1,1,1,1.535982667373451,1,0,1,0,0,0,1,0,0,1,0
0,1,0,-0.9943051950915484,0,0,0,0,0,1,1,0.6773733368865292,2,0,1,0,1,0,0,0,1,0,0
1,1,0,0.8776835486850081,0,0,0,0,0,0,0,0.30536465211076413,2,0,1,0,1,0,0,1,0,0,0
0,1,0,0.4300340664775707,1,0,1,0,1,1,1,0.5112980311830627,2,1,0,0,0,1,0,0,0,1,0
0,1,0,0.9590743636318149,0,0,0,0,0,0,0,-1.3454238865816932,2,0,0,1,0,1,0,0,0,1,0
0,1,1,-0.18039704562348036,0,0,1,0,1,0,0,0.6856771021717025,1,0,1,0,1,0,0,0,0,1,0
0,0,1,0.8369881412116047,1,1,0,1,0,0,0,-0.06498327960796613,1,1,0,0,0,1,0,0,1,0,0
1,1,0,-0.38387408299049736,1,0,0,0,1,1,1,1.0062024421793927,1,0,1,0,1,0,0,0,0,1,0
1,0,0,0.4707294739509741,0,0,1,1,1,1,0,0.3335974540803533,1,1,0,0,0,1,0,1,0,0,0
0,1,1,-0.953609787618145,0,0,0,0,0,0,0,-1.4799448842015008,1,0,0,1,0,1,0,0,0,0,1
0,0,0,-1.1977822324585654,0,0,0,0,0,0,1,-0.7143377249085203,1,1,0,0,1,0,0,0,0,1,0
1,1,0,1.2846376234190422,0,0,1,1,1,1,0,1.2387078701642458,2,0,1,0,0,0,1,0,0,1,0
0,0,0,1.2032468084722354,1,1,0,1,0,1,0,1.2353863640501765,2,0,1,0,0,1,0,0,0,1,0
1,0,0,1.3253330308924456,0,1,1,0,1,1,1,-0.37554410127344856,0,1,0,0,0,0,1,1,0,0,0
0,0,0,-1.2791730474053722,0,0,0,0,0,0,1,0.1608791361487485,1,0,1,0,1,0,0,0,0,1,0
0,1,0,1.6102008832062693,0,0,1,0,1,1,1,0.9912556646660811,1,0,1,0,1,0,0,0,0,1,0
0,0,0,-0.8722189726713382,1,0,1,0,0,1,0,-0.025125206239134303,1,1,0,0,1,0,0,1,0,0,0
0,1,0,1.1625514009988318,0,0,1,1,1,1,1,1.2785659435330778,2,0,1,0,0,1,0,1,0,0,0
0,1,0,-0.3024832680436906,1,1,0,1,0,1,1,0.20738022174571882,1,1,0,0,1,0,0,0,0,0,1
0,0,0,-0.9129143801447416,0,0,0,0,0,0,1,0.17250440754799096,1,0,1,0,1,0,0,0,0,1,0
1,1,1,0.6335111038445876,0,1,0,0,0,0,0,-1.1594195441938107,0,1,0,0,0,1,0,1,0,0,0
0,0,0,-1.2384776399319688,0,0,0,0,0,0,1,0.20405871563164968,1,0,1,0,1,0,0,0,0,1,0
0,0,1,-0.26178786057028713,0,1,0,0,1,0,1,-0.8256081797298427,0,1,0,0,0,1,0,1,0,0,0
0,0,0,0.2672524365839571,0,0,0,0,0,0,0,-1.4832663903155703,1,0,0,1,0,0,1,0,0,0,1
1,0,0,-1.2384776399319688,1,0,0,0,0,0,1,-0.5167081111213951,1,1,0,0,1,0,0,0,0,1,0
0,1,0,1.1218559935254284,0,1,1,0,1,1,1,1.373228867784054,2,0,1,0,1,0,0,0,0,1,0
0,0,0,-1.157086824985162,0,0,0,0,1,1,1,0.7853222855937825,1,0,1,0,1,0,0,0,0,1,0
0,1,1,-0.7908281577245314,0,0,1,0,1,1,1,1.0576857869474676,1,0,1,0,1,0,0,0,0,0,1
0,1,1,-1.2384776399319688,0,0,0,0,0,0,0,0.17084365449095637,1,0,1,0,1,0,0,0,0,0,1
0,1,1,0.023079991743536653,0,0,1,0,1,1,1,0.9630228626964915,1,0,1,0,0,1,0,0,0,1,0
0,0,0,-0.8722189726713382,0,0,0,0,0,0,1,-1.4733018719733622,1,0,0,1,1,0,0,0,1,0,0
0,1,1,1.3253330308924456,1,1,1,1,1,1,1,0.8517524078751691,2,1,0,0,0,0,1,0,0,0,1
0,0,1,-0.6687419353043211,0,0,0,0,0,0,1,-1.5114991922851597,1,0,0,1,0,1,0,1,0,0,0
0,1,1,-1.1977822324585654,0,0,0,0,0,0,0,-1.5114991922851597,1,0,0,1,1,0,0,0,0,0,1
1,0,0,-1.1977822324585654,0,0,1,0,0,0,0,0.34024046630849203,1,0,1,0,1,0,0,0,0,0,1
0,1,0,0.7149019187913945,1,1,0,1,1,1,1,1.4894815817764806,2,0,1,0,1,0,0,1,0,0,0
0,0,0,1.2846376234190422,0,1,1,0,1,1,1,1.3151025107878407,2,0,1,0,0,0,1,1,0,0,0
0,1,0,-0.750132750251128,1,0,0,0,1,0,1,-0.0035354164976834665,2,1,0,0,1,0,0,1,0,0,0
1,1,0,1.569505475732866,1,1,1,0,1,1,1,1.4180692003239899,2,0,1,0,1,0,0,0,0,1,0
0,0,0,-0.953609787618145,0,0,0,0,0,0,0,-1.5048561800570208,1,0,0,1,1,0,0,1,0,0,0
0,0,0,0.9590743636318149,0,1,1,0,1,1,1,1.3948186575255044,2,0,1,0,0,1,0,0,0,1,0
0,0,1,-1.2791730474053722,0,0,0,0,0,0,0,-1.4932309086577782,1,0,0,1,1,0,0,0,0,0,1
0,0,0,-0.8315235651979348,0,0,0,0,0,0,0,-1.4865878964296397,1,0,0,1,1,0,0,0,1,0,0
0,1,0,1.2439422159456388,0,1,1,1,1,1,1,1.4595880267498564,2,0,1,0,1,0,0,0,0,1,0
1,0,0,-1.1977822324585654,0,0,1,0,1,0,1,0.7321781877686729,1,0,1,0,1,0,0,0,0,1,0
0,0,0,0.3079478440573605,0,0,0,0,0,1,0,0.632533004346593,2,0,1,0,1,0,0,1,0,0,0
0,0,0,-0.4652648979373042,1,0,1,1,0,0,1,-0.15134243857376875,1,1,0,0,0,1,0,0,0,1,0
1,1,0,-1.0756960100383552,0,1,0,0,0,1,1,0.644158275745836,1,0,1,0,1,0,0,0,0,1,0
1,1,0,0.9183789561584115,0,1,1,0,0,0,1,0.6856771021717025,2,0,1,0,1,0,0,0,0,1,0
0,0,0,-1.2791730474053722,0,0,1,0,0,0,1,0.32529368879517995,1,0,1,0,1,0,0,0,0,0,1
0,1,0,-0.34317867551709397,0,0,0,0,1,1,1,0.9364508137839369,2,0,1,0,1,0,0,0,0,1,0
1,1,0,1.6102008832062693,1,1,1,1,1,1,0,0.8069120753352329,2,1,0,0,0,0,1,0,1,0,0
0,0,0,-1.1977822324585654,0,0,0,0,0,0,1,0.365151762164012,2,0,1,0,1,0,0,0,0,1,0
0,1,1,-0.953609787618145,0,0,1,0,1,0,1,0.8484309017610995,2,0,1,0,0,1,0,0,0,1,0
0,1,1,1.366028438365849,0,0,1,0,1,0,1,-0.05003650209465428,2,1,0,0,0,0,1,1,0,0,0
0,0,0,-0.7908281577245314,0,0,0,0,0,0,1,-1.4899094025437087,1,0,0,1,0,1,0,0,0,1,0
0,0,0,0.2672524365839571,0,0,1,0,1,1,1,-0.4702070255244245,0,1,0,0,1,0,0,0,1,0,0
0,1,0,1.6102008832062693,1,1,1,1,1,0,0,0.47808297004236944,2,1,0,0,0,0,1,0,1,0,0
1,0,0,0.9590743636318149,0,1,1,1,1,1,1,1.565876222400075,2,0,1,0,0,1,0,0,0,1,0
0,1,0,0.7962927337382013,1,1,1,1,1,1,1,1.3782111269551578,1,0,1,0,0,0,1,0,0,1,0
0,0,0,-1.2791730474053722,0,0,0,0,0,0,0,-1.4965524147718476,1,0,0,1,1,0,0,0,0,0,1
0,0,0,-0.09900623067667355,1,0,1,0,1,1,1,0.48140447615643855,2,1,0,0,0,1,0,0,1,0,0
0,0,0,-1.2384776399319688,0,1,0,0,0,0,0,-0.5183688641784296,1,1,0,0,1,0,0,0,0,0,1
0,1,0,1.5288100682594625,1,0,1,1,0,1,0,0.414974353875052,2,1,0,0,0,0,1,0,1,0,0
0,1,0,-0.13970163815007697,0,0,0,0,1,1,1,-0.6279785659427177,0,1,0,0,1,0,0,0,0,1,0
0,1,1,0.7962927337382013,0,0,0,0,0,0,0,-1.4932309086577782,1,0,0,1,0,0,1,0,0,0,1
0,0,0,-1.2384776399319688,0,0,0,0,1,1,1,0.8500916548181345,1,0,1,0,1,0,0,0,0,1,0
1,1,0,0.9183789561584115,1,1,0,0,0,0,0,-0.1596462038589421,2,1,0,0,0,1,0,0,1,0,0
1,1,0,0.6742065113179911,1,1,1,0,0,0,1,0.7770185203086092,2,0,1,0,1,0,0,0,0,1,0
0,1,1,-1.1163914175117586,0,0,0,1,1,0,1,0.6956416205139104,1,0,1,0,1,0,0,0,0,1,0
1,1,0,0.06377539921694006,0,0,1,0,1,0,1,0.6773733368865292,1,0,1,0,1,0,0,0,1,0,0
0,0,0,-0.01761541572986675,0,0,0,0,0,0,0,-1.4965524147718476,1,0,0,1,0,1,0,1,0,0,0
0,1,0,-0.26178786057028713,0,0,0,1,0,1,0,0.7006238796850146,1,0,1,0,1,0,0,0,1,0,0
0,1,1,0.7149019187913945,0,1,1,1,1,1,1,0.6424975226888013,2,1,0,0,0,1,0,0,1,0,0
0,1,0,1.2846376234190422,1,1,1,0,0,0,0,0.8185373467344758,2,0,1,0,0,1,0,1,0,0,0
0,0,0,-1.2791730474053722,0,0,0,0,1,0,1,-0.16462846303004602,2,1,0,0,1,0,0,0,0,1,0
0,1,0,1.4474192533126558,0,1,1,1,0,0,0,0.8434486425899957,2,0,1,0,0,0,1,0,1,0,0
0,0,0,1.1625514009988318,0,1,1,1,1,1,0,0.7919652978219213,2,1,0,0,0,0,1,0,1,0,0
0,0,0,-1.1977822324585654,1,0,0,1,0,0,1,0.5810496595785185,1,0,1,0,1,0,0,0,0,0,1
0,0,0,0.4707294739509741,0,0,0,0,0,0,0,-1.5048561800570208,1,0,0,1,0,1,0,0,1,0,0
0,0,0,-1.2791730474053722,0,0,0,0,0,0,1,-1.5015346739429516,1,0,0,1,1,0,0,0,0,0,1
0,1,1,-0.09900623067667355,0,0,0,0,0,0,0,-1.4982131678288821,1,0,0,1,0,0,1,0,0,0,1
1,1,0,0.10447080669034346,0,0,1,0,0,0,1,0.557799116780033,2,0,1,0,0,1,0,1,0,0,0
0,0,0,-1.0350006025649519,0,0,0,0,1,0,1,0.5146195372971318,1,0,1,0,1,0,0,0,0,0,1
1,0,0,1.5288100682594625,0,1,1,0,1,0,1,-0.6894264290530003,0,1,0,0,0,1,0,0,1,0,0
0,0,0,-0.953609787618145,0,0,0,0,0,0,1,-1.5231244636844021,1,0,0,1,1,0,0,0,0,0,1
0,1,1,1.0404651785786216,0,1,0,0,1,0,1,0.06621621189777228,2,1,0,0,1,0,0,1,0,0,0
1,1,0,1.6102008832062693,0,1,0,0,1,1,1,1.0776148236318834,2,0,1,0,0,1,0,0,1,0,0
0,1,0,1.4881146607860591,1,1,1,1,0,1,1,1.408104681981782,2,0,1,0,0,1,0,0,1,0,0
0,0,0,1.4881146607860591,1,0,1,1,1,1,1,0.682355596057633,2,1,0,0,0,0,1,0,1,0,0
1,0,0,-1.2384776399319688,1,0,1,0,1,0,0,0.05293018744149525,1,1,0,0,1,0,0,1,0,0,0
0,0,1,0.3079478440573605,1,1,0,1,0,0,0,-0.8156436613876348,0,1,0,0,0,1,0,0,0,0,1
0,1,1,0.8776835486850081,1,0,0,1,0,0,0,-0.1596462038589421,2,1,0,0,0,0,1,1,0,0,0
0,0,0,-1.2791730474053722,0,0,0,0,0,0,1,-0.6728188984826537,1,1,0,0,1,0,0,0,1,0,0
0,0,0,-0.38387408299049736,0,0,0,0,1,1,1,0.9530583443542836,2,0,1,0,1,0,0,0,0,1,0
0,1,1,-0.18039704562348036,0,1,1,1,1,1,1,-0.1596462038589421,0,1,0,0,0,1,0,0,1,0,0
0,1,1,-1.2791730474053722,0,0,0,0,0,0,0,-1.4766233780874316,1,0,0,1,0,0,1,0,0,0,1
1,0,0,-0.7094373427777246,0,0,0,1,0,0,0,-0.3257215095624086,2,1,0,0,1,0,0,0,1,0,0
1,1,0,1.5288100682594625,0,0,0,0,0,0,1,-1.5031954269999863,1,0,0,1,0,0,1,0,1,0,0
0,0,0,-1.0350006025649519,0,0,0,0,0,0,0,0.29207862765448667,2,0,1,0,1,0,0,0,0,1,0
0,1,0,-0.9943051950915484,0,1,1,0,1,1,0,1.2071535620805875,1,0,1,0,1,0,0,0,0,1,0
0,1,1,-0.7908281577245314,1,0,1,0,0,1,1,-0.05501876126575823,1,1,0,0,1,0,0,0,0,0,1
0,0,1,1.2846376234190422,0,1,0,1,1,1,1,1.140723439799201,1,0,1,0,1,0,0,0,1,0,0
0,0,0,-0.22109245309688375,1,1,0,0,0,0,0,-0.3107747320490965,1,1,0,0,0,1,0,1,0,0,0
0,0,0,-1.2791730474053722,0,0,0,0,0,0,1,-1.3470846396387277,0,1,0,0,1,0,0,0,0,1,0
0,0,0,-0.09900623067667355,1,1,0,0,0,0,1,-0.31575699122020073,1,1,0,0,1,0,0,1,0,0,0
0,1,0,1.3253330308924456,0,0,0,1,1,0,1,-0.16628921608708083,1,1,0,0,0,0,1,0,1,0,0
0,0,0,1.1625514009988318,1,1,1,1,1,1,0,0.8251803589626145,2,1,0,0,0,0,1,0,0,1,0
0,1,1,0.7555973262647979,1,1,0,1,0,1,1,0.1642006422628176,1,1,0,0,0,1,0,0,1,0,0
1,1,0,1.3253330308924456,0,1,1,0,1,1,1,1.461248779806891,2,0,1,0,1,0,0,1,0,0,0
0,1,1,0.5928156963711843,0,1,0,1,0,1,0,-0.03342897152430763,1,1,0,0,0,0,1,1,0,0,0
0,1,1,-0.5873511203575144,0,0,1,0,1,1,0,1.0078631952364276,1,0,1,0,1,0,0,0,0,0,1
1,1,0,1.6102008832062693,1,0,0,0,0,0,0,0.454832427243884,2,0,1,0,0,0,1,1,0,0,0
0,1,1,-1.1977822324585654,0,0,0,0,0,1,1,0.6624265593732171,2,0,1,0,1,0,0,1,0,0,0
0,1,1,-0.8315235651979348,0,0,0,0,0,0,1,-1.5148206983992287,1,0,0,1,1,0,0,0,0,1,0
1,0,0,-0.6280465278309177,0,1,1,0,1,0,1,0.8085728283922679,1,0,1,0,1,0,0,0,0,1,0
0,0,0,-0.7094373427777246,0,1,0,0,0,0,1,0.49635125366975064,2,0,1,0,1,0,0,0,0,1,0
0,1,1,1.1625514009988318,1,0,1,0,0,0,0,-1.0365238179732452,0,1,0,0,1,0,0,1,0,0,0
0,0,1,0.7555973262647979,0,0,0,1,0,0,0,-0.5632091967183657,1,1,0,0,0,1,0,0,1,0,0
0,1,0,-0.13970163815007697,0,0,0,0,0,0,1,-1.5031954269999863,1,0,0,1,0,0,1,0,0,0,1
0,1,1,1.569505475732866,1,1,0,1,0,0,1,0.06787696495480686,2,1,0,0,0,1,0,0,1,0,0
0,0,0,0.22655702911055367,1,1,1,0,0,0,1,0.04462642215632192,2,1,0,0,1,0,0,1,0,0,0
0,0,0,-0.953609787618145,0,0,0,0,0,0,1,0.3302759479662841,2,0,1,0,1,0,0,0,0,1,0
0,1,1,-0.26178786057028713,1,1,0,1,0,0,0,-0.8621447469846054,0,1,0,0,1,0,0,0,1,0,0
0,0,0,0.34864325153076386,0,1,1,0,1,1,1,1.3250670291300486,2,0,1,0,1,0,0,0,0,1,0
0,1,1,0.4300340664775707,0,0,1,0,1,1,1,1.1457056989703047,2,0,1,0,1,0,0,1,0,0,0
0,0,0,1.4881146607860591,1,1,1,1,0,1,1,0.5544776106659639,2,1,0,0,0,0,1,0,1,0,0
0,0,0,-1.0756960100383552,0,0,1,1,0,1,1,0.8118943345063371,1,0,1,0,1,0,0,0,0,1,0
0,0,0,-0.9129143801447416,0,0,1,0,1,1,1,0.9995594299512544,1,0,1,0,1,0,0,0,0,1,0
0,1,0,1.6102008832062693,0,1,1,0,1,1,1,1.29351272104639,2,0,1,0,0,0,1,1,0,0,0
0,0,0,-0.3024832680436906,1,1,1,1,0,1,0,0.5627813759511373,2,1,0,0,1,0,0,1,0,0,0
0,0,0,0.4707294739509741,1,1,1,0,1,1,1,1.550929444886763,2,0,1,0,1,0,0,0,0,1,0
0,0,0,-1.2384776399319688,0,0,0,0,0,0,0,-1.5081776861710903,1,0,0,1,1,0,0,0,0,0,1
0,0,0,-1.1163914175117586,0,0,1,1,0,0,1,0.5959964370918306,2,0,1,0,1,0,0,0,0,1,0
1,1,0,-0.09900623067667355,0,0,0,0,0,0,0,0.43490339055946825,2,0,1,0,1,0,0,0,0,0,1
0,1,1,1.6102008832062693,1,1,1,1,1,1,1,1.6937542077917442,2,0,1,0,0,0,1,1,0,0,0
0,0,0,-1.0756960100383552,0,0,1,0,1,0,0,-0.12975264883231816,1,1,0,0,1,0,0,0,0,0,1
0,0,0,-0.7094373427777246,0,0,1,0,1,0,0,0.6806948430005983,1,0,1,0,1,0,0,0,0,1,0
0,1,1,-0.5873511203575144,0,0,0,0,0,0,0,-1.3188518376691383,2,0,0,1,0,0,1,0,0,0,1
0,0,1,-0.6280465278309177,0,1,1,1,0,0,1,0.926486295441729,2,0,1,0,1,0,0,0,1,0,0
0,1,1,-0.9129143801447416,0,0,0,0,0,0,1,-1.3421023804676238,2,0,0,1,1,0,0,0,0,0,1
0,0,0,0.14516621416374687,1,1,1,1,1,0,1,0.3834200457913932,1,1,0,0,0,1,0,0,0,0,1
0,1,1,0.5928156963711843,0,0,0,0,0,0,0,-1.3371201212965198,2,0,0,1,0,0,1,0,0,0,1
0,1,0,-1.157086824985162,0,0,0,0,0,0,1,-1.3171910846121038,0,1,0,0,1,0,0,0,0,1,0
0,1,0,0.10447080669034346,1,1,1,0,0,0,0,-0.1264311427182488,1,1,0,0,1,0,0,0,0,0,1
0,0,0,-1.1163914175117586,0,1,1,0,0,1,0,1.054364280833398,2,0,1,0,1,0,0,0,0,1,0
1,0,0,-0.3024832680436906,0,1,0,0,1,0,1,0.8019298161641292,2,0,1,0,1,0,0,0,0,1,0
0,0,1,-0.5873511203575144,0,0,0,0,0,1,1,-0.9900227323762747,0,1,0,0,1,0,0,0,0,1,0
0,1,1,0.06377539921694006,0,0,0,0,0,0,1,-1.3022443070987917,2,0,0,1,0,1,0,0,1,0,0
0,0,0,-1.0350006025649519,0,0,0,0,0,0,0,0.35352649076476955,2,0,1,0,1,0,0,0,0,0,1
0,0,0,-0.9943051950915484,0,0,1,0,1,1,1,0.9929164177231157,1,0,1,0,1,0,0,0,0,1,0
0,0,0,1.2439422159456388,0,1,0,0,1,1,0,1.165634735654721,2,0,1,0,0,1,0,1,0,0,0
0,0,0,-0.9943051950915484,0,0,0,0,0,0,1,-1.4733018719733622,1,0,0,1,1,0,0,0,1,0,0
0,1,1,0.5114248814243775,0,0,0,0,0,0,0,-1.4600158475170848,1,0,0,1,0,0,1,0,0,0,1
1,0,0,-1.1977822324585654,0,0,0,0,0,0,1,0.34024046630849203,2,0,1,0,1,0,0,0,1,0,0
0,1,0,-1.2791730474053722,1,1,0,0,0,0,1,-0.373883348216414,1,1,0,0,1,0,0,0,0,0,1
1,0,0,0.9590743636318149,0,1,1,0,1,1,0,1.3267277821870833,2,0,1,0,1,0,0,0,0,1,0
0,1,1,1.4067238458392524,0,0,0,0,0,0,1,-1.5131599453421942,1,0,0,1,0,0,1,1,0,0,0
0,0,0,-0.8315235651979348,0,0,0,1,0,0,1,0.4897082414416119,2,0,1,0,1,0,0,0,1,0,0
0,0,1,-0.01761541572986675,0,0,0,0,0,0,0,-1.4716411189163277,1,0,0,1,0,0,1,0,0,0,1
0,1,1,0.2672524365839571,0,1,0,0,1,0,1,0.7139099041412917,1,0,1,0,1,0,0,0,0,0,1
1,0,0,0.9997697711052183,1,0,0,1,0,1,0,0.9613621096394569,2,0,1,0,0,0,1,0,0,1,0
0,0,0,-1.2791730474053722,0,0,0,0,0,0,0,-1.4998739208859169,1,0,0,1,1,0,0,0,0,0,1
0,1,1,0.18586162163715025,0,0,0,0,0,0,0,-1.5098384392281248,1,0,0,1,1,0,0,0,0,1,0
0,1,1,0.38933865900416725,0,0,0,0,1,0,1,0.4365641436165028,1,0,1,0,1,0,0,0,1,0,0
0,1,1,1.4067238458392524,0,1,1,0,1,1,1,1.348317571928534,2,0,1,0,0,1,0,0,0,1,0
1,1,0,-0.5873511203575144,0,0,0,0,0,1,0,0.4564931803009186,1,0,1,0,1,0,0,0,0,1,0
1,0,0,1.366028438365849,0,1,0,0,0,0,1,0.519601796468236,2,0,1,0,1,0,0,0,1,0,0
0,0,0,1.1218559935254284,0,0,1,0,0,0,1,0.47808297004236944,2,0,1,0,0,1,0,1,0,0,0
0,1,1,0.34864325153076386,0,0,1,1,1,1,1,1.2553154007345924,2,0,1,0,0,1,0,0,0,1,0
0,1,1,0.5521202888977809,0,0,0,0,0,0,1,-1.5131599453421942,1,0,0,1,0,0,1,0,0,0,1
0,0,0,-0.22109245309688375,0,0,0,0,0,0,0,-1.4766233780874316,1,0,0,1,0,0,1,0,1,0,0
1,1,0,1.5288100682594625,1,1,1,1,1,1,1,1.600752036597803,2,0,1,0,0,0,1,0,1,0,0
0,1,1,-1.2791730474053722,0,0,0,0,0,0,0,-1.5065169331140555,1,0,0,1,1,0,0,0,0,0,1
1,1,0,1.4881146607860591,0,1,0,1,1,1,0,1.348317571928534,2,0,1,0,0,0,1,0,1,0,0
0,0,0,1.4474192533126558,0,1,0,1,0,1,0,-0.6595328740263762,0,1,0,0,1,0,0,0,0,1,0
0,1,0,-0.546655712884111,0,0,1,0,1,1,1,1.0626680461185714,1,0,1,0,1,0,0,0,0,1,0
0,1,0,-0.38387408299049736,1,1,1,0,1,0,1,1.14404494591327,2,0,1,0,1,0,0,0,0,1,0
0,1,0,1.366028438365849,1,1,1,1,1,0,1,-0.27257741173729927,0,1,0,0,0,0,1,1,0,0,0
1,0,0,1.6102008832062693,0,1,1,1,1,1,1,1.4379982370084057,2,0,1,0,0,0,1,1,0,0,0
0,0,0,-0.7908281577245314,1,0,1,0,1,1,1,0.46313619252905736,2,1,0,0,1,0,0,0,0,1,0
0,0,0,-0.6280465278309177,1,0,0,0,0,1,0,0.03134039770004441,2,1,0,0,1,0,0,1,0,0,0
0,0,0,-1.2791730474053722,0,0,0,0,0,0,1,-0.476850037752563,2,1,0,0,1,0,0,0,0,1,0
0,1,0,-1.0756960100383552,0,1,0,0,0,1,1,0.8617169262173769,2,0,1,0,1,0,0,0,0,1,0
0,0,0,0.18586162163715025,0,0,1,0,0,1,1,-0.8173044144446694,0,1,0,0,1,0,0,0,1,0,0
0,1,1,1.2439422159456388,0,0,0,0,0,0,0,-1.3337986151824504,2,0,0,1,0,0,1,0,1,0,0
0,0,0,-1.2384776399319688,0,0,0,0,0,0,0,-1.4766233780874316,1,0,0,1,1,0,0,0,0,0,1
0,1,0,-0.09900623067667355,0,0,0,0,0,0,0,-1.519802957570333,1,0,0,1,0,0,1,0,0,0,1
0,1,0,0.023079991743536653,0,0,1,0,1,1,1,1.0294529849778782,1,0,1,0,0,1,0,0,0,1,0
1,1,0,0.14516621416374687,0,0,0,0,0,1,1,0.6408367696317664,2,0,1,0,1,0,0,0,0,1,0
0,0,0,-0.6687419353043211,1,1,1,1,1,0,0,-0.33070376873351254,0,1,0,0,0,0,1,0,0,0,1
0,1,1,1.2032468084722354,0,0,0,0,1,1,1,0.18745118506130304,2,1,0,0,1,0,0,0,1,0,0
0,1,1,-1.0756960100383552,0,0,0,0,0,0,1,-0.6711581454256189,1,1,0,0,1,0,0,1,0,0,0
0,0,0,0.10447080669034346,0,0,0,0,0,0,0,-1.4683196128022582,1,0,0,1,0,1,0,1,0,0,0
1,1,0,1.569505475732866,0,1,1,0,1,1,1,-0.41540217464228063,0,1,0,0,1,0,0,1,0,0,0
0,1,1,1.366028438365849,0,1,1,0,1,1,0,0.4996727597838198,2,1,0,0,0,0,1,1,0,0,0
0,0,0,-1.2791730474053722,0,0,0,0,0,0,1,0.16752214837688675,1,0,1,0,1,0,0,0,0,1,0
0,1,0,-0.6687419353043211,0,1,0,0,1,1,1,1.16895624176879,2,0,1,0,1,0,0,0,0,1,0
0,1,1,1.6102008832062693,1,1,1,1,1,1,1,1.5874660121415254,2,0,1,0,0,0,1,0,1,0,0
0,0,0,-1.0350006025649519,0,0,0,0,0,0,1,0.3352582071373883,2,0,1,0,1,0,0,0,0,1,0
0,1,1,0.9183789561584115,0,0,0,0,0,0,1,-1.3005835540417572,2,0,0,1,0,0,1,0,1,0,0
0,0,0,0.5114248814243775,1,1,1,1,1,1,0,1.5741799876852485,1,0,1,0,0,1,0,0,1,0,0
0,1,0,-0.18039704562348036,1,0,0,0,1,1,1,0.914861024042486,1,0,1,0,1,0,0,0,0,0,1
0,0,1,0.023079991743536653,1,0,1,0,0,1,1,1.0128454544075314,2,0,1,0,1,0,0,1,0,0,0
0,1,1,0.06377539921694006,0,0,1,0,1,0,1,0.6391760165747318,1,0,1,0,1,0,0,0,0,0,1
0,1,1,1.6102008832062693,0,0,0,0,0,0,0,-1.315530331555069,2,0,0,1,0,0,1,1,0,0,0
0,1,1,1.4067238458392524,1,0,1,1,1,1,1,1.4595880267498564,2,0,1,0,0,0,1,0,1,0,0
0,0,0,-0.09900623067667355,1,0,0,0,0,0,1,-0.5316548886347072,1,1,0,0,1,0,0,0,0,0,1
0,1,1,-0.8315235651979348,0,0,0,0,0,0,0,-1.4982131678288821,1,0,0,1,0,0,1,0,0,0,1
0,1,1,1.2439422159456388,1,0,1,1,0,1,0,0.36183025604994284,2,1,0,0,0,0,1,0,0,0,1
1,1,0,0.7149019187913945,1,1,1,0,1,0,1,1.2320648579361075,2,0,1,0,0,1,0,1,0,0,0
0,1,0,1.569505475732866,1,0,1,1,1,1,0,0.6109432146051427,2,1,0,0,0,0,1,0,0,1,0
0,1,1,-0.7908281577245314,0,1,1,1,0,0,0,-0.09985909380569423,1,1,0,0,1,0,0,1,0,0,0
0,1,0,0.18586162163715025,0,0,1,1,1,0,0,0.9796303932668381,2,0,1,0,0,0,1,0,0,0,1
0,1,1,1.6102008832062693,1,1,1,1,1,1,1,1.7136832444761605,2,0,1,0,0,0,1,0,1,0,0
0,1,1,0.9997697711052183,1,0,1,1,1,1,1,0.6541227940880439,2,1,0,0,0,0,1,0,0,1,0
0,1,1,1.6102008832062693,1,1,1,1,0,1,1,0.31698992351000665,1,1,0,0,0,0,1,0,0,1,0
0,1,1,1.6102008832062693,0,0,0,0,0,0,0,-1.3454238865816932,2,0,0,1,0,0,1,1,0,0,0
0,1,1,1.3253330308924456,1,0,1,1,1,1,0,1.4778563103772377,2,0,1,0,0,0,1,0,0,1,0
0,0,0,0.5928156963711843,1,0,1,0,1,0,0,0.9995594299512544,2,0,1,0,0,1,0,0,1,0,0
0,0,1,-1.2791730474053722,0,0,0,0,0,0,0,0.1642006422628176,1,0,1,0,1,0,0,1,0,0,0
0,0,0,-1.2384776399319688,0,0,0,0,1,0,1,0.49635125366975064,1,0,1,0,1,0,0,0,0,1,0
0,1,0,-1.157086824985162,0,1,0,0,1,1,1,1.1755992539969289,2,0,1,0,1,0,0,0,0,1,0
0,0,0,0.7555973262647979,0,1,1,0,1,1,1,1.1357411806280968,1,0,1,0,1,0,0,0,0,1,0
0,1,1,-0.953609787618145,0,0,0,1,0,0,1,0.3668125152210466,1,0,1,0,1,0,0,0,0,1,0
1,1,0,-0.05831082320327015,1,0,0,0,1,0,0,0.8185373467344758,2,0,1,0,1,0,0,0,0,1,0
0,0,0,0.18586162163715025,0,0,0,1,1,1,0,1.178920760110998,2,0,1,0,1,0,0,0,1,0,0
0,0,0,0.18586162163715025,1,1,0,1,0,0,1,-0.805679143045427,0,1,0,0,0,0,1,0,0,0,1
0,0,0,-1.2791730474053722,0,0,0,0,0,0,1,-1.5114991922851597,1,0,0,1,1,0,0,0,0,0,1
0,0,0,-0.9943051950915484,0,0,0,0,0,0,0,-1.4799448842015008,1,0,0,1,0,0,1,0,0,0,1
0,1,0,0.9590743636318149,0,0,0,0,1,1,0,0.8268411120196492,1,0,1,0,1,0,0,0,0,0,1
0,1,0,-0.750132750251128,0,0,0,0,1,1,0,-0.6130317884294056,0,1,0,0,1,0,0,0,0,1,0
0,1,1,-0.13970163815007697,1,1,1,1,0,1,1,-0.3140962381631659,0,1,0,0,0,1,0,0,1,0,0
0,0,0,-0.34317867551709397,1,1,0,1,0,0,0,-0.14469942634563002,1,1,0,0,1,0,0,1,0,0,0
0,0,0,-0.750132750251128,0,1,0,0,0,0,1,-0.30911397899206194,2,1,0,0,1,0,0,0,1,0,0
0,0,0,-0.38387408299049736,0,0,1,0,0,0,1,0.5378700800956173,2,0,1,0,1,0,0,0,0,1,0
0,0,0,-1.2384776399319688,0,0,0,0,0,1,1,-0.9999872507184826,0,1,0,0,1,0,0,0,0,1,0
0,0,0,-1.1163914175117586,0,1,0,0,0,0,1,-0.44695648272593913,1,1,0,0,1,0,0,0,0,1,0
0,1,1,1.6102008832062693,1,1,1,1,1,1,1,0.028018891585975265,0,1,0,0,0,0,1,1,0,0,0
0,0,0,-1.2791730474053722,0,0,0,0,0,0,0,-1.3421023804676238,0,1,0,0,1,0,0,0,0,0,1
0,0,0,-0.8315235651979348,0,0,0,0,0,0,0,-1.5065169331140555,1,0,0,1,1,0,0,1,0,0,0
0,0,0,-0.7094373427777246,1,0,0,0,1,0,0,0.7105883980272225,1,0,1,0,1,0,0,0,0,1,0
0,1,1,0.6742065113179911,1,0,0,0,0,1,1,-0.8505194755853627,0,1,0,0,1,0,0,0,0,1,0
0,1,0,0.22655702911055367,0,0,0,0,0,0,0,-1.4749626250303969,1,0,0,1,0,0,1,1,0,0,0
0,1,0,1.4881146607860591,0,0,1,0,1,1,0,1.1523487111984434,2,0,1,0,0,1,0,1,0,0,0
0,1,1,1.6102008832062693,0,0,0,0,0,0,0,-1.3304771090683811,2,0,0,1,0,0,1,1,0,0,0
0,1,1,-1.157086824985162,0,0,0,0,0,0,0,-0.6645151331974803,1,1,0,0,1,0,0,0,0,1,0
1,1,0,0.7962927337382013,1,1,1,0,1,1,1,1.4712132981490988,2,0,1,0,1,0,0,0,0,1,0
0,1,1,1.1625514009988318,0,0,0,0,0,0,1,-1.5081776861710903,1,0,0,1,1,0,0,0,0,0,1
1,1,0,1.6102008832062693,0,0,0,0,0,0,1,-1.3221733437832077,2,0,0,1,0,0,1,1,0,0,0
0,0,0,-1.157086824985162,0,0,0,0,0,0,1,0.2455775420575163,2,0,1,0,1,0,0,1,0,0,0
0,1,0,-0.5873511203575144,0,0,1,0,1,1,1,1.0344352441489824,1,0,1,0,1,0,0,0,1,0,0
0,1,1,-0.7094373427777246,0,0,0,0,0,0,1,-1.4882486494866742,1,0,0,1,1,0,0,0,0,1,0
0,1,1,0.14516621416374687,0,0,0,0,0,0,0,-1.4799448842015008,1,0,0,1,0,0,1,1,0,0,0
0,0,0,0.14516621416374687,0,0,1,1,0,1,1,0.7554287305671583,1,0,1,0,1,0,0,0,0,1,0
0,1,1,-1.2791730474053722,0,0,0,0,0,0,1,-1.4716411189163277,1,0,0,1,1,0,0,0,0,0,1
0,0,0,-1.2791730474053722,0,1,0,0,0,0,0,-0.5084043458362217,1,1,0,0,1,0,0,0,0,1,0
1,1,0,-1.157086824985162,1,0,0,0,1,1,1,1.1556702173125126,2,0,1,0,1,0,0,0,0,1,0
0,0,0,-0.546655712884111,0,1,0,0,0,0,1,0.30038239293965996,1,0,1,0,1,0,0,0,1,0,0
0,0,0,-1.157086824985162,0,1,0,0,0,1,1,0.8384663834188916,2,0,1,0,1,0,0,0,0,1,0
0,0,1,-0.01761541572986675,0,1,1,1,1,1,0,0.6275507451754893,2,1,0,0,0,1,0,0,1,0,0
0,1,1,-0.750132750251128,0,0,0,1,1,0,1,0.8916104812440011,2,0,1,0,1,0,0,0,0,1,0
0,0,0,1.4474192533126558,1,1,1,1,1,1,0,-0.015160687896926405,0,1,0,0,0,0,1,0,1,0,0
0,0,0,-0.7094373427777246,0,0,0,1,0,0,1,-1.1660625564219491,0,1,0,0,1,0,0,0,0,1,0
1,0,0,1.5288100682594625,0,1,1,1,1,0,1,0.3551872438218041,2,1,0,0,0,0,1,1,0,0,0
0,0,0,-1.2384776399319688,1,0,1,0,0,0,0,-0.3772048543304831,1,1,0,0,1,0,0,0,0,1,0
0,1,1,1.2439422159456388,0,0,0,0,0,0,0,-1.5098384392281248,1,0,0,1,0,0,1,0,0,1,0
0,0,0,1.6102008832062693,0,0,0,0,0,0,1,-1.450051329174877,1,0,0,1,0,0,1,1,0,0,0
0,1,1,1.4474192533126558,0,1,0,1,1,1,1,1.29351272104639,2,0,1,0,0,0,1,0,1,0,0
0,0,0,-0.26178786057028713,0,1,1,0,1,0,0,0.8301626181337183,1,0,1,0,1,0,0,0,0,1,0
0,0,0,-0.01761541572986675,1,0,0,0,0,0,0,-1.1511157789086373,0,1,0,0,0,1,0,0,0,0,1
1,1,0,-0.22109245309688375,1,0,0,1,1,1,1,1.3117810046737712,2,0,1,0,1,0,0,1,0,0,0
0,0,0,0.6742065113179911,1,1,0,0,0,0,1,-0.16794996914411542,2,1,0,0,1,0,0,0,1,0,0
1,0,0,-0.953609787618145,0,0,0,0,0,1,1,0.6723910777154251,2,0,1,0,1,0,0,0,0,1,0
0,0,0,-0.6280465278309177,0,0,0,0,0,0,0,-1.5081776861710903,1,0,0,1,0,0,1,0,0,0,1
0,1,1,1.5288100682594625,1,0,1,1,1,1,0,-0.17625373442928874,0,1,0,0,0,0,1,1,0,0,0
1,0,0,-0.5059603054107076,0,0,0,0,0,1,1,0.697302373570945,2,0,1,0,1,0,0,0,1,0,0
0,1,1,-0.750132750251128,0,0,0,0,0,1,1,0.5345485739815481,1,0,1,0,1,0,0,1,0,0,0
1,0,0,-1.2791730474053722,0,0,1,0,1,0,1,0.796947556993025,2,0,1,0,1,0,0,0,0,1,0
0,0,1,1.4881146607860591,1,1,1,1,1,0,1,0.4863867353275428,2,1,0,0,0,0,1,0,1,0,0
0,0,0,0.2672524365839571,1,0,1,0,1,1,1,1.183903019282102,1,0,1,0,0,0,1,0,0,1,0
0,1,0,1.569505475732866,1,1,1,1,0,0,1,-0.571512962003539,0,1,0,0,0,0,1,1,0,0,0
0,1,1,1.4881146607860591,0,0,1,0,0,0,1,0.47808297004236944,2,0,1,0,0,0,1,0,1,0,0
0,1,1,-1.0350006025649519,0,0,0,0,0,0,0,-1.4799448842015008,1,0,0,1,1,0,0,0,0,0,1
0,1,0,1.6102008832062693,1,1,1,1,0,0,1,0.9779696402098036,2,0,1,0,0,0,1,1,0,0,0
1,1,1,1.569505475732866,0,1,1,1,0,1,1,0.26882808485600174,2,1,0,0,0,1,0,1,0,0,0
0,0,0,1.4474192533126558,0,0,0,0,0,0,0,-1.3055658132128611,2,0,0,1,0,0,1,1,0,0,0
0,0,0,-1.2384776399319688,0,0,1,0,0,0,0,0.5245840556393397,2,0,1,0,1,0,0,0,0,0,1
1,0,0,-1.0756960100383552,1,0,0,0,0,0,1,0.3086861582248333,1,0,1,0,1,0,0,0,0,1,0
0,1,1,0.9183789561584115,0,0,0,0,0,0,0,-1.5081776861710903,1,0,0,1,0,0,1,0,1,0,0
0,0,0,-1.0350006025649519,0,0,0,0,0,0,1,0.15755763003467887,1,0,1,0,1,0,0,0,0,1,0
0,1,1,0.5114248814243775,0,1,1,1,0,1,0,-0.4585817541251818,0,1,0,0,0,1,0,1,0,0,0
0,1,0,-0.6687419353043211,0,0,0,0,0,0,1,0.30038239293965996,2,0,1,0,1,0,0,1,0,0,0
0,1,1,1.4881146607860591,1,0,1,1,1,1,0,0.733838940825708,2,1,0,0,0,0,1,1,0,0,0
0,0,0,1.2439422159456388,0,0,0,0,0,0,1,-1.4683196128022582,1,0,0,1,0,0,1,0,0,0,1
0,0,0,-1.0350006025649519,0,0,1,0,0,0,1,0.3352582071373883,1,0,1,0,1,0,0,0,0,1,0
0,1,1,-0.8722189726713382,1,0,0,0,0,0,1,-1.1693840625360186,0,1,0,0,1,0,0,0,0,1,0
0,1,1,-0.9129143801447416,0,1,0,1,0,1,1,0.023036632414871083,1,1,0,0,1,0,0,0,0,1,0
0,1,0,0.38933865900416725,0,0,1,1,1,1,1,1.373228867784054,2,0,1,0,1,0,0,1,0,0,0
0,1,1,-0.750132750251128,0,0,0,0,0,0,1,-1.4982131678288821,1,0,0,1,0,0,1,0,0,0,1
0,0,0,-0.546655712884111,0,0,1,1,0,0,1,-0.3257215095624086,1,1,0,0,1,0,0,0,1,0,0
0,0,0,-1.1977822324585654,0,1,0,1,0,0,1,-0.928574869265992,0,1,0,0,1,0,0,0,0,0,1
0,1,1,-0.18039704562348036,1,0,1,1,1,0,0,-0.46522476635332055,0,1,0,0,0,1,0,0,0,0,1
0,1,1,1.6102008832062693,1,0,1,1,1,1,1,1.3317100413581875,1,0,1,0,0,0,1,0,1,0,0
0,1,0,0.10447080669034346,0,0,0,1,0,1,1,0.8318233711907528,2,0,1,0,1,0,0,1,0,0,0
0,1,1,1.081160586052025,0,0,0,0,0,0,0,-1.5114991922851597,1,0,0,1,0,0,1,0,1,0,0
1,1,0,-0.4652648979373042,0,0,1,0,1,0,0,0.722213669426465,1,0,1,0,1,0,0,1,0,0,0
0,0,0,-1.2384776399319688,0,0,0,0,0,0,0,-0.6794619107107922,1,1,0,0,1,0,0,0,0,1,0
0,1,1,-0.3024832680436906,0,1,1,0,1,0,1,0.8085728283922679,1,0,1,0,1,0,0,1,0,0,0
0,1,0,0.6335111038445876,0,0,1,1,1,1,1,1.1706169948258247,1,0,1,0,1,0,0,0,1,0,0
0,0,0,-1.1977822324585654,0,0,0,0,0,0,0,-1.5281067228555063,1,0,0,1,1,0,0,0,0,0,1
0,0,0,-0.953609787618145,1,1,0,0,1,1,1,0.326954441852215,1,1,0,0,1,0,0,0,0,1,0
1,1,1,1.2032468084722354,0,1,1,0,0,1,1,1.0394175033200859,2,0,1,0,1,0,0,0,1,0,0
0,0,0,-0.6280465278309177,1,1,1,1,1,0,1,1.3898363983544006,2,0,1,0,1,0,0,1,0,0,0
1,1,0,1.2032468084722354,0,1,0,0,0,1,1,0.8301626181337183,2,0,1,0,1,0,0,1,0,0,0
1,1,0,1.569505475732866,1,1,1,1,0,0,1,1.0477212686052593,2,0,1,0,0,0,1,0,1,0,0
0,1,0,-1.2791730474053722,0,0,0,0,0,1,0,-0.9900227323762747,0,1,0,0,1,0,0,0,0,1,0
1,1,0,-1.1163914175117586,0,0,0,0,0,0,1,0.31698992351000665,2,0,1,0,1,0,0,0,0,1,0
0,1,1,1.081160586052025,1,0,1,0,0,0,0,-0.9966657446044134,0,1,0,0,0,1,0,0,0,0,1
0,1,1,0.6742065113179911,0,0,0,0,1,0,0,0.6541227940880439,2,0,1,0,1,0,0,0,0,1,0
0,0,0,-0.42456949046390074,0,1,0,0,1,1,1,1.190546031510241,2,0,1,0,1,0,0,0,0,1,0
0,1,0,0.4300340664775707,1,1,0,1,1,1,0,0.7188921633123959,2,1,0,0,0,0,1,0,1,0,0
0,0,0,-1.0756960100383552,0,1,0,0,0,0,1,-1.1394905075093946,0,1,0,0,1,0,0,0,1,0,0
0,1,1,0.6742065113179911,0,0,0,0,0,0,0,-1.3138695784980343,2,0,0,1,0,0,1,0,0,0,1
0,0,0,0.6742065113179911,0,1,0,0,1,1,0,1.125776662285889,2,0,1,0,1,0,0,0,0,1,0
0,1,0,-0.9129143801447416,0,0,0,0,0,1,1,0.6790340899435638,2,0,1,0,1,0,0,0,0,1,0
1,1,0,0.5928156963711843,0,0,1,0,1,1,1,1.1706169948258247,2,0,1,0,1,0,0,0,0,1,0
0,0,0,-0.5873511203575144,0,0,0,1,1,0,1,0.7820007794797129,2,0,1,0,1,0,0,0,0,1,0
0,1,1,0.7962927337382013,0,0,0,0,0,0,0,-1.3371201212965198,2,0,0,1,0,0,1,0,0,0,1
0,1,1,1.1218559935254284,0,0,0,0,0,0,0,-1.3570491579809356,2,0,0,1,0,1,0,0,1,0,0
0,1,1,-0.22109245309688375,0,1,0,0,0,0,0,-0.49677907443697905,1,1,0,0,1,0,0,0,0,0,1
0,1,1,1.2846376234190422,0,0,0,0,0,0,0,-1.494891661714813,1,0,0,1,0,1,0,1,0,0,0
0,0,0,-0.18039704562348036,0,1,0,0,0,1,1,0.8351448773048225,2,0,1,0,1,0,0,0,0,1,0
0,1,0,0.8369881412116047,0,0,0,0,0,0,0,-1.519802957570333,1,0,0,1,0,1,0,0,1,0,0
0,0,0,-1.2791730474053722,0,0,0,0,0,0,0,-1.4733018719733622,1,0,0,1,0,0,1,0,0,0,1
0,0,0,-0.42456949046390074,0,0,0,0,0,0,1,-1.5131599453421942,1,0,0,1,0,1,0,0,0,0,1
0,1,1,-0.38387408299049736,1,1,0,1,0,0,1,-0.234380091425502,1,1,0,0,0,1,0,0,0,0,1
0,0,0,0.06377539921694006,0,0,0,0,0,0,1,-1.3205125907261732,0,1,0,0,1,0,0,1,0,0,0
0,0,0,-0.13970163815007697,0,0,1,0,1,1,1,1.1224551561718192,2,0,1,0,1,0,0,0,1,0,0
0,0,0,-0.8722189726713382,0,0,0,0,0,0,0,-1.4865878964296397,1,0,0,1,0,1,0,0,1,0,0
0,0,0,-0.7094373427777246,1,1,0,0,1,1,1,1.1390626867421658,1,0,1,0,1,0,0,0,1,0,0
0,0,1,-1.2791730474053722,0,0,0,0,0,0,1,-1.4799448842015008,1,0,0,1,1,0,0,0,0,0,1
1,1,0,0.8369881412116047,0,1,1,1,1,0,1,0.9696658749246302,1,0,1,0,0,1,0,0,0,1,0
1,1,0,1.366028438365849,0,1,1,1,1,1,1,1.5293396551453122,2,0,1,0,0,1,0,0,0,1,0
0,1,0,-0.8315235651979348,0,1,0,0,0,1,1,0.6723910777154251,1,0,1,0,1,0,0,0,1,0,0
0,1,0,-0.7094373427777246,0,1,0,0,0,0,0,0.35020498465069994,1,0,1,0,1,0,0,1,0,0,0
0,0,0,0.10447080669034346,0,0,0,0,0,0,0,-1.5131599453421942,1,0,0,1,0,0,1,0,0,0,1
0,1,0,-0.4652648979373042,1,0,1,1,1,1,0,0.5345485739815481,1,1,0,0,0,1,0,0,0,0,1
0,0,0,1.0404651785786216,1,1,1,0,1,1,1,1.383193386126262,1,0,1,0,0,1,0,0,0,1,0
0,0,1,-0.4652648979373042,0,0,0,0,0,0,0,-1.3321378621254156,2,0,0,1,1,0,0,0,0,0,1
0,1,1,1.1625514009988318,0,0,1,0,1,1,1,1.165634735654721,2,0,1,0,0,1,0,0,0,1,0
0,0,0,-1.1977822324585654,1,0,1,1,0,0,0,-0.7791070941328722,0,1,0,0,1,0,0,0,0,0,1
0,0,0,0.7962927337382013,1,1,1,1,1,1,0,-0.03010746541023825,0,1,0,0,0,0,1,0,1,0,0
0,1,0,-0.42456949046390074,0,0,0,0,0,0,1,-1.4733018719733622,1,0,0,1,1,0,0,1,0,0,0
0,1,0,1.2439422159456388,1,1,1,1,1,1,1,1.5044283592897922,1,0,1,0,0,0,1,0,1,0,0
0,0,0,0.7962927337382013,0,1,0,0,0,1,1,0.682355596057633,1,0,1,0,1,0,0,0,0,1,0
0,0,0,-1.2791730474053722,0,0,0,0,0,0,1,0.3419012193655266,2,0,1,0,1,0,0,0,0,1,0
1,0,0,-1.2791730474053722,0,0,0,0,0,0,1,-1.315530331555069,0,1,0,0,1,0,0,0,0,1,0
0,0,0,-1.1163914175117586,0,0,0,0,0,0,0,-1.4865878964296397,1,0,0,1,1,0,0,0,1,0,0
0,1,1,1.6102008832062693,1,1,0,1,0,0,1,0.8484309017610995,2,0,1,0,0,0,1,1,0,0,0
0,0,0,-0.3024832680436906,1,1,1,1,1,0,1,0.44985016807277983,2,1,0,0,1,0,0,1,0,0,0
0,1,1,0.4300340664775707,0,0,0,0,0,0,1,-1.340441627410589,2,0,0,1,0,1,0,1,0,0,0
0,0,0,-1.2791730474053722,0,0,0,0,0,0,1,0.15921838309171343,1,0,1,0,1,0,0,0,0,1,0
0,0,0,0.06377539921694006,0,0,0,0,1,0,0,0.682355596057633,2,0,1,0,1,0,0,0,0,1,0
0,0,0,0.5928156963711843,0,1,1,0,1,1,1,1.2719229313049392,2,0,1,0,0,1,0,0,0,1,0
1,1,0,0.7149019187913945,0,0,0,1,1,1,1,1.190546031510241,2,0,1,0,0,1,0,0,0,1,0
1,1,0,-0.34317867551709397,0,0,1,0,1,1,1,0.9414330729550411,1,0,1,0,1,0,0,0,0,1,0
1,1,0,-0.13970163815007697,0,0,0,0,0,1,1,0.6474797818599051,2,0,1,0,1,0,0,0,0,1,0
0,1,0,0.9590743636318149,0,1,1,0,0,0,0,-0.17625373442928874,2,1,0,0,0,0,1,0,1,0,0
0,1,0,0.9997697711052183,0,1,1,0,1,1,1,1.31842401690191,2,0,1,0,1,0,0,0,1,0,0
0,1,0,1.6102008832062693,1,1,1,1,0,1,1,0.5810496595785185,2,1,0,0,0,0,1,1,0,0,0
0,1,0,-1.2384776399319688,0,0,1,0,0,0,0,0.3850807988484283,1,0,1,0,1,0,0,0,0,1,0
0,0,0,-0.9943051950915484,1,1,0,1,0,0,0,-0.21943331391218993,1,1,0,0,0,1,0,1,0,0,0
0,1,1,1.6102008832062693,1,1,1,1,1,0,1,0.5328878209245131,2,1,0,0,0,0,1,1,0,0,0
0,0,0,0.7555973262647979,0,0,0,0,0,1,0,0.6175862268332813,2,0,1,0,1,0,0,1,0,0,0
0,1,1,-1.2384776399319688,0,0,0,0,0,0,0,-1.4816056372585356,1,0,0,1,0,1,0,0,0,0,1
0,1,1,-0.546655712884111,0,0,1,0,0,0,1,-0.5050828397221524,1,1,0,0,1,0,0,1,0,0,0
0,0,0,-0.09900623067667355,1,0,0,0,1,1,1,1.1822422662250676,2,0,1,0,1,0,0,1,0,0,0
0,0,0,-0.01761541572986675,0,1,0,0,0,0,1,0.5162802903541664,2,0,1,0,1,0,0,1,0,0,0
0,1,1,0.18586162163715025,0,1,0,0,1,0,1,0.796947556993025,2,0,1,0,1,0,0,0,0,1,0
0,1,0,-0.8315235651979348,0,0,0,0,0,0,1,-1.4865878964296397,1,0,0,1,0,0,1,0,0,1,0
0,1,1,0.7149019187913945,0,0,0,0,0,0,0,-1.3238340968402422,2,0,0,1,0,0,1,0,0,0,1
0,1,1,-0.7094373427777246,0,1,1,1,1,1,0,0.38840230496249745,1,1,0,0,1,0,0,1,0,0,0
0,0,0,-1.0350006025649519,1,1,0,1,1,1,1,0.454832427243884,1,1,0,0,1,0,0,0,0,1,0
1,0,0,0.7149019187913945,0,0,1,1,1,1,1,1.333370794415222,2,0,1,0,1,0,0,0,0,1,0
0,1,0,1.2439422159456388,0,1,1,0,1,1,1,1.4180692003239899,2,0,1,0,0,1,0,0,0,1,0
0,0,0,-1.0756960100383552,0,0,0,0,0,0,1,0.14759311169247097,1,0,1,0,1,0,0,0,0,0,1
0,0,0,0.6742065113179911,0,0,0,0,0,0,1,0.32529368879517995,2,0,1,0,1,0,0,1,0,0,0
1,1,0,-0.953609787618145,0,0,0,0,0,0,0,-1.4932309086577782,1,0,0,1,0,1,0,0,1,0,0
0,1,1,1.5288100682594625,1,0,0,1,1,1,1,0.5245840556393397,2,1,0,0,0,0,1,1,0,0,0
0,0,0,-0.8315235651979348,0,0,1,0,1,1,0,1.0194884666356703,1,0,1,0,0,1,0,0,0,0,1
0,0,0,0.7555973262647979,0,1,0,0,0,0,0,0.5378700800956173,2,0,1,0,1,0,0,1,0,0,0
1,1,0,0.10447080669034346,1,1,0,0,0,1,1,0.9879341585520115,2,0,1,0,1,0,0,0,0,1,0
0,1,0,1.1625514009988318,0,0,0,0,1,1,1,1.0527035277763634,2,0,1,0,0,1,0,1,0,0,0
0,0,1,-0.42456949046390074,0,0,1,0,1,1,1,-0.5100650988932564,0,1,0,0,0,1,0,0,1,0,0
0,1,0,1.1218559935254284,0,1,0,0,1,1,1,0.9829518993809078,1,0,1,0,0,1,0,0,0,1,0
0,0,1,-0.8315235651979348,0,0,0,0,0,0,1,-0.6728188984826537,1,1,0,0,1,0,0,0,0,1,0
0,1,1,1.1625514009988318,0,0,1,1,1,1,1,0.5378700800956173,2,1,0,0,0,0,1,1,0,0,0
0,0,0,-0.8722189726713382,0,0,0,0,0,0,1,0.38840230496249745,2,0,1,0,1,0,0,0,0,1,0
0,0,0,-1.0756960100383552,0,0,0,0,0,0,0,0.19077269117537218,1,0,1,0,1,0,0,0,1,0,0
0,0,0,-1.2791730474053722,0,0,0,0,0,1,1,-0.3174177442772353,1,1,0,0,1,0,0,0,0,1,0
1,0,0,-1.2384776399319688,0,1,0,0,0,0,1,-0.2742381647943341,2,1,0,0,1,0,0,0,1,0,0
0,1,1,1.6102008832062693,0,1,1,0,1,1,1,0.351865737707735,1,1,0,0,0,0,1,1,0,0,0
0,1,1,0.22655702911055367,0,0,0,0,0,0,0,-1.4733018719733622,1,0,0,1,1,0,0,0,0,0,1
0,1,1,1.2032468084722354,0,0,0,0,0,0,0,-1.4865878964296397,1,0,0,1,0,0,1,0,1,0,0
0,0,1,-0.8315235651979348,0,0,0,0,0,0,0,-1.4533728352889463,1,0,0,1,1,0,0,0,1,0,0
0,1,1,1.2846376234190422,1,1,1,0,0,0,1,0.8965927404151048,2,0,1,0,1,0,0,0,0,1,0
0,0,0,-1.2384776399319688,0,0,0,0,0,0,1,-1.4865878964296397,1,0,0,1,1,0,0,0,0,0,1
0,0,0,-1.2791730474053722,0,0,0,0,0,0,1,-1.5264459697984716,1,0,0,1,1,0,0,0,0,0,1
0,0,0,-1.2384776399319688,0,0,0,0,0,0,1,-1.4998739208859169,1,0,0,1,1,0,0,0,0,1,0
0,0,0,-1.2384776399319688,0,0,0,0,1,0,1,0.5129587842400973,1,0,1,0,1,0,0,0,0,1,0
0,1,0,-1.2791730474053722,0,0,0,0,0,0,0,-0.6678366393115496,1,1,0,0,1,0,0,0,1,0,0
1,0,0,-1.1163914175117586,1,1,0,1,0,0,0,-0.16296770997301147,1,1,0,0,1,0,0,0,1,0,0
0,0,0,1.3253330308924456,0,0,0,0,0,0,0,-1.2972620479276877,2,0,0,1,0,0,1,0,0,0,1
0,0,0,-0.13970163815007697,0,1,0,1,1,0,0,0.8251803589626145,1,0,1,0,1,0,0,0,0,0,1
0,1,1,1.4474192533126558,1,1,1,1,1,1,1,1.6057342957689071,2,0,1,0,0,0,1,0,0,1,0
0,0,0,-0.8722189726713382,0,0,1,0,0,0,0,-0.3672403359882752,2,1,0,0,1,0,0,0,0,1,0
1,1,0,1.5288100682594625,0,1,1,0,1,1,1,1.2669406721338354,2,0,1,0,1,0,0,0,0,1,0
0,1,0,-0.5873511203575144,0,0,0,1,1,0,1,0.7986083100500595,2,0,1,0,1,0,0,0,0,1,0
0,0,0,0.9590743636318149,1,1,0,1,0,0,1,-0.005196169554718037,2,1,0,0,0,1,0,1,0,0,0
0,1,0,0.6742065113179911,1,0,0,0,1,1,1,1.1971890437383792,2,0,1,0,1,0,0,0,0,0,1
0,0,0,-1.2384776399319688,0,0,0,0,0,0,0,-1.3271556029543117,2,0,0,1,1,0,0,0,0,0,1
0,0,0,-0.6280465278309177,0,0,0,0,0,0,0,-1.4517120822319116,1,0,0,1,1,0,0,0,1,0,0
0,1,1,-0.34317867551709397,1,0,0,1,0,0,0,-0.32073925039130463,1,1,0,0,1,0,0,0,0,1,0
0,0,0,0.9183789561584115,0,1,1,0,0,1,1,-0.0018746634406488956,1,1,0,0,0,0,1,0,0,0,1
0,0,0,-1.1977822324585654,1,0,0,0,0,0,1,-0.48681455609477114,1,1,0,0,1,0,0,0,0,0,1
0,0,1,-0.8722189726713382,1,0,0,1,0,0,1,-0.9551469181785468,0,1,0,0,0,1,0,0,0,0,1
0,0,0,-1.1977822324585654,0,0,0,0,1,0,1,0.454832427243884,1,0,1,0,1,0,0,0,0,1,0
0,1,0,1.569505475732866,1,1,1,1,1,1,1,1.7037187261339521,2,0,1,0,0,0,1,1,0,0,0
1,1,0,-0.9129143801447416,0,0,0,0,0,1,0,0.6889986082857718,2,0,1,0,1,0,0,0,0,1,0
0,1,1,1.4067238458392524,0,0,1,1,1,1,1,1.3566213372137075,2,0,1,0,0,0,1,1,0,0,0
0,0,0,-0.8722189726713382,0,0,0,0,0,0,1,-0.6694973923685843,1,1,0,0,1,0,0,0,0,0,1
0,0,0,-1.1977822324585654,0,0,0,0,0,0,1,-0.4702070255244245,2,1,0,0,1,0,0,0,0,0,1
0,0,0,-0.546655712884111,0,1,1,0,0,0,1,0.4465286619587107,1,0,1,0,1,0,0,0,0,1,0
0,1,1,1.6102008832062693,1,1,1,1,1,1,0,0.7936260508789558,2,1,0,0,0,0,1,0,1,0,0
1,0,0,-0.09900623067667355,0,0,1,0,1,0,1,-0.8139829083306003,0,1,0,0,1,0,0,0,0,1,0
1,0,0,0.5114248814243775,0,0,1,0,1,1,1,1.1739385009398942,2,0,1,0,0,1,0,1,0,0,0
1,0,0,-1.1163914175117586,0,0,0,0,0,0,0,-1.4865878964296397,1,0,0,1,1,0,0,1,0,0,0
0,1,1,0.7149019187913945,0,0,0,0,0,0,1,-1.4766233780874316,1,0,0,1,0,1,0,0,0,0,1
0,0,0,0.34864325153076386,0,1,0,0,0,1,1,-0.8123221552735654,0,1,0,0,1,0,0,0,0,1,0
0,1,0,-0.4652648979373042,0,0,0,0,0,1,1,0.7205529163694304,2,0,1,0,1,0,0,0,0,1,0
0,1,0,-0.750132750251128,0,0,0,1,1,0,1,0.05957319966963353,2,1,0,0,1,0,0,0,1,0,0
0,1,1,0.7962927337382013,0,0,0,0,0,0,0,-1.5148206983992287,1,0,0,1,0,0,1,0,0,0,1
1,0,0,-0.7908281577245314,1,0,0,0,1,1,1,1.1955282906813447,2,0,1,0,1,0,0,0,0,1,0
0,1,1,1.366028438365849,0,0,0,1,0,0,1,-0.5117258519502912,1,1,0,0,0,1,0,0,1,0,0
0,1,1,1.2846376234190422,0,0,0,0,0,0,1,-1.3288163560113464,2,0,0,1,0,0,1,0,0,0,1
0,1,0,-1.2384776399319688,0,0,1,0,1,1,0,0.13928934640729765,1,1,0,0,1,0,0,0,1,0,0
0,1,0,-0.09900623067667355,0,0,0,0,0,0,0,-1.4998739208859169,1,0,0,1,1,0,0,1,0,0,0
0,1,1,1.0404651785786216,1,1,0,0,1,1,0,1.14404494591327,1,0,1,0,0,1,0,0,1,0,0
0,0,0,-0.9129143801447416,0,0,0,0,0,1,1,-1.0265592996310373,0,1,0,0,1,0,0,0,0,0,1
0,0,0,-1.0756960100383552,0,0,0,0,1,1,0,0.8135550875633716,1,0,1,0,1,0,0,0,0,1,0
0,1,0,0.6742065113179911,1,1,1,0,0,1,0,0.2322915176012388,2,1,0,0,0,1,0,0,0,1,0
0,1,0,0.8369881412116047,0,1,1,1,1,1,1,1.560893963228971,2,0,1,0,0,1,0,1,0,0,0
0,1,0,1.6102008832062693,1,1,0,1,1,1,1,1.4662310389779951,2,0,1,0,0,0,1,0,1,0,0
0,1,1,1.2439422159456388,1,1,1,1,0,0,0,-0.041732736809480954,1,1,0,0,0,0,1,0,0,0,1
0,1,1,1.2032468084722354,0,0,0,0,0,0,0,-1.4733018719733622,1,0,0,1,0,0,1,1,0,0,0
0,0,0,-0.05831082320327015,1,1,0,0,1,1,0,1.3134417577308057,2,0,1,0,1,0,0,0,0,1,0
0,0,0,-0.3024832680436906,1,0,0,0,0,0,0,0.31532917045297204,1,0,1,0,1,0,0,1,0,0,0
1,1,0,1.4881146607860591,0,1,0,0,1,0,1,0.8351448773048225,2,0,1,0,1,0,0,0,0,1,0
0,0,0,-0.26178786057028713,1,1,0,0,1,0,1,0.1558968769776443,2,1,0,0,1,0,0,1,0,0,0
0,0,0,-1.157086824985162,0,1,1,1,1,1,1,1.3566213372137075,1,0,1,0,0,1,0,0,0,1,0
0,1,1,-0.18039704562348036,0,0,0,0,0,0,1,-1.5031954269999863,1,0,0,1,1,0,0,1,0,0,0
0,1,1,1.4881146607860591,1,0,1,1,0,0,1,-0.02180370012506469,2,1,0,0,0,0,1,0,1,0,0
0,1,0,0.5928156963711843,0,1,1,1,1,1,1,1.486160075662411,2,0,1,0,1,0,0,0,0,1,0
1,1,0,-0.7908281577245314,0,0,0,0,1,1,0,-0.6479076026271338,0,1,0,0,1,0,0,0,0,1,0
1,1,1,1.569505475732866,1,1,0,0,1,0,0,0.1459323586354364,2,1,0,0,0,1,0,0,0,1,0
1,1,0,0.22655702911055367,1,1,0,0,0,1,0,1.0028809360653235,2,0,1,0,0,1,0,0,1,0,0
1,1,0,0.38933865900416725,1,0,1,0,1,1,1,1.3416745597003954,2,0,1,0,0,1,0,1,0,0,0
0,1,0,-0.6280465278309177,1,0,0,0,0,0,0,0.46811845170016153,2,0,1,0,1,0,0,0,0,1,0
0,1,1,-0.9129143801447416,0,0,0,0,0,0,0,-1.4832663903155703,1,0,0,1,0,0,1,0,0,0,1
0,1,0,1.6102008832062693,1,1,0,1,1,1,1,0.48306522921347317,1,1,0,0,0,0,1,1,0,0,0
0,1,1,-1.1977822324585654,0,0,0,0,1,0,1,0.5279055617534094,1,0,1,0,1,0,0,0,0,1,0
0,1,0,0.6335111038445876,0,1,1,0,0,1,1,0.028018891585975265,1,1,0,0,0,1,0,0,0,1,0
1,1,0,-0.34317867551709397,0,0,1,1,0,0,0,-1.0149340282317947,0,1,0,0,1,0,0,0,0,0,1
0,1,1,-0.8722189726713382,1,0,0,0,1,1,0,-0.4735285316384939,0,1,0,0,1,0,0,0,0,1,0
0,0,0,0.14516621416374687,0,0,0,0,0,0,1,-1.5131599453421942,1,0,0,1,0,1,0,1,0,0,0
0,1,1,0.9590743636318149,0,0,0,0,0,0,1,-1.494891661714813,1,0,0,1,0,0,1,0,1,0,0
0,0,1,-0.7908281577245314,1,1,0,0,0,0,1,-0.2925064484217153,1,1,0,0,1,0,0,0,0,1,0
1,0,0,-0.8722189726713382,0,0,0,0,0,1,1,0.454832427243884,1,0,1,0,1,0,0,0,0,1,0
0,0,0,0.8776835486850081,0,0,1,1,0,1,1,1.0062024421793927,2,0,1,0,0,0,1,1,0,0,0
0,0,0,-1.2384776399319688,0,0,1,0,1,1,0,1.001220183008289,1,0,1,0,1,0,0,0,0,1,0
1,0,0,-1.1977822324585654,0,0,0,0,0,0,0,-1.3122088254409998,0,1,0,0,1,0,0,0,0,1,0
0,1,0,0.14516621416374687,0,0,0,0,0,0,0,-1.4882486494866742,1,0,0,1,0,1,0,0,0,0,1
0,1,1,-0.546655712884111,0,0,0,1,1,1,1,1.2005105498524489,2,0,1,0,0,1,0,0,0,1,0
0,1,0,1.569505475732866,0,1,1,1,1,1,1,1.6057342957689071,2,0,1,0,0,1,0,1,0,0,0
0,1,0,1.569505475732866,1,1,1,1,1,1,1,0.6508012879739747,1,1,0,0,0,0,1,0,1,0,0
1,1,1,-0.34317867551709397,1,0,0,0,0,0,1,0.4996727597838198,2,0,1,0,1,0,0,0,0,1,0
0,1,1,1.4881146607860591,0,0,1,0,1,1,1,1.150687958141409,2,0,1,0,1,0,0,0,1,0,0
0,0,0,-1.157086824985162,0,0,0,0,0,0,1,-1.4649981066881888,1,0,0,1,1,0,0,0,1,0,0
0,1,1,1.0404651785786216,1,1,0,0,0,1,1,0.9497368382402145,2,0,1,0,1,0,0,1,0,0,0
1,0,0,-0.750132750251128,0,0,1,0,0,0,1,0.5162802903541664,2,0,1,0,1,0,0,1,0,0,0
0,1,1,0.6335111038445876,1,0,1,0,0,1,0,-0.6578721209693417,0,1,0,0,0,1,0,0,1,0,0
0,0,1,-1.2791730474053722,1,0,0,0,0,0,0,-0.4718677785814591,1,1,0,0,1,0,0,0,0,0,1
0,1,0,0.023079991743536653,1,0,1,1,1,1,1,1.29351272104639,1,0,1,0,0,1,0,0,0,1,0
0,1,0,-0.26178786057028713,1,0,1,0,0,0,0,-0.9767367079199974,0,1,0,0,0,1,0,0,1,0,0
0,1,1,0.10447080669034346,1,1,1,1,0,0,1,0.14427160557840182,2,1,0,0,0,0,1,0,1,0,0
0,0,0,-0.01761541572986675,0,0,0,0,0,0,1,-1.4865878964296397,1,0,0,1,0,0,1,1,0,0,0
0,1,0,1.6102008832062693,1,1,1,1,1,1,0,1.6721644180502937,2,0,1,0,0,0,1,1,0,0,0
0,1,1,0.6742065113179911,0,1,1,0,1,0,1,0.8500916548181345,1,0,1,0,1,0,0,0,1,0,0
0,0,0,-0.9129143801447416,0,0,0,0,0,0,1,-1.4915701556007437,1,0,0,1,1,0,0,0,0,0,1
0,1,1,-0.38387408299049736,0,0,0,0,0,0,0,-1.4998739208859169,1,0,0,1,0,1,0,0,0,0,1
0,1,1,0.4300340664775707,1,0,0,1,0,1,1,0.2356130237153084,2,1,0,0,0,1,0,0,1,0,0
0,0,0,-1.2791730474053722,0,0,0,0,0,0,1,0.3369189601944229,2,0,1,0,1,0,0,0,0,1,0
0,1,1,-0.42456949046390074,1,1,0,1,0,0,1,-0.22773707919736327,1,1,0,0,1,0,0,0,0,0,1
0,1,1,0.4300340664775707,1,1,0,1,1,0,1,-0.45027798884000847,0,1,0,0,0,1,0,1,0,0,0
0,1,0,0.34864325153076386,0,0,1,0,1,1,1,0.27214959097007085,2,1,0,0,0,1,0,0,0,1,0
0,0,0,0.38933865900416725,1,1,1,1,0,1,0,0.302043145996695,1,1,0,0,0,1,0,0,1,0,0
0,0,0,0.22655702911055367,0,0,0,0,1,1,1,0.8069120753352329,1,0,1,0,0,1,0,0,0,0,1
0,0,0,-1.0756960100383552,1,0,0,0,0,0,0,-1.1743663217071225,0,1,0,0,1,0,0,1,0,0,0
0,0,0,0.8776835486850081,0,0,0,1,1,1,1,1.1722777478828592,2,0,1,0,1,0,0,0,0,1,0
1,0,0,-1.157086824985162,0,0,0,0,0,0,1,-1.315530331555069,0,1,0,0,1,0,0,1,0,0,0
1,0,0,0.34864325153076386,1,1,1,0,1,1,1,1.6073950488259416,2,0,1,0,1,0,0,0,0,1,0
0,0,0,-1.2791730474053722,0,0,0,0,0,0,0,-1.4998739208859169,1,0,0,1,1,0,0,0,0,0,1
0,0,0,1.2439422159456388,1,1,1,0,1,1,0,1.4429804961795099,2,0,1,0,1,0,0,0,1,0,0
0,0,0,-1.157086824985162,0,0,0,0,0,0,1,0.31698992351000665,2,0,1,0,1,0,0,0,0,1,0
0,1,0,0.8369881412116047,0,1,0,0,1,1,1,1.115812143943681,2,0,1,0,1,0,0,0,1,0,0
0,0,0,1.5288100682594625,0,0,0,0,0,0,0,-1.2872975295854798,2,0,0,1,0,1,0,0,1,0,0
0,1,0,0.22655702911055367,0,0,1,1,1,1,1,1.3350315474722565,2,0,1,0,1,0,0,0,0,1,0
0,1,0,0.38933865900416725,0,0,1,1,0,0,1,0.7006238796850146,2,0,1,0,1,0,0,0,1,0,0
1,0,0,-0.953609787618145,0,0,1,0,1,1,1,1.1855637723391368,2,0,1,0,1,0,0,0,0,1,0
0,1,0,1.2439422159456388,0,0,1,1,1,1,0,0.49801200672678525,2,1,0,0,0,0,1,0,1,0,0
0,1,1,1.6102008832062693,1,0,0,0,0,0,0,-0.31575699122020073,2,1,0,0,0,0,1,1,0,0,0
0,0,0,-0.05831082320327015,0,1,1,0,1,1,1,1.215457327365761,1,0,1,0,1,0,0,0,0,1,0
0,1,0,-0.13970163815007697,0,0,1,0,0,0,1,0.3485442315936654,1,0,1,0,1,0,0,0,1,0,0
0,1,1,0.38933865900416725,0,0,0,0,0,0,0,-1.4799448842015008,1,0,0,1,0,1,0,0,0,0,1
1,1,0,0.8776835486850081,0,0,0,0,0,0,1,-1.3238340968402422,0,1,0,0,1,0,0,1,0,0,0
0,1,1,0.06377539921694006,0,0,1,0,1,1,0,0.4116528477609828,2,1,0,0,0,1,0,1,0,0,0
1,1,0,1.3253330308924456,0,1,1,0,1,1,1,1.3765503738981233,2,0,1,0,0,1,0,0,0,1,0
1,0,0,1.4881146607860591,1,0,1,1,0,1,0,0.3086861582248333,2,1,0,0,0,0,1,0,1,0,0
0,1,1,1.6102008832062693,1,1,1,1,1,1,0,0.6806948430005983,1,1,0,0,0,0,1,1,0,0,0
0,0,0,0.5114248814243775,1,0,0,1,0,1,0,0.29041787459745205,2,1,0,0,0,0,1,0,0,0,1
1,0,0,-1.2384776399319688,0,0,0,0,1,1,1,0.9696658749246302,2,0,1,0,1,0,0,0,0,1,0
0,0,0,-0.26178786057028713,0,0,0,0,0,0,1,-1.4782841311444663,1,0,0,1,1,0,0,0,0,1,0
0,1,0,0.5928156963711843,0,0,0,0,0,0,0,-1.2590647276158904,2,0,0,1,0,1,0,0,0,1,0
0,1,1,1.1218559935254284,1,1,1,0,0,0,0,-0.14303867328859543,1,1,0,0,0,0,1,1,0,0,0
0,0,1,-1.157086824985162,0,0,0,0,0,0,1,-1.4749626250303969,1,0,0,1,0,1,0,0,0,0,1
0,0,0,-0.26178786057028713,0,0,1,0,1,1,1,-0.4801715438666324,0,1,0,0,1,0,0,0,1,0,0
1,0,0,-0.9943051950915484,0,0,1,0,1,1,1,1.1888852784532058,2,0,1,0,1,0,0,0,0,1,0
0,1,1,-0.9129143801447416,0,0,0,0,0,0,0,-1.285636776528445,2,0,0,1,0,0,1,0,1,0,0
0,1,1,1.4474192533126558,1,1,1,1,1,1,1,0.7986083100500595,2,1,0,0,0,0,1,0,1,0,0
0,1,1,-0.6280465278309177,1,0,1,0,1,1,1,1.308459498559702,2,0,1,0,1,0,0,0,0,1,0
0,0,0,-0.953609787618145,0,0,0,0,0,1,1,0.6142647207192118,2,0,1,0,1,0,0,0,0,1,0
0,1,1,1.2032468084722354,0,0,0,0,0,0,0,-1.4782841311444663,1,0,0,1,0,0,1,1,0,0,0
0,0,0,0.14516621416374687,0,1,0,1,0,1,1,0.19575495034647636,2,1,0,0,0,1,0,0,0,0,1
1,1,0,-1.1163914175117586,0,0,1,0,0,0,1,0.5013335128408548,2,0,1,0,1,0,0,1,0,0,0
0,0,0,-0.09900623067667355,1,1,1,0,0,0,1,0.6474797818599051,1,0,1,0,1,0,0,0,1,0,0
1,1,0,0.6335111038445876,0,1,0,0,0,1,1,-0.19452201805666997,1,1,0,0,0,1,0,1,0,0,0
0,0,0,0.3079478440573605,0,0,1,1,1,1,1,0.5295663148104439,2,1,0,0,0,1,0,0,0,0,1
0,0,0,-1.2791730474053722,0,0,0,0,0,1,1,0.6856771021717025,2,0,1,0,1,0,0,0,0,0,1
0,0,0,-0.546655712884111,0,0,1,1,1,0,0,0.8351448773048225,1,0,1,0,1,0,0,0,0,0,1
1,1,0,1.4067238458392524,0,0,0,0,1,1,1,0.9912556646660811,2,0,1,0,1,0,0,0,1,0,0
0,0,0,-0.42456949046390074,1,1,1,0,0,0,0,0.008089854901559002,2,1,0,0,1,0,0,0,0,0,1
0,1,1,1.366028438365849,1,1,1,1,1,0,1,0.3419012193655266,1,1,0,0,0,1,0,0,0,1,0
1,0,0,-0.18039704562348036,0,1,1,0,1,1,1,1.373228867784054,2,0,1,0,1,0,0,0,0,1,0
0,0,0,-0.5059603054107076,0,0,0,0,0,0,1,-1.5015346739429516,1,0,0,1,1,0,0,0,1,0,0
0,0,0,-1.1977822324585654,0,0,0,0,0,0,1,-1.5181422045132982,1,0,0,1,1,0,0,0,0,0,1
0,1,1,-0.7094373427777246,1,0,0,0,0,0,0,0.3419012193655266,1,0,1,0,1,0,0,0,0,0,1
1,1,0,-1.2384776399319688,0,0,0,0,0,0,0,0.1758259136620601,1,0,1,0,1,0,0,0,0,1,0
1,0,0,-1.2791730474053722,0,0,0,0,0,0,1,0.19243344423240674,1,0,1,0,1,0,0,0,0,0,1
1,0,0,1.569505475732866,0,0,1,0,1,1,0,1.3034772393885978,2,0,1,0,0,0,1,1,0,0,0
0,1,1,1.6102008832062693,0,0,0,0,0,0,0,-1.3520668988098317,2,0,0,1,0,0,1,0,1,0,0
0,1,1,0.023079991743536653,0,1,1,1,1,1,0,0.5744066473503797,1,1,0,0,0,0,1,0,1,0,0
0,1,1,1.2439422159456388,1,1,1,1,1,0,0,0.32197218268111083,1,1,0,0,0,0,1,0,1,0,0
0,0,0,-0.9943051950915484,1,0,0,0,1,0,1,-0.1596462038589421,1,1,0,0,1,0,0,0,0,1,0
0,1,0,-0.750132750251128,0,0,1,0,0,0,0,-0.48515380303773636,1,1,0,0,1,0,0,0,1,0,0
0,1,1,0.7555973262647979,1,1,0,1,1,1,0,1.5027676062327577,2,0,1,0,0,1,0,0,1,0,0
0,0,0,-1.1163914175117586,0,1,0,0,0,0,1,0.326954441852215,1,0,1,0,1,0,0,0,0,1,0
0,1,0,1.6102008832062693,1,1,1,0,1,1,1,1.486160075662411,2,0,1,0,0,0,1,0,0,1,0
0,0,0,1.0404651785786216,0,0,0,1,1,1,1,1.0128454544075314,1,0,1,0,1,0,0,0,0,1,0
1,1,0,1.569505475732866,0,0,0,0,0,0,0,-1.3072265662698956,2,0,0,1,0,0,1,0,1,0,0
0,0,0,0.9997697711052183,0,0,0,0,1,0,1,0.733838940825708,2,0,1,0,0,1,0,0,0,1,0
0,0,0,-1.2384776399319688,0,0,0,0,0,0,0,0.19575495034647636,1,0,1,0,1,0,0,0,1,0,0
1,1,0,-0.7094373427777246,1,0,1,0,1,0,1,1.0527035277763634,2,0,1,0,1,0,0,0,0,1,0
0,0,0,-0.01761541572986675,0,0,0,0,0,0,0,-1.469980365859293,1,0,0,1,0,1,0,1,0,0,0
0,0,0,1.6102008832062693,1,1,1,1,1,1,1,1.5924482713126296,2,0,1,0,0,0,1,0,1,0,0
0,0,0,-0.42456949046390074,1,0,0,1,0,0,0,-0.32240000344833925,1,1,0,0,1,0,0,0,0,0,1
0,1,0,0.8369881412116047,1,0,1,0,0,1,0,0.9663443688105611,2,0,1,0,1,0,0,0,0,1,0
0,1,1,0.9997697711052183,1,1,0,1,0,0,0,0.013072114072663185,2,1,0,0,1,0,0,1,0,0,0
0,0,0,-0.5059603054107076,0,0,0,0,0,0,0,-1.4982131678288821,1,0,0,1,0,0,1,0,0,0,1
0,0,0,-0.26178786057028713,0,0,1,1,0,0,1,0.6474797818599051,2,0,1,0,1,0,0,0,0,0,1
0,1,0,1.6102008832062693,1,1,1,0,1,1,1,1.522696642917174,2,0,1,0,0,0,1,0,1,0,0
0,0,0,-1.2791730474053722,0,0,0,0,0,0,0,-1.4915701556007437,1,0,0,1,1,0,0,0,0,0,1
0,0,0,-1.2791730474053722,0,0,0,0,0,0,0,0.19741570340351092,1,0,1,0,1,0,0,0,0,0,1
1,1,1,1.366028438365849,0,0,1,0,1,1,1,1.1523487111984434,2,0,1,0,1,0,0,0,1,0,0
0,1,1,0.9183789561584115,0,0,0,0,0,0,0,-1.4882486494866742,1,0,0,1,1,0,0,0,1,0,0
1,0,0,0.6742065113179911,1,0,0,0,1,1,0,1.2204395865368647,2,0,1,0,1,0,0,0,1,0,0
0,1,1,0.6335111038445876,1,1,1,1,1,1,0,1.560893963228971,2,0,1,0,0,0,1,0,1,0,0
0,0,0,-0.9943051950915484,0,0,0,0,0,0,0,-1.4882486494866742,1,0,0,1,0,0,1,0,0,0,1
1,1,0,-0.34317867551709397,1,0,0,0,0,1,0,-0.8538409816994321,0,1,0,0,1,0,0,1,0,0,0
0,0,0,1.3253330308924456,1,1,0,1,0,0,1,-0.17293222831521937,1,1,0,0,0,0,1,0,0,0,1
0,1,1,1.6102008832062693,1,1,1,1,1,1,1,1.6871111955636053,2,0,1,0,0,0,1,1,0,0,0
0,0,0,-1.2384776399319688,1,0,0,0,0,0,1,0.36183025604994284,1,0,1,0,1,0,0,0,0,1,0
0,1,1,1.4474192533126558,0,0,0,0,0,0,1,-1.4899094025437087,1,0,0,1,0,0,1,1,0,0,0
0,0,0,-1.1163914175117586,0,0,0,1,0,0,1,-0.5183688641784296,1,1,0,0,1,0,0,0,0,1,0
0,1,0,1.6102008832062693,1,1,1,0,1,1,1,0.6790340899435638,2,1,0,0,0,0,1,0,0,1,0
0,1,1,-0.05831082320327015,0,0,0,0,0,1,0,-0.16961072220114998,2,1,0,0,1,0,0,1,0,0,0
0,0,0,0.34864325153076386,0,0,0,0,0,0,0,-1.4882486494866742,1,0,0,1,0,0,1,0,0,0,1
0,0,0,-0.953609787618145,0,1,0,1,1,0,0,0.04794792827039106,1,1,0,0,1,0,0,0,0,0,1
0,1,1,1.1218559935254284,1,1,1,1,1,1,0,1.675485924164363,2,0,1,0,0,0,1,0,1,0,0
1,1,0,-0.42456949046390074,0,0,0,0,1,1,1,0.8285018650766837,1,0,1,0,1,0,0,1,0,0,0
0,1,1,0.5114248814243775,0,0,0,0,0,0,1,-1.4882486494866742,1,0,0,1,0,0,1,1,0,0,0
0,0,0,-1.1977822324585654,0,0,0,0,0,0,1,-1.5015346739429516,1,0,0,1,1,0,0,0,0,0,1
0,0,0,-0.22109245309688375,0,0,1,1,0,1,1,0.8102335814493025,1,0,1,0,1,0,0,0,0,1,0
0,0,0,1.1218559935254284,0,1,1,0,1,1,1,1.3649251024988807,2,0,1,0,1,0,0,0,0,1,0
0,0,0,1.6102008832062693,1,1,1,1,1,1,0,0.7886437917078516,2,1,0,0,0,0,1,0,1,0,0
0,1,1,1.2032468084722354,1,1,1,1,1,1,0,1.4396589900654406,1,0,1,0,0,0,1,0,0,0,1
1,1,0,-0.7094373427777246,0,0,1,1,0,0,1,0.6059609554340385,2,0,1,0,1,0,0,0,0,1,0
0,1,1,-1.0350006025649519,0,0,0,0,0,0,0,-0.666175886254515,1,1,0,0,1,0,0,0,0,1,0
0,0,0,-0.13970163815007697,0,0,0,0,0,0,1,0.3120076643389029,2,0,1,0,1,0,0,0,0,1,0
0,1,0,-0.34317867551709397,0,0,1,0,1,1,1,1.2038320559665179,2,0,1,0,1,0,0,0,0,1,0
0,1,0,-0.5059603054107076,0,0,0,0,0,0,1,-1.4882486494866742,1,0,0,1,0,1,0,0,0,0,1
0,0,0,-1.2791730474053722,0,0,0,0,1,1,0,0.8567346670462728,1,0,1,0,1,0,0,0,0,1,0
0,1,0,-0.34317867551709397,0,0,0,0,0,0,0,-1.4849271433726048,1,0,0,1,0,1,0,0,0,0,1
0,1,1,0.8369881412116047,1,0,0,1,0,1,0,0.23395227065827337,2,1,0,0,1,0,0,0,0,1,0
0,0,0,0.7149019187913945,0,1,0,1,1,1,1,1.1755992539969289,1,0,1,0,0,0,1,0,0,0,1
0,0,0,1.3253330308924456,0,1,1,0,1,0,1,1.0194884666356703,2,0,1,0,0,1,0,0,0,1,0
0,1,1,0.9997697711052183,0,0,0,0,0,0,0,-1.5048561800570208,1,0,0,1,0,0,1,1,0,0,0
1,1,0,-0.8315235651979348,0,0,0,0,0,1,1,0.519601796468236,1,0,1,0,1,0,0,0,0,1,0
0,0,0,-1.1163914175117586,0,0,0,0,1,0,1,0.5378700800956173,1,0,1,0,1,0,0,0,1,0,0
0,0,1,-1.157086824985162,1,1,1,0,1,1,1,-0.25264837505288323,0,1,0,0,1,0,0,0,0,0,1
0,0,1,-1.2791730474053722,0,0,0,0,1,1,1,0.8650384323314462,1,0,1,0,1,0,0,0,0,1,0
0,1,0,0.5928156963711843,0,0,1,0,0,1,1,0.6806948430005983,1,0,1,0,1,0,0,0,0,1,0
0,1,0,1.1625514009988318,1,0,1,0,0,1,1,0.1691829014339218,2,1,0,0,0,0,1,0,0,0,1
0,0,0,-0.750132750251128,0,0,0,1,1,1,1,0.1608791361487485,1,1,0,0,1,0,0,0,0,1,0
0,0,0,-0.42456949046390074,0,0,1,1,1,1,0,-0.2675951525661953,0,1,0,0,0,0,1,1,0,0,0
1,1,0,-1.0756960100383552,0,0,0,0,0,1,1,0.6491405349169397,2,0,1,0,1,0,0,0,0,1,0
0,0,0,-1.0756960100383552,0,0,0,1,0,0,1,-0.46522476635332055,1,1,0,0,1,0,0,1,0,0,0
0,1,0,1.569505475732866,1,0,1,1,1,1,0,0.5661028820652064,1,1,0,0,0,0,1,1,0,0,0
1,1,0,1.5288100682594625,1,1,1,1,1,1,0,0.8384663834188916,2,1,0,0,0,0,1,0,1,0,0
0,1,1,-0.750132750251128,0,0,0,0,0,0,1,-1.5048561800570208,1,0,0,1,0,1,0,0,0,0,1
0,1,1,1.6102008832062693,1,1,1,1,1,1,0,0.8285018650766837,2,1,0,0,0,0,1,0,1,0,0
0,1,0,-0.6280465278309177,0,0,1,1,1,1,0,-0.3390075340186859,0,1,0,0,0,1,0,0,0,1,0
0,0,0,0.9590743636318149,0,1,0,0,0,0,1,0.30038239293965996,1,0,1,0,1,0,0,0,0,1,0
0,0,1,-1.1977822324585654,0,0,0,0,0,0,0,-1.4899094025437087,1,0,0,1,1,0,0,0,0,0,1
0,0,0,-0.6280465278309177,0,0,1,1,1,0,1,0.13928934640729765,2,1,0,0,1,0,0,0,0,0,1
0,1,0,1.366028438365849,0,0,0,1,0,1,0,-0.03176821846727282,2,1,0,0,1,0,0,0,0,1,0
0,0,1,-0.42456949046390074,0,1,1,0,1,0,1,0.8168765936774413,1,0,1,0,1,0,0,0,0,1,0
0,1,1,1.0404651785786216,0,0,0,0,0,0,0,-1.4716411189163277,1,0,0,1,0,0,1,0,1,0,0
1,1,0,-0.01761541572986675,0,0,0,0,0,0,1,0.3352582071373883,2,0,1,0,1,0,0,0,0,1,0
1,0,0,0.5928156963711843,0,1,0,1,0,0,0,-0.17293222831521937,2,1,0,0,0,0,1,1,0,0,0
0,0,0,1.2032468084722354,1,1,1,1,1,1,1,1.6688429119362242,2,0,1,0,0,1,0,0,1,0,0
0,1,1,1.4474192533126558,0,0,1,1,1,1,1,0.2704888379130363,1,1,0,0,0,0,1,1,0,0,0
0,1,1,-0.5059603054107076,0,0,0,0,0,0,0,-1.4982131678288821,1,0,0,1,0,1,0,1,0,0,0
0,0,0,-1.2791730474053722,0,0,0,0,0,0,1,-0.6877656759959656,1,1,0,0,1,0,0,0,0,1,0
0,1,1,1.4474192533126558,1,1,1,1,0,1,1,0.45317167418684945,2,1,0,0,0,1,0,0,0,1,0
0,0,0,0.7555973262647979,0,0,0,0,0,0,0,-1.3238340968402422,2,0,0,1,0,0,1,1,0,0,0
0,0,1,-0.26178786057028713,0,0,0,0,0,0,1,-0.5084043458362217,2,1,0,0,1,0,0,0,0,0,1
0,0,0,-1.2791730474053722,0,0,0,0,0,0,0,0.21734474008792673,1,0,1,0,1,0,0,0,0,1,0
0,1,0,-0.05831082320327015,0,0,1,0,1,1,1,0.9630228626964915,1,0,1,0,0,1,0,0,0,1,0
0,0,0,-1.2791730474053722,0,0,0,0,0,0,1,-1.4766233780874316,1,0,0,1,1,0,0,0,0,0,1
0,0,0,-0.953609787618145,0,0,0,0,0,0,1,-1.3238340968402422,0,1,0,0,1,0,0,0,0,1,0
0,1,0,-0.5059603054107076,1,0,0,0,0,0,0,0.5843711656925881,2,0,1,0,1,0,0,0,0,1,0
0,1,1,1.4881146607860591,0,1,0,1,1,0,1,0.9082180118143478,1,0,1,0,0,0,1,0,0,0,1
0,1,0,-0.18039704562348036,1,1,0,1,0,0,0,-0.12975264883231816,1,1,0,0,1,0,0,0,0,0,1
0,1,1,-0.26178786057028713,0,0,0,0,0,0,0,-1.4998739208859169,1,0,0,1,0,0,1,0,1,0,0
0,0,0,1.366028438365849,0,1,0,0,1,0,1,0.8002690631070946,2,0,1,0,0,1,0,1,0,0,0
0,0,0,-0.42456949046390074,0,1,0,1,0,0,1,-0.32073925039130463,1,1,0,0,0,1,0,0,1,0,0
1,0,0,-1.1163914175117586,0,0,0,0,1,1,1,0.8833067159588278,1,0,1,0,1,0,0,0,0,1,0
0,1,1,-0.9129143801447416,1,1,0,0,1,0,0,0.18246892589019884,2,1,0,0,0,1,0,0,0,1,0
0,1,0,-0.01761541572986675,0,0,1,0,0,0,1,0.46811845170016153,2,0,1,0,1,0,0,0,0,1,0
0,0,0,1.1625514009988318,1,0,1,1,1,1,1,1.5542509510008322,2,0,1,0,0,0,1,0,1,0,0
0,1,1,1.569505475732866,0,0,0,0,0,0,0,-1.3321378621254156,2,0,0,1,0,0,1,1,0,0,0
0,1,1,-0.9943051950915484,0,0,0,0,0,0,1,-1.4965524147718476,1,0,0,1,0,1,0,0,0,0,1
0,1,1,1.081160586052025,1,0,1,1,1,0,1,0.38674155190546283,2,1,0,0,0,0,1,0,0,0,1
1,0,0,1.6102008832062693,0,0,0,0,0,0,0,-1.3088873193269304,2,0,0,1,0,0,1,1,0,0,0
0,0,0,-1.1977822324585654,1,1,0,1,0,1,0,0.20904097480275338,1,1,0,0,0,0,1,0,0,0,1
0,0,0,0.5114248814243775,1,1,0,0,0,1,0,1.0610072930615368,2,0,1,0,0,1,0,1,0,0,0
0,1,0,0.7149019187913945,0,0,0,0,0,0,0,-1.494891661714813,1,0,0,1,0,0,1,0,0,1,0
1,0,0,-0.7908281577245314,0,1,1,0,1,1,1,1.398140163639574,2,0,1,0,1,0,0,0,0,1,0
0,0,0,-1.2791730474053722,0,0,0,0,1,1,1,0.8118943345063371,1,0,1,0,1,0,0,0,0,1,0
1,0,0,0.6742065113179911,0,0,1,0,0,1,1,0.8650384323314462,2,0,1,0,1,0,0,0,1,0,0
0,0,0,-1.2384776399319688,0,0,1,0,0,0,1,0.365151762164012,1,0,1,0,1,0,0,0,0,1,0
0,0,0,-0.953609787618145,0,0,0,0,0,0,1,-1.5048561800570208,1,0,0,1,1,0,0,0,0,1,0
0,1,1,0.18586162163715025,1,0,1,1,0,0,1,-0.8173044144446694,0,1,0,0,0,1,0,0,0,1,0
0,0,0,-1.1163914175117586,0,0,0,0,0,0,1,-0.4718677785814591,2,1,0,0,1,0,0,0,0,0,1
0,0,0,-1.2791730474053722,0,0,0,0,0,0,1,0.1691829014339218,1,0,1,0,1,0,0,0,0,1,0
0,0,0,1.1625514009988318,1,0,1,0,1,1,0,1.3018164863315633,2,0,1,0,0,1,0,0,0,1,0
0,0,0,-0.546655712884111,1,1,0,0,0,1,1,1.0078631952364276,2,0,1,0,1,0,0,0,0,1,0
0,0,0,-1.2791730474053722,0,0,0,0,0,0,0,-0.6977301943381737,1,1,0,0,1,0,0,0,0,1,0
0,1,1,-1.1977822324585654,0,0,1,0,0,0,1,-0.48681455609477114,1,1,0,0,1,0,0,0,0,1,0
0,1,0,1.2439422159456388,1,1,0,1,1,0,0,0.1990764564605455,1,1,0,0,0,1,0,0,1,0,0
0,0,0,-0.22109245309688375,1,0,0,1,0,0,0,-0.3772048543304831,1,1,0,0,1,0,0,0,0,0,1
0,0,0,-0.953609787618145,0,0,1,0,0,0,1,0.2987216398826254,1,0,1,0,1,0,0,0,0,1,0
1,1,0,0.38933865900416725,0,0,0,0,1,1,1,1.0045416891223582,2,0,1,0,1,0,0,0,0,1,0
0,1,1,1.6102008832062693,1,1,1,1,1,1,0,1.6522353813658774,2,0,1,0,0,0,1,1,0,0,0
0,0,0,-0.26178786057028713,1,1,0,0,0,1,1,-0.6694973923685843,0,1,0,0,1,0,0,1,0,0,0
0,0,0,0.34864325153076386,0,0,1,0,0,1,0,0.00642910184452443,2,1,0,0,0,1,0,0,0,0,1
0,0,0,1.1218559935254284,1,0,1,0,1,1,0,-0.37222259515937917,0,1,0,0,0,0,1,0,0,1,0
1,1,0,-0.6280465278309177,0,0,0,0,1,1,1,0.9962379238371848,2,0,1,0,1,0,0,0,0,1,0
0,0,0,-1.0350006025649519,0,1,0,0,0,1,1,-0.8206259205587387,0,1,0,0,1,0,0,0,1,0,0
0,1,0,1.5288100682594625,1,0,1,1,0,1,1,-0.49677907443697905,0,1,0,0,0,0,1,1,0,0,0
0,1,1,1.0404651785786216,0,0,1,1,1,1,1,-0.30911397899206194,0,1,0,0,0,0,1,0,1,0,0
0,1,1,1.4474192533126558,1,0,1,0,0,0,0,0.5162802903541664,1,0,1,0,0,0,1,0,1,0,0
0,0,0,-0.26178786057028713,0,1,0,0,0,0,0,0.3551872438218041,1,0,1,0,0,1,0,1,0,0,0
0,0,0,-0.6280465278309177,0,0,0,0,0,0,0,0.1891119381183376,1,0,1,0,1,0,0,1,0,0,0
0,1,0,1.0404651785786216,0,1,0,1,0,0,1,-0.16296770997301147,2,1,0,0,0,0,1,0,1,0,0
0,1,1,1.2032468084722354,1,0,1,0,0,0,0,-0.33402527484758193,1,1,0,0,0,1,0,0,1,0,0
0,0,0,1.569505475732866,0,1,1,1,1,1,1,1.5426256796015898,2,0,1,0,0,0,1,0,0,1,0
0,1,1,-0.7094373427777246,0,0,0,0,0,0,0,-1.469980365859293,1,0,0,1,0,1,0,0,0,0,1
0,1,0,1.1625514009988318,0,1,0,1,1,0,1,0.9729873810386994,2,0,1,0,0,0,1,0,0,1,0
0,1,0,-0.7094373427777246,0,0,1,0,1,1,1,1.2054928090235526,2,0,1,0,1,0,0,0,0,1,0
0,1,1,0.34864325153076386,0,0,1,0,1,1,1,0.9995594299512544,1,0,1,0,1,0,0,1,0,0,0
1,1,1,0.6335111038445876,1,0,1,1,1,1,1,1.31842401690191,1,0,1,0,1,0,0,0,0,1,0
0,0,0,-1.0756960100383552,1,0,1,1,1,1,0,0.4598146864149882,1,1,0,0,1,0,0,0,1,0,0
0,0,0,-1.2791730474053722,0,0,0,0,0,0,0,-1.5031954269999863,1,0,0,1,1,0,0,0,0,0,1
0,0,1,-0.34317867551709397,1,0,0,1,0,0,0,-0.9651114365207547,0,1,0,0,0,0,1,0,0,0,1
0,0,0,-0.5873511203575144,0,0,0,0,0,0,0,-1.3636921702090743,2,0,0,1,0,1,0,0,0,0,1
1,1,0,0.9997697711052183,0,1,1,0,0,1,0,0.9696658749246302,2,0,1,0,1,0,0,0,1,0,0
1,0,0,-0.5873511203575144,0,1,0,0,0,0,1,-0.49677907443697905,1,1,0,0,1,0,0,0,1,0,0
0,1,1,1.366028438365849,0,0,0,0,0,0,1,-1.2989228009847222,2,0,0,1,0,1,0,0,1,0,0
1,1,0,1.1218559935254284,0,1,1,0,1,1,1,1.3134417577308057,2,0,1,0,0,1,0,0,0,1,0
0,0,0,-0.6280465278309177,1,1,0,0,0,0,1,-0.30911397899206194,1,1,0,0,1,0,0,0,1,0,0
0,1,0,1.6102008832062693,1,1,0,0,0,1,1,0.9846126524379423,2,0,1,0,0,0,1,0,1,0,0
0,0,0,-0.13970163815007697,1,0,0,0,0,1,1,0.042965669099286875,2,1,0,0,1,0,0,0,0,1,0
0,0,1,-0.8722189726713382,0,0,0,0,0,1,0,0.7105883980272225,2,0,1,0,1,0,0,0,0,1,0
0,0,0,0.7962927337382013,1,1,1,0,1,1,1,-0.20116503028480873,0,1,0,0,0,0,1,1,0,0,0
0,1,1,0.7962927337382013,0,0,1,0,0,0,1,-0.4602425071822164,1,1,0,0,0,1,0,1,0,0,0
0,0,0,-1.2791730474053722,0,0,0,0,0,0,0,-0.6379430842849256,1,1,0,0,1,0,0,0,0,0,1
0,0,0,1.3253330308924456,1,0,0,1,0,1,0,0.9547190974113181,2,0,1,0,0,1,0,0,0,1,0
0,1,1,-1.1977822324585654,0,0,0,0,0,0,1,0.15755763003467887,1,0,1,0,1,0,0,0,0,1,0
0,1,1,1.569505475732866,0,0,1,0,0,0,0,0.37345552744918536,1,0,1,0,0,0,1,0,0,1,0
0,0,0,0.5114248814243775,0,0,0,0,0,0,0,-1.5264459697984716,1,0,0,1,0,1,0,1,0,0,0
1,0,0,-0.6280465278309177,0,0,0,0,0,0,1,-0.656211367912307,1,1,0,0,1,0,0,0,0,1,0
0,1,0,1.4474192533126558,1,1,1,1,1,1,0,1.6638606527651205,2,0,1,0,0,0,1,1,0,0,0
0,1,0,0.38933865900416725,1,0,0,0,1,0,1,-0.8189651675017042,0,1,0,0,1,0,0,1,0,0,0
0,0,0,-1.2384776399319688,0,0,0,0,1,0,0,0.4714399578142307,1,0,1,0,1,0,0,0,0,1,0
0,1,0,-1.1163914175117586,0,0,0,0,0,0,1,0.13762859335026306,1,0,1,0,1,0,0,0,0,1,0
0,0,0,-1.1977822324585654,0,0,0,0,0,0,0,-1.5031954269999863,1,0,0,1,1,0,0,0,0,1,0
0,1,1,0.7555973262647979,0,0,1,0,0,1,1,0.8417878895329612,2,0,1,0,0,1,0,0,0,1,0
0,0,0,-1.0756960100383552,0,0,1,0,1,1,1,-0.5598876906042963,0,1,0,0,1,0,0,0,0,1,0
0,1,0,-0.953609787618145,0,0,0,0,0,1,1,0.49635125366975064,1,0,1,0,1,0,0,0,0,1,0
0,0,0,-0.7908281577245314,0,0,0,0,0,0,1,0.33857971325145747,2,0,1,0,1,0,0,0,0,0,1
1,0,0,-1.1163914175117586,0,1,0,0,0,1,1,0.6889986082857718,1,0,1,0,1,0,0,0,0,1,0
0,0,0,-0.6687419353043211,1,0,0,0,1,0,1,-0.8604839939275708,0,1,0,0,1,0,0,0,0,1,0
0,1,1,-1.1163914175117586,0,1,0,1,0,0,0,-1.0149340282317947,0,1,0,0,1,0,0,0,0,1,0
0,0,0,-1.157086824985162,0,0,0,0,0,0,0,-1.4733018719733622,1,0,0,1,1,0,0,0,1,0,0
0,1,1,-0.22109245309688375,0,0,0,1,1,1,0,0.22564850537310005,2,1,0,0,1,0,0,1,0,0,0
0,1,0,-1.1977822324585654,0,0,0,0,0,0,1,0.3668125152210466,2,0,1,0,1,0,0,0,0,1,0
0,0,0,-1.0756960100383552,0,1,0,0,1,0,1,0.6657480654872863,1,0,1,0,1,0,0,0,0,1,0
0,0,1,1.2032468084722354,0,0,0,0,0,0,0,-1.4882486494866742,1,0,0,1,0,0,1,1,0,0,0
0,1,0,-0.9129143801447416,0,0,0,0,0,0,0,-1.5015346739429516,1,0,0,1,0,1,0,1,0,0,0
0,1,1,-1.2384776399319688,0,1,0,0,0,0,1,-1.1477942727945678,0,1,0,0,1,0,0,0,0,0,1
0,1,1,1.5288100682594625,0,1,1,1,1,1,1,1.507749865403862,2,0,1,0,0,0,1,0,0,1,0
0,0,0,-0.8315235651979348,0,1,0,0,0,0,1,-0.5117258519502912,1,1,0,0,1,0,0,0,0,1,0
0,1,0,0.5521202888977809,1,1,1,1,0,0,0,0.028018891585975265,1,1,0,0,0,0,1,0,0,0,1
0,0,0,-1.0350006025649519,0,0,0,0,0,0,0,-1.4633373536311542,1,0,0,1,1,0,0,0,0,0,1
1,1,0,1.4881146607860591,0,1,1,1,1,1,1,1.447962755350614,2,0,1,0,0,0,1,1,0,0,0
0,1,0,1.5288100682594625,1,0,1,1,0,1,1,0.33193670102331874,2,1,0,0,0,0,1,0,1,0,0
0,1,0,-0.05831082320327015,0,0,1,1,0,1,1,0.05293018744149525,1,1,0,0,1,0,0,0,1,0,0
0,1,0,1.4474192533126558,1,1,1,0,0,1,0,0.20405871563164968,1,1,0,0,0,0,1,1,0,0,0
1,1,1,-0.42456949046390074,1,0,0,0,0,1,0,-0.8222866736157736,0,1,0,0,1,0,0,0,0,0,1
0,1,1,1.1625514009988318,0,0,0,0,0,0,0,-1.4965524147718476,1,0,0,1,0,0,1,0,1,0,0
0,0,0,0.38933865900416725,0,0,0,1,1,1,1,1.178920760110998,2,0,1,0,1,0,0,0,0,1,0
0,0,0,-0.38387408299049736,0,0,0,0,1,1,1,-0.6595328740263762,0,1,0,0,1,0,0,0,0,1,0
0,0,0,-0.953609787618145,0,0,0,0,1,1,0,0.9829518993809078,2,0,1,0,1,0,0,0,0,1,0
0,1,1,1.366028438365849,1,1,0,1,0,0,1,-0.21943331391218993,1,1,0,0,0,0,1,0,1,0,0
0,0,0,0.9183789561584115,1,0,1,1,0,0,1,-0.18621825277149665,1,1,0,0,0,0,1,0,0,1,0
0,0,0,-0.6280465278309177,0,0,0,0,0,0,0,-1.4899094025437087,1,0,0,1,0,1,0,0,0,0,1
0,0,0,-0.3024832680436906,1,0,0,1,1,1,1,0.3767770335632549,1,1,0,0,1,0,0,0,1,0,0
0,1,1,1.1625514009988318,1,1,0,0,0,0,0,-0.16628921608708083,2,1,0,0,1,0,0,0,0,1,0
0,1,1,-0.8315235651979348,0,0,0,0,0,0,0,-1.2756722581862372,2,0,0,1,0,1,0,0,0,0,1
0,0,0,0.3079478440573605,1,0,0,1,1,1,1,-0.34066828707572067,0,1,0,0,0,1,0,1,0,0,0
1,0,0,-0.953609787618145,0,0,0,0,1,0,1,0.5328878209245131,1,0,1,0,1,0,0,0,0,1,0
0,1,1,0.9590743636318149,1,1,0,1,1,0,1,-0.42536669298448854,0,1,0,0,0,1,0,0,0,0,1
0,1,0,0.5521202888977809,1,0,1,1,0,0,0,-0.8106614022165308,0,1,0,0,0,0,1,0,1,0,0
0,0,1,-0.3024832680436906,1,0,0,0,1,0,1,-0.8023576369313575,0,1,0,0,0,1,0,0,1,0,0
1,0,0,-0.953609787618145,0,0,1,0,1,0,1,0.8401271364759262,2,0,1,0,1,0,0,0,0,1,0
0,1,0,1.5288100682594625,1,1,1,1,1,1,1,0.9962379238371848,2,1,0,0,0,0,1,0,1,0,0
0,0,0,-1.2791730474053722,0,0,1,0,0,0,1,0.4897082414416119,2,0,1,0,1,0,0,0,0,0,1
0,1,1,-0.8722189726713382,1,0,0,0,1,0,1,0.011411361015628615,2,1,0,0,1,0,0,1,0,0,0
0,1,1,1.5288100682594625,1,1,1,1,1,1,1,1.640610109966635,2,0,1,0,0,0,1,1,0,0,0
0,0,1,-1.2791730474053722,1,0,0,0,0,0,1,0.29207862765448667,1,0,1,0,1,0,0,0,0,0,1
0,0,0,1.4474192533126558,0,0,0,0,0,0,0,-1.4716411189163277,1,0,0,1,0,0,1,0,1,0,0
0,0,0,-1.2791730474053722,0,0,0,1,0,0,1,-0.41872368075634975,1,1,0,0,1,0,0,0,0,1,0
1,1,0,0.4707294739509741,0,1,0,0,0,1,0,0.7836615325367479,2,0,1,0,0,1,0,0,0,0,1
0,1,0,-1.157086824985162,0,0,1,0,1,0,0,0.026358138528940225,2,1,0,0,1,0,0,0,0,1,0
0,0,0,0.10447080669034346,1,1,1,1,1,1,1,1.6073950488259416,2,0,1,0,0,0,1,0,0,0,1
0,1,1,-0.953609787618145,0,0,1,0,0,0,1,0.48306522921347317,2,0,1,0,1,0,0,1,0,0,0
0,1,0,1.6102008832062693,1,1,1,1,1,1,1,0.8451093956470304,2,1,0,0,0,0,1,0,1,0,0
0,1,1,-1.1163914175117586,0,0,0,0,0,0,0,-0.6645151331974803,1,1,0,0,1,0,0,0,0,0,1
0,0,1,-0.34317867551709397,0,0,0,0,0,0,0,-1.4965524147718476,1,0,0,1,0,0,1,0,0,0,1
0,1,1,1.2846376234190422,0,0,0,0,0,0,1,-1.4982131678288821,1,0,0,1,0,0,1,1,0,0,0
0,0,1,-1.1977822324585654,0,0,0,0,0,0,0,0.1608791361487485,1,0,1,0,1,0,0,0,0,1,0
0,0,0,-1.1977822324585654,0,0,0,0,0,0,0,-1.4882486494866742,1,0,0,1,1,0,0,0,0,0,1
0,0,0,-1.1163914175117586,0,0,0,0,0,0,0,-1.4766233780874316,1,0,0,1,1,0,0,0,0,0,1
1,0,0,-0.546655712884111,0,0,1,0,0,0,1,0.4996727597838198,2,0,1,0,1,0,0,0,0,1,0
1,0,0,-0.05831082320327015,0,1,0,0,1,0,1,0.8600561731603424,2,0,1,0,1,0,0,0,0,1,0
1,1,1,-0.9943051950915484,0,0,0,0,1,0,1,0.519601796468236,1,0,1,0,1,0,0,0,1,0,0
0,1,1,1.4067238458392524,0,1,0,1,1,0,0,0.9729873810386994,2,0,1,0,0,0,1,0,1,0,0
1,0,0,-1.157086824985162,0,0,0,0,0,0,0,0.1509146178065401,1,0,1,0,1,0,0,0,0,1,0
0,0,0,-1.0350006025649519,0,0,1,1,0,0,1,-0.973415201805928,0,1,0,0,0,1,0,0,1,0,0
1,1,0,0.9183789561584115,0,1,1,1,0,0,0,0.8517524078751691,2,0,1,0,1,0,0,0,0,1,0
0,1,1,1.4067238458392524,0,0,0,0,0,0,1,-1.3254948498972772,2,0,0,1,0,0,1,0,0,0,1
0,0,0,-1.2791730474053722,0,1,0,0,0,0,0,-0.46522476635332055,1,1,0,0,1,0,0,0,0,1,0
0,1,1,-0.6687419353043211,0,1,0,0,0,0,1,0.5029942658978894,2,0,1,0,1,0,0,0,1,0,0
0,1,1,1.4881146607860591,1,1,1,1,1,1,1,1.6455923691377388,2,0,1,0,0,0,1,1,0,0,0
0,0,0,-0.05831082320327015,1,1,0,1,0,1,1,-0.49677907443697905,0,1,0,0,0,0,1,1,0,0,0
1,1,0,1.0404651785786216,1,1,0,1,1,1,1,1.3516390780426033,1,0,1,0,0,1,0,0,1,0,0
0,1,1,-1.2384776399319688,1,0,0,0,0,0,0,-0.2692559056232299,2,1,0,0,1,0,0,0,0,0,1
0,0,1,-1.2791730474053722,0,0,0,1,0,1,1,-0.17459298137225418,1,1,0,0,1,0,0,0,0,0,1
0,1,1,1.5288100682594625,0,0,0,0,0,0,0,-1.3171910846121038,2,0,0,1,0,0,1,0,1,0,0
0,0,0,-0.6280465278309177,1,1,0,0,1,0,1,0.9829518993809078,2,0,1,0,1,0,0,0,0,1,0
0,1,0,-1.1163914175117586,0,0,1,0,1,1,1,0.9846126524379423,1,0,1,0,1,0,0,0,0,1,0
0,1,1,1.569505475732866,1,1,1,0,1,0,1,1.1357411806280968,2,0,1,0,0,0,1,0,1,0,0
0,1,1,-0.546655712884111,0,0,0,1,0,1,1,0.8152158406204062,2,0,1,0,0,1,0,1,0,0,0
0,0,0,0.18586162163715025,1,1,1,1,1,0,1,0.46811845170016153,2,1,0,0,1,0,0,0,1,0,0
0,0,0,0.9590743636318149,1,1,0,0,1,1,1,1.3881756452973657,2,0,1,0,1,0,0,0,1,0,0
0,1,0,1.2846376234190422,0,1,0,1,1,1,1,1.348317571928534,2,0,1,0,0,0,1,1,0,0,0
1,0,0,-0.3024832680436906,1,1,0,0,1,1,1,1.2619584129627313,2,0,1,0,1,0,0,0,0,0,1
0,0,0,-0.9943051950915484,0,0,0,0,0,0,1,0.2887571215404175,2,0,1,0,1,0,0,0,0,1,0
0,0,0,-1.1977822324585654,0,0,0,0,0,0,1,-1.4882486494866742,1,0,0,1,1,0,0,0,0,0,1
0,0,0,-1.157086824985162,0,0,0,0,1,0,1,-0.279220423965438,1,1,0,0,1,0,0,0,0,1,0
0,1,1,1.2032468084722354,1,0,1,1,0,1,0,0.21900549314496176,1,1,0,0,0,1,0,0,1,0,0
1,0,0,1.569505475732866,1,1,0,1,1,0,1,1.1573309703695476,2,0,1,0,0,1,0,0,1,0,0
0,0,1,-0.7094373427777246,0,0,0,0,0,0,0,-1.4998739208859169,1,0,0,1,0,1,0,0,0,0,1
0,1,1,-0.13970163815007697,0,0,0,0,1,1,1,0.7637324958523316,1,0,1,0,1,0,0,0,1,0,0
0,1,1,-0.8315235651979348,0,0,0,1,0,0,0,-1.1477942727945678,0,1,0,0,0,1,0,0,1,0,0
0,0,0,-1.2384776399319688,0,0,0,0,0,0,0,-0.661193627083411,1,1,0,0,1,0,0,1,0,0,0
0,1,0,-0.9129143801447416,0,0,1,0,1,1,1,0.09943127303846558,1,1,0,0,1,0,0,0,1,0,0
0,0,0,-1.2791730474053722,0,0,0,0,0,0,0,-1.4915701556007437,1,0,0,1,1,0,0,1,0,0,0
0,0,0,-1.157086824985162,0,0,1,0,0,1,1,0.5993179432058997,1,0,1,0,1,0,0,0,1,0,0
0,0,0,-1.2791730474053722,1,0,0,0,1,1,1,1.0228099727497393,1,0,1,0,1,0,0,0,0,1,0
0,1,1,0.06377539921694006,0,0,0,0,1,0,0,0.4481894150157453,1,0,1,0,1,0,0,0,0,1,0
0,1,1,0.8776835486850081,1,1,0,0,1,1,1,1.3051379924456323,2,0,1,0,1,0,0,1,0,0,0
0,1,0,-1.1977822324585654,0,0,0,1,0,0,1,0.4930297475556815,2,0,1,0,1,0,0,1,0,0,0
1,0,0,-1.1977822324585654,0,1,0,0,0,0,1,0.5494953514948597,2,0,1,0,1,0,0,0,0,1,0
0,1,1,1.569505475732866,1,1,1,1,1,1,0,0.6856771021717025,1,1,0,0,0,0,1,1,0,0,0
0,0,0,-1.2384776399319688,1,1,0,0,0,1,1,-0.7375882677070055,0,1,0,0,1,0,0,0,0,1,0
1,1,0,0.9590743636318149,1,1,1,1,0,0,1,0.12102106277991642,2,1,0,0,0,1,0,0,1,0,0
0,1,1,0.023079991743536653,1,0,1,0,1,1,1,1.2918519679893554,2,0,1,0,0,1,0,0,0,0,1
0,0,0,-0.7094373427777246,0,0,0,0,0,0,0,-1.4965524147718476,1,0,0,1,1,0,0,0,0,0,1
0,1,0,0.9997697711052183,1,1,0,1,0,0,1,-0.16794996914411542,1,1,0,0,0,0,1,0,0,1,0
0,0,0,-1.157086824985162,0,0,1,0,0,0,1,0.33193670102331874,1,0,1,0,1,0,0,1,0,0,0
0,0,1,0.14516621416374687,0,1,0,0,1,1,1,0.9929164177231157,1,0,1,0,1,0,0,0,0,1,0
0,0,0,-0.01761541572986675,1,0,1,1,1,1,1,1.486160075662411,2,0,1,0,0,1,0,1,0,0,0
0,0,1,-0.05831082320327015,0,0,0,0,1,0,1,0.722213669426465,2,0,1,0,1,0,0,0,1,0,0
0,1,0,1.569505475732866,0,1,1,1,1,1,1,1.34333531275743,1,0,1,0,0,0,1,0,0,1,0
1,0,0,-1.2791730474053722,1,0,1,0,0,0,1,-0.29914946064985404,1,1,0,0,1,0,0,0,0,1,0
0,0,0,1.3253330308924456,1,1,1,1,1,1,1,0.6657480654872863,1,1,0,0,0,0,1,1,0,0,0
0,1,1,1.4881146607860591,0,0,0,0,0,0,0,-1.494891661714813,1,0,0,1,0,0,1,0,1,0,0
0,0,0,1.2439422159456388,1,1,1,1,0,0,0,0.1326463341791589,2,1,0,0,0,1,0,1,0,0,0
0,1,0,-0.6280465278309177,0,1,1,0,0,0,1,-0.968432942634824,0,1,0,0,1,0,0,0,1,0,0
0,0,0,0.18586162163715025,1,1,1,1,1,1,1,0.8567346670462728,2,1,0,0,0,1,0,1,0,0,0
1,1,0,0.8369881412116047,0,1,1,0,1,1,1,1.2968342271604592,2,0,1,0,1,0,0,0,0,1,0
0,0,1,-0.8315235651979348,0,1,1,0,1,1,1,1.3449960658144644,2,0,1,0,1,0,0,0,0,1,0
0,1,1,1.1625514009988318,0,0,1,1,1,1,1,0.2987216398826254,1,1,0,0,0,0,1,1,0,0,0
0,1,0,1.4474192533126558,1,0,1,0,1,1,1,-0.3456505462468246,0,1,0,0,0,1,0,0,0,1,0
0,1,0,1.1218559935254284,1,0,0,0,1,0,1,-0.16628921608708083,1,1,0,0,0,1,0,0,0,0,1
0,1,1,0.38933865900416725,0,0,1,1,1,1,1,1.1822422662250676,1,0,1,0,0,0,1,0,0,1,0
0,0,0,-0.953609787618145,0,0,0,0,0,0,0,-0.6528898617982377,1,1,0,0,1,0,0,0,0,1,0
0,0,1,-1.2791730474053722,1,0,0,0,0,0,0,-0.4519387418970431,1,1,0,0,1,0,0,0,0,0,1
1,0,0,-0.8315235651979348,0,1,1,1,0,0,1,0.6308722512895585,1,0,1,0,1,0,0,0,0,0,1
0,1,1,1.6102008832062693,1,1,1,1,1,1,1,0.8567346670462728,2,1,0,0,0,0,1,0,1,0,0
1,1,0,0.7555973262647979,1,0,1,0,0,1,1,0.9580406035253878,2,0,1,0,0,1,0,1,0,0,0
0,0,0,-1.2791730474053722,0,0,0,0,0,0,0,-1.4583550944600503,1,0,0,1,1,0,0,0,0,0,1
0,0,0,1.6102008832062693,1,0,1,1,1,1,1,-0.11978813049011003,0,1,0,0,0,0,1,0,1,0,0
0,0,0,-0.9943051950915484,0,0,0,0,1,1,0,1.0244707258067745,2,0,1,0,1,0,0,1,0,0,0
0,0,0,0.5521202888977809,0,1,0,0,0,0,0,-1.1461335197375333,0,1,0,0,1,0,0,1,0,0,0
1,0,0,0.5521202888977809,0,0,1,1,0,1,1,0.1426108525213668,2,1,0,0,0,1,0,0,1,0,0
0,0,0,0.06377539921694006,1,0,1,1,1,1,1,0.5029942658978894,1,1,0,0,0,1,0,1,0,0,0
0,1,1,0.34864325153076386,0,0,0,0,0,0,0,-1.5114991922851597,1,0,0,1,0,0,1,1,0,0,0
0,0,0,-1.0350006025649519,1,1,1,0,0,0,0,-0.1131451182619715,1,1,0,0,1,0,0,0,0,1,0
0,0,1,0.06377539921694006,1,1,1,0,1,1,1,1.3466568188714991,1,0,1,0,1,0,0,1,0,0,0
0,0,0,-0.7908281577245314,0,0,0,0,0,1,1,0.7022846327420492,2,0,1,0,1,0,0,0,0,1,0
0,0,0,-0.01761541572986675,0,0,0,0,1,0,0,0.6391760165747318,2,0,1,0,0,1,0,0,0,1,0
0,0,1,0.3079478440573605,1,1,0,0,0,0,1,-0.3174177442772353,1,1,0,0,1,0,0,0,0,0,1
0,0,0,0.06377539921694006,0,0,0,0,0,0,0,-1.4982131678288821,1,0,0,1,1,0,0,0,0,0,1
0,0,0,-1.2791730474053722,0,0,0,0,0,0,1,0.18080817283316428,1,0,1,0,1,0,0,0,0,1,0
0,1,1,1.6102008832062693,1,0,1,0,1,1,1,1.3715681147270191,2,0,1,0,0,1,0,1,0,0,0
0,0,0,1.1218559935254284,1,1,1,0,0,0,0,-0.1131451182619715,1,1,0,0,0,0,1,0,0,1,0
0,0,1,-0.546655712884111,0,0,0,0,0,0,0,-1.4716411189163277,1,0,0,1,0,0,1,0,0,0,1
0,1,0,-0.953609787618145,1,0,0,0,0,1,1,0.772036261137505,2,0,1,0,1,0,0,0,0,1,0
0,0,0,-1.2791730474053722,0,0,0,0,0,0,0,-1.5264459697984716,1,0,0,1,1,0,0,0,0,1,0
0,1,1,1.6102008832062693,1,1,1,1,1,0,0,0.5810496595785185,2,1,0,0,0,0,1,1,0,0,0
0,1,1,0.2672524365839571,0,0,0,0,0,0,1,-1.3620314171520398,2,0,0,1,0,0,1,0,0,0,1
1,1,0,0.4707294739509741,0,0,1,1,1,1,0,1.3067987455026675,2,0,1,0,1,0,0,0,0,1,0
0,0,0,-0.34317867551709397,0,1,0,0,0,0,1,-0.5017613336080831,1,1,0,0,1,0,0,0,0,0,1
0,0,0,-0.953609787618145,0,0,0,0,0,0,0,-0.6595328740263762,1,1,0,0,1,0,0,0,0,0,1
0,0,1,-0.953609787618145,0,0,0,0,0,0,0,-1.4849271433726048,1,0,0,1,0,1,0,0,0,0,1
1,1,0,0.8776835486850081,0,0,1,0,1,1,1,1.1374019336851313,2,0,1,0,1,0,0,0,1,0,0
0,1,0,0.9183789561584115,0,1,0,0,0,0,1,0.4299211313883641,2,0,1,0,1,0,0,0,1,0,0
0,1,1,-1.1163914175117586,0,0,0,0,0,0,1,-1.3454238865816932,2,0,0,1,1,0,0,0,0,0,1
0,1,0,1.6102008832062693,0,1,1,1,1,1,1,1.516053630689035,2,0,1,0,0,0,1,1,0,0,0
0,0,0,0.10447080669034346,0,0,0,0,0,0,1,-1.3022443070987917,2,0,0,1,1,0,0,0,0,1,0
0,0,0,0.5521202888977809,0,0,1,1,0,0,0,-0.3473112993038592,1,1,0,0,0,0,1,0,1,0,0
0,0,0,-0.6280465278309177,0,0,0,0,0,0,1,-1.4716411189163277,1,0,0,1,0,1,0,0,0,0,1
0,0,0,0.4707294739509741,0,0,0,0,0,0,0,-1.4865878964296397,1,0,0,1,0,0,1,0,0,0,1
0,1,0,0.6335111038445876,1,0,0,1,0,0,1,-0.13971716717452606,2,1,0,0,0,1,0,1,0,0,0
0,1,0,0.6742065113179911,0,0,0,0,0,0,1,-0.4203844338133846,2,1,0,0,1,0,0,0,1,0,0
1,1,0,0.2672524365839571,0,0,0,1,1,1,1,1.2104750681946568,2,0,1,0,1,0,0,0,0,1,0
0,0,0,-1.2791730474053722,0,0,0,0,0,0,0,-0.6479076026271338,1,1,0,0,1,0,0,0,0,1,0
0,0,1,1.366028438365849,1,1,0,1,0,0,0,0.029679644643009838,2,1,0,0,0,0,1,1,0,0,0
0,1,0,-0.953609787618145,0,0,1,0,0,0,1,0.36349100910697746,1,0,1,0,1,0,0,1,0,0,0
1,1,0,0.4300340664775707,1,1,0,0,1,0,1,0.9862734054949769,2,0,1,0,1,0,0,0,0,1,0
0,1,1,1.5288100682594625,1,1,1,1,1,1,1,1.6721644180502937,2,0,1,0,0,0,1,0,1,0,0
0,1,1,0.8776835486850081,0,1,0,1,0,0,1,0.5029942658978894,1,0,1,0,0,0,1,1,0,0,0
0,1,0,1.6102008832062693,1,1,1,1,1,1,1,0.8683599384455157,2,1,0,0,0,0,1,1,0,0,0
0,0,0,-1.2791730474053722,0,0,0,0,0,0,0,-1.4816056372585356,1,0,0,1,1,0,0,0,0,0,1
0,0,0,-0.5059603054107076,0,0,0,0,1,0,0,0.4647969455860919,1,0,1,0,1,0,0,0,0,1,0
1,1,1,1.569505475732866,1,1,1,0,0,0,1,0.7271959285975692,1,0,1,0,0,1,0,1,0,0,0
0,1,0,0.9590743636318149,0,0,0,0,0,0,1,-1.3171910846121038,2,0,0,1,0,0,1,0,1,0,0
0,1,1,0.7962927337382013,1,0,1,1,0,0,1,0.6391760165747318,1,0,1,0,1,0,0,1,0,0,0
0,0,0,-1.1977822324585654,1,1,0,0,0,0,0,-0.3140962381631659,1,1,0,0,1,0,0,0,0,1,0
0,1,0,0.9590743636318149,1,0,0,0,1,1,1,1.1025261194874034,2,0,1,0,0,1,0,0,0,1,0
0,1,1,-0.34317867551709397,0,1,1,0,0,0,0,0.6092824615481081,2,0,1,0,0,1,0,1,0,0,0
0,0,0,-1.2791730474053722,0,0,0,0,0,1,1,-0.9750759548629626,0,1,0,0,1,0,0,0,0,1,0
0,1,0,1.6102008832062693,1,1,1,1,1,1,1,0.9165217770995211,2,1,0,0,0,0,1,0,0,1,0
0,1,0,1.2032468084722354,1,1,1,1,1,1,0,1.6323063446814616,2,0,1,0,0,0,1,0,0,0,1
0,0,0,-0.26178786057028713,0,0,1,0,0,0,1,0.5279055617534094,2,0,1,0,1,0,0,0,0,1,0
0,1,1,0.7962927337382013,0,1,1,0,1,0,1,1.026131478863809,2,0,1,0,0,1,0,0,1,0,0
1,1,0,1.1218559935254284,0,1,1,0,1,1,1,1.3649251024988807,2,0,1,0,1,0,0,0,0,1,0
0,0,0,-1.2791730474053722,0,0,0,0,0,0,0,0.15755763003467887,1,0,1,0,1,0,0,0,0,0,1
1,0,0,-0.9129143801447416,0,0,0,0,0,1,1,0.479743723099404,1,0,1,0,1,0,0,0,0,1,0
0,1,1,-1.2791730474053722,0,0,0,0,0,0,0,-1.4915701556007437,1,0,0,1,1,0,0,0,0,0,1
1,0,0,0.7962927337382013,0,1,1,1,1,0,1,-0.47518928469552846,0,1,0,0,1,0,0,0,0,1,0
0,1,1,1.4881146607860591,0,0,0,0,0,0,0,-1.340441627410589,2,0,0,1,0,0,1,1,0,0,0
0,0,0,-0.8315235651979348,0,0,1,0,1,0,1,0.821858852848545,2,0,1,0,1,0,0,0,0,1,0
0,0,0,1.569505475732866,0,0,0,0,0,0,0,-1.3371201212965198,2,0,0,1,0,0,1,0,0,1,0
0,1,1,-0.3024832680436906,0,0,0,0,0,0,0,-1.4915701556007437,1,0,0,1,0,1,0,0,0,1,0
0,1,0,-0.18039704562348036,0,0,0,1,0,0,0,0.390063058019532,1,0,1,0,1,0,0,1,0,0,0
0,1,1,-1.0350006025649519,0,1,0,1,1,0,1,0.8285018650766837,1,0,1,0,1,0,0,0,0,1,0
0,0,0,1.4881146607860591,0,0,1,1,1,1,1,1.3848541391832965,2,0,1,0,0,0,1,1,0,0,0
0,1,1,0.38933865900416725,1,0,0,0,1,1,0,1.0726325644607793,2,0,1,0,0,1,0,0,0,1,0
0,1,1,0.5521202888977809,0,0,0,0,0,0,1,-1.4849271433726048,1,0,0,1,0,0,1,0,0,0,1
0,0,0,-0.9943051950915484,0,0,0,0,0,0,1,0.3335974540803533,2,0,1,0,1,0,0,0,0,1,0
0,1,0,1.569505475732866,0,0,0,0,0,0,1,-1.340441627410589,2,0,0,1,0,0,1,0,1,0,0
0,0,0,1.366028438365849,0,1,0,0,0,1,0,0.8168765936774413,2,0,1,0,1,0,0,0,1,0,0
0,0,0,-1.0350006025649519,0,0,0,0,0,0,0,-1.4799448842015008,1,0,0,1,0,1,0,0,0,0,1
0,1,1,0.7149019187913945,0,0,1,1,1,0,1,0.1608791361487485,2,1,0,0,0,1,0,0,0,1,0
0,0,0,-0.34317867551709397,1,0,0,0,1,1,1,-0.4718677785814591,0,1,0,0,0,1,0,0,0,0,1
0,0,0,0.5521202888977809,0,1,1,1,1,1,1,1.3151025107878407,1,0,1,0,0,0,1,1,0,0,0
0,1,0,-0.953609787618145,0,1,1,0,0,0,1,0.5013335128408548,1,0,1,0,1,0,0,0,0,1,0
0,1,0,0.9590743636318149,0,1,0,1,1,1,1,1.4097654350388165,2,0,1,0,0,1,0,0,0,1,0
0,0,0,-0.9943051950915484,0,1,0,1,1,0,1,0.06123395272666857,1,1,0,0,1,0,0,0,0,1,0
0,1,1,1.6102008832062693,0,1,0,1,1,1,0,-0.3705618421023446,0,1,0,0,0,0,1,0,1,0,0
0,1,1,-1.157086824985162,0,0,0,0,0,0,1,-1.4899094025437087,1,0,0,1,1,0,0,0,0,1,0
0,1,1,1.4067238458392524,1,1,1,0,0,0,0,0.6640873124302518,1,0,1,0,0,1,0,1,0,0,0
0,1,0,-0.546655712884111,0,1,0,0,0,1,1,0.8069120753352329,2,0,1,0,1,0,0,0,0,1,0
0,1,1,-0.750132750251128,0,1,0,1,0,1,1,0.8251803589626145,1,0,1,0,1,0,0,0,1,0,0
0,1,1,-1.0350006025649519,0,0,0,0,0,0,1,-1.4799448842015008,1,0,0,1,1,0,0,1,0,0,0
0,0,0,-1.2384776399319688,0,0,0,0,0,0,0,-1.4965524147718476,1,0,0,1,1,0,0,0,0,0,1
1,0,0,-0.26178786057028713,0,0,0,0,1,1,1,0.8783244567877236,1,0,1,0,1,0,0,0,0,1,0
0,1,0,0.9183789561584115,1,1,0,1,0,0,0,-0.26593439950916076,1,1,0,0,0,0,1,0,0,0,1
1,1,0,-1.1163914175117586,0,1,0,0,0,0,1,0.5378700800956173,2,0,1,0,1,0,0,0,0,1,0
1,0,1,0.22655702911055367,1,0,0,0,0,0,1,0.519601796468236,2,0,1,0,1,0,0,0,0,0,1
0,1,1,1.6102008832062693,1,1,1,1,1,1,0,0.8268411120196492,2,1,0,0,0,0,1,0,1,0,0
0,0,0,-0.26178786057028713,0,0,1,0,1,1,1,1.1855637723391368,2,0,1,0,1,0,0,1,0,0,0
0,0,0,-0.953609787618145,0,0,0,0,0,1,1,0.5312270678674785,1,0,1,0,1,0,0,0,0,1,0
0,0,0,0.7962927337382013,1,0,1,0,1,0,0,0.8783244567877236,1,0,1,0,0,1,0,0,0,1,0
1,1,1,-0.01761541572986675,0,1,0,0,1,1,1,0.9680051218675957,1,0,1,0,1,0,0,0,0,0,1
0,1,1,1.2439422159456388,1,1,1,0,1,0,1,1.1872245253961713,2,0,1,0,1,0,0,0,0,1,0
0,1,0,1.4881146607860591,1,1,1,1,1,1,1,0.6607658063161826,1,1,0,0,0,0,1,0,0,0,1
0,0,0,0.6335111038445876,1,0,0,1,0,1,1,1.016166960521601,2,0,1,0,1,0,0,0,0,1,0
0,1,0,1.569505475732866,1,1,1,1,1,1,0,0.7687147550234359,2,1,0,0,0,0,1,1,0,0,0
0,0,0,-0.9129143801447416,0,0,0,0,0,0,1,-1.3387808743535543,2,0,0,1,1,0,0,0,0,0,1
0,0,0,-0.42456949046390074,0,1,0,0,0,0,1,0.48306522921347317,2,0,1,0,1,0,0,0,0,1,0
0,0,0,-1.1977822324585654,0,1,0,0,0,0,1,-1.1693840625360186,0,1,0,0,1,0,0,0,0,1,0
0,0,0,-0.8722189726713382,0,0,0,0,1,1,1,0.0031075957304552886,1,1,0,0,1,0,0,0,0,1,0
1,1,0,-0.26178786057028713,0,1,1,0,0,1,1,0.964683615753526,2,0,1,0,1,0,0,0,0,1,0
0,1,1,-0.6687419353043211,0,0,0,0,0,0,0,-1.4832663903155703,1,0,0,1,1,0,0,0,0,1,0
0,1,1,-0.42456949046390074,0,0,0,0,0,0,0,-1.4633373536311542,1,0,0,1,0,1,0,1,0,0,0
0,0,0,-0.8722189726713382,0,0,0,0,0,0,0,-1.4766233780874316,1,0,0,1,1,0,0,0,0,0,1
0,1,1,-0.42456949046390074,0,0,0,1,0,0,1,-0.4552602480111124,1,1,0,0,1,0,0,0,0,1,0
0,0,0,-1.2791730474053722,0,0,0,0,0,0,1,-1.340441627410589,0,1,0,0,1,0,0,0,0,0,1
0,1,0,0.5521202888977809,0,1,0,1,1,1,1,1.273583684361974,2,0,1,0,0,1,0,0,0,1,0
0,0,0,-1.2384776399319688,0,0,0,0,0,0,0,-1.4633373536311542,1,0,0,1,1,0,0,0,0,0,1
0,0,0,-0.8315235651979348,0,1,0,1,0,0,0,-1.0232377935169679,0,1,0,0,1,0,0,0,0,0,1
0,1,0,-0.38387408299049736,1,0,1,1,0,1,1,0.13098558112212433,1,1,0,0,0,1,0,1,0,0,0
1,0,0,-0.01761541572986675,0,0,0,0,1,1,1,1.041078256377121,2,0,1,0,1,0,0,0,1,0,0
0,0,0,1.6102008832062693,1,1,1,0,1,0,1,1.2121358212516913,2,0,1,0,0,0,1,1,0,0,0
0,1,1,0.22655702911055367,0,0,0,0,0,0,1,-1.4816056372585356,1,0,0,1,0,0,1,0,0,0,1
1,0,0,-0.7094373427777246,0,1,0,0,0,0,1,0.3485442315936654,1,0,1,0,1,0,0,0,1,0,0
0,0,1,-0.6280465278309177,0,1,1,1,1,1,0,0.5328878209245131,1,1,0,0,0,1,0,0,0,1,0
0,0,1,-0.9943051950915484,0,0,0,0,0,0,0,-1.4899094025437087,1,0,0,1,1,0,0,0,0,0,1
1,1,0,-0.22109245309688375,0,0,0,0,0,0,1,0.3551872438218041,2,0,1,0,1,0,0,0,0,1,0
0,0,0,0.4300340664775707,1,0,0,0,0,0,1,0.3452227254795962,1,0,1,0,1,0,0,0,0,1,0
0,0,0,0.5521202888977809,0,1,1,1,1,1,0,1.4562665206357872,2,0,1,0,0,0,1,0,0,1,0
1,0,0,-1.2384776399319688,0,0,0,0,0,0,1,-0.6678366393115496,1,1,0,0,1,0,0,0,0,1,0
1,1,0,-1.2791730474053722,0,0,0,0,0,0,0,0.31532917045297204,2,0,1,0,1,0,0,0,0,1,0
0,0,0,-0.42456949046390074,1,0,0,0,0,0,1,-0.4984398274940139,1,1,0,0,1,0,0,0,0,1,0
0,0,0,-1.1977822324585654,1,0,0,0,0,1,1,0.7056061388561183,1,0,1,0,1,0,0,0,0,0,1
0,1,0,-0.8315235651979348,0,0,0,0,0,0,0,-1.494891661714813,1,0,0,1,0,1,0,1,0,0,0
0,0,0,-0.18039704562348036,0,0,0,0,0,1,1,0.5245840556393397,1,0,1,0,1,0,0,0,0,1,0
0,1,0,0.7962927337382013,0,1,0,1,1,1,1,1.258636906848662,2,0,1,0,1,0,0,0,1,0,0
0,0,0,-0.8722189726713382,0,0,1,0,0,0,0,0.26882808485600174,1,0,1,0,1,0,0,0,0,1,0
0,1,0,1.366028438365849,1,1,0,1,1,1,0,0.6790340899435638,2,1,0,0,0,0,1,0,0,1,0
1,0,0,-1.1163914175117586,0,1,0,0,0,0,0,-1.2075813828478157,0,1,0,0,1,0,0,0,0,1,0
1,1,0,0.9997697711052183,0,0,0,0,1,1,1,-0.6628543801404456,0,1,0,0,1,0,0,0,0,1,0
0,1,0,-1.0756960100383552,0,0,0,0,0,0,1,0.3551872438218041,2,0,1,0,1,0,0,0,0,1,0
0,1,1,-0.546655712884111,0,0,0,0,0,0,0,-1.4683196128022582,1,0,0,1,1,0,0,0,0,0,1
1,0,0,0.5114248814243775,0,0,1,0,1,1,1,1.240368623221281,2,0,1,0,0,1,0,1,0,0,0
0,0,0,0.38933865900416725,0,1,0,0,1,1,1,1.2270825987650034,2,0,1,0,1,0,0,0,0,1,0
0,0,0,0.34864325153076386,0,0,1,0,1,1,0,1.104186872544438,2,0,1,0,1,0,0,1,0,0,0
0,0,0,-0.9129143801447416,0,0,0,0,0,0,1,-1.4932309086577782,1,0,0,1,1,0,0,0,0,0,1
0,0,0,-1.157086824985162,1,0,1,0,0,0,0,-0.2675951525661953,1,1,0,0,1,0,0,0,0,1,0
0,0,0,-1.2791730474053722,0,0,0,0,0,0,0,-1.4899094025437087,1,0,0,1,1,0,0,0,1,0,0
0,1,0,-1.1977822324585654,0,1,0,0,0,0,0,-1.1627410503078799,0,1,0,0,1,0,0,0,1,0,0
0,1,1,1.569505475732866,1,0,1,0,1,1,0,0.4232781191602253,1,1,0,0,0,0,1,0,1,0,0
0,0,0,-0.6280465278309177,1,0,0,0,1,1,0,0.964683615753526,1,0,1,0,1,0,0,0,0,1,0
0,0,0,1.2032468084722354,1,1,1,1,0,0,1,-0.7010517004522429,0,1,0,0,0,0,1,1,0,0,0
0,0,0,-1.2384776399319688,0,0,0,0,0,0,1,-0.6445860965130643,1,1,0,0,1,0,0,0,0,1,0
0,0,0,-1.157086824985162,1,1,0,1,0,0,1,-0.14636017940266483,1,1,0,0,1,0,0,0,0,0,1
0,1,1,0.023079991743536653,0,0,0,0,0,0,1,-1.5065169331140555,1,0,0,1,0,1,0,1,0,0,0
1,1,0,1.5288100682594625,1,1,1,1,1,1,1,0.7886437917078516,2,1,0,0,0,0,1,0,1,0,0
0,1,0,-0.01761541572986675,0,0,0,0,0,0,0,-1.5114991922851597,1,0,0,1,0,1,0,0,0,0,1
0,0,0,0.22655702911055367,0,0,0,0,0,0,0,-1.4782841311444663,1,0,0,1,0,0,1,0,0,0,1
0,0,0,-1.0350006025649519,0,0,0,0,0,0,0,-1.4766233780874316,1,0,0,1,1,0,0,0,0,0,1
0,0,0,-0.953609787618145,0,0,0,0,1,1,1,-0.6445860965130643,0,1,0,0,1,0,0,0,0,1,0
0,0,0,-1.2384776399319688,0,0,0,0,0,0,1,0.35684799687883867,2,0,1,0,1,0,0,0,0,1,0
0,1,1,1.081160586052025,0,0,0,0,0,0,0,-1.4932309086577782,1,0,0,1,0,0,1,0,0,0,1
0,1,0,1.4474192533126558,0,1,1,0,0,0,0,0.7188921633123959,2,0,1,0,0,1,0,0,1,0,0
1,1,1,-0.05831082320327015,0,0,1,1,1,1,1,1.1324196745140276,1,0,1,0,1,0,0,0,0,1,0
1,1,0,0.9997697711052183,0,1,1,0,0,1,1,1.0111847013504969,2,0,1,0,1,0,0,1,0,0,0
0,1,1,1.6102008832062693,1,0,1,0,1,0,1,0.22066624620199632,2,1,0,0,0,0,1,1,0,0,0
0,0,0,-0.750132750251128,0,0,1,1,1,1,1,-0.3257215095624086,0,1,0,0,1,0,0,0,0,1,0
0,1,1,1.2846376234190422,0,1,1,1,1,1,1,1.4745348042631685,2,0,1,0,0,0,1,0,1,0,0
0,0,0,-1.157086824985162,1,1,0,0,0,0,0,-0.31907849733426985,1,1,0,0,1,0,0,0,0,1,0
0,1,1,1.569505475732866,1,1,1,1,1,1,0,0.8500916548181345,2,1,0,0,0,0,1,0,0,1,0
0,0,1,0.6742065113179911,0,0,0,1,1,1,1,1.1888852784532058,2,0,1,0,0,1,0,1,0,0,0
0,0,0,-1.1977822324585654,0,0,0,0,0,0,0,-1.5015346739429516,1,0,0,1,0,1,0,0,0,0,1
0,1,1,1.1625514009988318,1,1,1,1,1,1,0,1.6705036649932588,2,0,1,0,0,0,1,0,1,0,0
0,0,0,0.4300340664775707,0,0,0,0,1,1,0,0.9812911463238727,2,0,1,0,0,1,0,0,0,0,1
0,0,0,-0.34317867551709397,1,0,0,0,0,0,1,-0.45359949495407786,1,1,0,0,1,0,0,0,0,1,0
0,0,0,-1.2791730474053722,0,0,0,0,0,1,1,-0.31243548510613134,1,1,0,0,1,0,0,0,0,1,0
0,1,1,-0.9943051950915484,0,0,0,0,0,0,0,-1.519802957570333,1,0,0,1,0,0,1,0,0,0,1
0,1,0,-1.157086824985162,0,0,0,0,0,0,0,-1.4716411189163277,1,0,0,1,0,1,0,1,0,0,0
0,0,0,-0.05831082320327015,1,0,1,0,0,0,1,0.6624265593732171,2,0,1,0,1,0,0,0,1,0,0
0,0,0,-0.34317867551709397,0,0,1,0,1,1,1,1.1274374153429234,2,0,1,0,1,0,0,0,0,1,0
0,1,0,0.3079478440573605,0,1,0,0,0,0,0,-0.27257741173729927,2,1,0,0,1,0,0,0,1,0,0
0,0,1,0.6335111038445876,0,1,1,1,1,0,1,1.0194884666356703,1,0,1,0,0,0,1,0,0,0,1
0,1,1,0.8369881412116047,0,0,0,0,0,0,0,-1.3039050601558264,2,0,0,1,0,0,1,0,1,0,0
0,1,0,1.1625514009988318,1,0,1,1,1,1,1,-0.08823382240645153,0,1,0,0,0,0,1,0,0,0,1
1,1,0,-0.9129143801447416,0,0,1,0,0,1,1,0.8301626181337183,2,0,1,0,1,0,0,0,0,1,0
0,0,0,-1.2384776399319688,0,0,0,0,0,0,0,-1.4899094025437087,1,0,0,1,0,1,0,0,0,0,1
1,1,0,1.6102008832062693,1,1,1,1,1,1,1,1.597430530483734,2,0,1,0,1,0,0,0,1,0,0
0,1,0,1.6102008832062693,0,0,0,0,0,0,0,-1.3088873193269304,2,0,0,1,0,0,1,0,0,0,1
1,0,0,0.5114248814243775,1,1,0,1,1,0,1,1.0709718114037448,2,0,1,0,1,0,0,0,0,1,0
1,0,0,-1.1163914175117586,0,0,0,0,1,1,1,0.8201980997915104,1,0,1,0,1,0,0,0,0,1,0
0,0,0,-1.1163914175117586,0,0,0,0,0,0,0,-1.4666588597452237,1,0,0,1,1,0,0,1,0,0,0
0,1,0,-1.1977822324585654,0,0,0,0,0,0,0,-1.3221733437832077,0,1,0,0,1,0,0,0,0,0,1
0,0,0,-0.05831082320327015,1,0,1,1,0,0,0,0.7570894836241929,1,0,1,0,1,0,0,0,0,1,0
0,1,0,1.6102008832062693,1,1,1,1,1,1,0,0.9032357526432436,2,1,0,0,0,0,1,1,0,0,0
0,0,0,-0.953609787618145,0,0,0,0,0,0,1,-0.6993909473952082,1,1,0,0,1,0,0,0,0,1,0
0,1,1,1.2846376234190422,1,1,0,1,1,1,0,1.511071371517931,2,0,1,0,0,0,1,1,0,0,0
0,1,1,0.5114248814243775,1,1,0,1,1,0,0,0.30038239293965996,2,1,0,0,0,0,1,0,1,0,0
0,1,1,1.5288100682594625,1,1,1,1,1,1,0,1.6588783935940163,2,0,1,0,0,0,1,0,1,0,0
1,1,0,-0.4652648979373042,0,1,1,0,0,1,0,0.22897001148716967,2,1,0,0,0,1,0,1,0,0,0
0,0,0,-0.7908281577245314,0,1,0,0,0,0,1,-1.1212222238820133,0,1,0,0,1,0,0,0,0,1,0
1,0,0,-0.22109245309688375,0,0,1,0,0,0,1,0.4398856497305719,2,0,1,0,1,0,0,0,0,1,0
0,1,0,-1.157086824985162,0,0,0,0,0,0,1,0.326954441852215,2,0,1,0,1,0,0,0,0,1,0
0,1,1,0.023079991743536653,0,0,0,0,0,0,1,-1.3387808743535543,2,0,0,1,0,0,1,0,0,0,1
0,1,1,-0.7908281577245314,0,0,0,0,0,0,0,-1.4600158475170848,1,0,0,1,0,0,1,0,0,0,1
0,0,0,0.38933865900416725,0,0,0,0,0,0,1,-1.4666588597452237,1,0,0,1,0,1,0,0,0,0,1
1,1,0,0.4300340664775707,0,1,1,0,1,1,0,-0.3074532259350274,0,1,0,0,1,0,0,0,1,0,0
0,1,0,1.5288100682594625,1,1,1,1,1,1,1,1.4844993226053764,1,0,1,0,0,1,0,1,0,0,0
0,1,1,0.6335111038445876,0,0,0,0,0,0,0,-1.2789937643003064,2,0,0,1,0,0,1,1,0,0,0
0,0,0,-0.5059603054107076,0,0,0,0,0,0,1,-1.5048561800570208,1,0,0,1,1,0,0,1,0,0,0
0,1,1,-0.9129143801447416,0,1,1,0,1,1,1,1.2387078701642458,2,0,1,0,1,0,0,0,1,0,0
0,0,0,-0.22109245309688375,0,0,0,0,1,1,1,0.9879341585520115,2,0,1,0,1,0,0,0,0,0,1
0,1,1,1.1218559935254284,0,0,0,0,0,0,1,-1.4566943414030156,1,0,0,1,0,0,1,1,0,0,0
0,1,0,-0.01761541572986675,1,0,0,0,0,0,1,0.3551872438218041,1,0,1,0,1,0,0,1,0,0,0
0,0,0,-1.2791730474053722,0,0,0,0,1,1,1,0.8334841242477878,1,0,1,0,1,0,0,0,0,1,0
0,1,1,1.4067238458392524,0,1,1,1,1,1,1,1.540964926544555,2,0,1,0,0,0,1,1,0,0,0
1,1,0,1.6102008832062693,0,1,1,1,1,1,1,1.5559117040578672,2,0,1,0,0,0,1,1,0,0,0
0,1,0,-0.42456949046390074,0,0,1,0,1,0,1,0.7371604469397771,1,0,1,0,1,0,0,1,0,0,0
0,0,1,-1.2384776399319688,0,0,0,0,0,1,1,-0.31575699122020073,1,1,0,0,1,0,0,0,0,1,0
0,1,1,-0.01761541572986675,0,0,1,0,0,1,1,0.8716814445595849,2,0,1,0,1,0,0,1,0,0,0
0,0,1,1.6102008832062693,1,1,1,1,1,1,0,0.0795022363540498,0,1,0,0,0,0,1,0,1,0,0
1,1,0,-0.9943051950915484,0,1,0,0,0,0,1,0.5262448086963748,2,0,1,0,1,0,0,0,1,0,0
0,0,0,-0.8722189726713382,0,0,1,0,1,1,1,1.0975438603162992,2,0,1,0,1,0,0,1,0,0,0
0,1,1,-0.05831082320327015,1,0,1,1,1,1,1,0.5428523392667215,1,1,0,0,0,1,0,0,0,0,1
0,0,1,0.7149019187913945,1,0,1,1,1,0,1,0.1990764564605455,1,1,0,0,0,1,0,0,1,0,0
1,0,0,-1.2791730474053722,0,0,0,0,1,0,0,0.45317167418684945,1,0,1,0,1,0,0,0,0,1,0
0,0,0,0.9997697711052183,0,1,0,1,0,1,0,0.9929164177231157,2,0,1,0,0,1,0,0,0,1,0
0,1,0,1.6102008832062693,1,1,1,1,1,1,0,0.6524620410310092,1,1,0,0,0,0,1,0,0,0,1
0,0,0,-1.1977822324585654,0,0,0,0,0,0,0,-0.6429253434560296,1,1,0,0,1,0,0,0,0,0,1
0,1,1,0.06377539921694006,0,0,1,1,1,0,1,-0.6628543801404456,0,1,0,0,1,0,0,0,0,1,0
0,0,0,-0.38387408299049736,0,1,0,0,1,1,1,1.125776662285889,2,0,1,0,1,0,0,0,1,0,0
0,0,0,-0.13970163815007697,1,1,0,1,0,0,1,-0.20116503028480873,1,1,0,0,0,1,0,0,0,1,0
1,1,0,0.7149019187913945,1,1,1,0,1,1,0,1.4595880267498564,2,0,1,0,1,0,0,1,0,0,0
0,0,0,-1.2791730474053722,0,0,0,0,0,0,0,-0.6263178128856829,1,1,0,0,1,0,0,0,0,0,1
0,0,0,0.10447080669034346,0,0,0,0,0,0,0,-1.4633373536311542,1,0,0,1,1,0,0,1,0,0,0
0,0,1,-1.1977822324585654,0,0,0,0,0,0,1,-1.469980365859293,1,0,0,1,0,1,0,0,1,0,0
0,1,1,1.569505475732866,1,1,1,1,1,1,0,0.8334841242477878,2,1,0,0,0,0,1,0,1,0,0
0,0,0,-1.1977822324585654,0,0,0,1,0,0,1,-0.4834930499807018,1,1,0,0,1,0,0,0,0,0,1
0,0,0,-0.546655712884111,0,0,0,0,0,1,1,-0.28586343619357657,1,1,0,0,1,0,0,0,0,1,0
0,1,1,1.0404651785786216,1,0,1,1,1,1,0,-0.16794996914411542,0,1,0,0,0,0,1,0,0,0,1
1,1,0,0.06377539921694006,0,0,0,0,0,0,1,0.35684799687883867,2,0,1,0,1,0,0,0,0,1,0
0,1,0,1.1218559935254284,0,1,1,1,1,1,1,-0.15300319163080334,0,1,0,0,1,0,0,1,0,0,0
0,0,0,-0.13970163815007697,0,1,0,0,0,0,1,-1.1361690013953252,0,1,0,0,1,0,0,0,0,1,0
0,1,1,0.8776835486850081,0,0,0,0,0,0,0,-1.4749626250303969,1,0,0,1,0,0,1,0,1,0,0
0,0,1,-1.2791730474053722,0,0,0,0,0,0,1,-1.5114991922851597,1,0,0,1,1,0,0,0,0,0,1
1,0,0,-1.0350006025649519,0,0,0,0,1,0,1,0.6640873124302518,2,0,1,0,1,0,0,0,0,1,0
0,0,0,-0.6687419353043211,0,0,0,0,0,0,1,0.17084365449095637,1,0,1,0,1,0,0,0,1,0,0
1,0,0,-0.34317867551709397,0,0,0,0,0,0,1,0.3751162805062199,2,0,1,0,1,0,0,0,0,1,0
0,1,1,-1.0756960100383552,0,0,0,0,0,0,0,-1.5031954269999863,1,0,0,1,1,0,0,0,0,0,1
0,1,0,0.6742065113179911,0,0,0,0,0,0,1,-1.4865878964296397,1,0,0,1,0,1,0,1,0,0,0
0,1,0,1.4474192533126558,1,1,0,0,0,0,1,0.6607658063161826,2,0,1,0,0,0,1,1,0,0,0
1,1,0,0.06377539921694006,0,1,1,0,0,1,1,0.9779696402098036,2,0,1,0,1,0,0,0,0,1,0
0,1,1,-0.34317867551709397,1,0,1,0,1,1,0,0.4581539333579532,2,1,0,0,0,0,1,0,1,0,0
0,0,0,-0.13970163815007697,0,0,1,0,0,0,0,-0.526672629463603,1,1,0,0,1,0,0,1,0,0,0
0,1,0,0.38933865900416725,0,0,0,0,0,0,0,-1.4799448842015008,1,0,0,1,0,0,1,0,0,1,0
0,0,0,-1.2791730474053722,0,0,0,0,0,0,1,-0.6346215781708562,1,1,0,0,1,0,0,0,0,0,1
0,0,0,-1.2384776399319688,1,0,1,0,0,0,1,0.519601796468236,1,0,1,0,1,0,0,0,0,1,0
0,0,0,0.7149019187913945,0,0,1,1,0,1,0,0.1558968769776443,2,1,0,0,0,0,1,1,0,0,0
0,0,0,-0.42456949046390074,0,0,0,0,0,0,0,-1.4600158475170848,1,0,0,1,0,1,0,1,0,0,0
1,1,0,-0.6280465278309177,1,0,1,0,0,0,1,0.682355596057633,2,0,1,0,1,0,0,1,0,0,0
0,1,1,1.3253330308924456,0,1,1,1,1,1,1,1.5276789020882777,2,0,1,0,0,0,1,0,1,0,0
0,0,0,0.9997697711052183,0,0,0,1,1,0,1,0.8517524078751691,2,0,1,0,0,0,1,0,1,0,0
1,0,0,-1.2791730474053722,0,0,0,0,0,0,0,0.1426108525213668,1,0,1,0,1,0,0,0,0,1,0
1,1,1,1.4474192533126558,0,1,1,0,0,0,1,0.659105053259148,2,0,1,0,1,0,0,0,0,1,0
0,1,1,-1.1163914175117586,1,1,0,1,0,0,0,-0.013499934839891363,2,1,0,0,1,0,0,0,1,0,0
1,0,0,-0.9943051950915484,0,0,0,1,1,1,1,1.1739385009398942,2,0,1,0,1,0,0,0,1,0,0
0,0,0,-0.9129143801447416,0,0,0,0,0,0,1,-1.4483905761178422,1,0,0,1,1,0,0,0,0,1,0
0,1,0,-0.6280465278309177,1,1,0,0,0,1,0,-0.00021391038361432476,1,1,0,0,0,1,0,0,0,0,1
1,0,0,-1.0350006025649519,0,0,0,0,1,1,1,0.8085728283922679,1,0,1,0,1,0,0,0,0,1,0
0,1,1,0.8369881412116047,1,1,1,0,0,1,1,-0.5349763947487763,0,1,0,0,1,0,0,1,0,0,0
1,0,0,-0.42456949046390074,1,1,0,0,0,0,0,0.5611206228941027,1,0,1,0,1,0,0,0,0,1,0
0,1,0,0.6742065113179911,0,1,0,0,1,1,0,-0.5034220866651178,0,1,0,0,0,0,1,0,1,0,0
0,1,0,1.6102008832062693,0,0,0,0,0,0,0,-1.3221733437832077,2,0,0,1,0,0,1,0,1,0,0
0,0,0,0.7149019187913945,1,1,0,0,0,0,1,-0.9900227323762747,0,1,0,0,1,0,0,0,0,0,1
0,0,1,0.6742065113179911,0,0,0,0,0,0,0,-1.5065169331140555,1,0,0,1,0,1,0,0,1,0,0
0,0,0,-1.2791730474053722,0,0,0,0,0,0,0,-1.4998739208859169,1,0,0,1,1,0,0,1,0,0,0
0,1,1,0.6742065113179911,0,1,0,0,1,1,0,1.183903019282102,2,0,1,0,0,1,0,0,0,0,1
0,0,0,-1.2791730474053722,1,0,0,0,0,0,1,-0.5382979008628457,1,1,0,0,1,0,0,0,1,0,0
0,1,1,-0.4652648979373042,1,1,0,1,1,0,0,0.4216173661031907,2,1,0,0,0,1,0,0,0,0,1
0,1,1,-0.01761541572986675,1,0,0,0,1,1,1,1.154009464255478,2,0,1,0,1,0,0,0,1,0,0
0,1,1,-1.2791730474053722,0,0,0,0,0,0,0,-1.4932309086577782,1,0,0,1,0,1,0,0,1,0,0
0,1,0,1.081160586052025,1,1,0,0,1,0,1,0.9945771707801502,2,0,1,0,1,0,0,0,0,1,0
0,1,1,1.5288100682594625,0,1,1,1,1,1,1,0.6408367696317664,2,1,0,0,0,0,1,0,0,1,0
0,0,0,-0.7908281577245314,0,0,0,1,0,0,1,-0.4735285316384939,1,1,0,0,1,0,0,0,0,0,1
0,0,0,-1.157086824985162,0,0,0,0,0,0,1,0.1791474197761297,1,0,1,0,1,0,0,0,0,1,0
1,0,0,0.3079478440573605,1,1,0,0,1,1,1,-0.29914946064985404,0,1,0,0,1,0,0,0,0,1,0
0,1,1,-0.750132750251128,0,0,0,0,0,0,0,-1.4965524147718476,1,0,0,1,0,1,0,0,0,0,1
0,0,1,-0.18039704562348036,0,0,0,0,0,0,0,-1.4799448842015008,1,0,0,1,1,0,0,0,0,0,1
0,0,1,-0.7094373427777246,1,0,1,0,0,1,0,0.001446842673420246,1,1,0,0,0,1,0,0,0,0,1
1,1,0,-0.38387408299049736,0,0,0,0,0,1,0,0.7305174347116383,2,0,1,0,1,0,0,0,0,1,0
0,0,0,1.5288100682594625,1,0,1,1,1,1,1,-0.214451054741086,0,1,0,0,0,0,1,1,0,0,0
0,1,1,-0.750132750251128,1,1,0,0,1,0,1,0.02137587935783651,1,1,0,0,1,0,0,0,0,1,0
0,1,1,-0.3024832680436906,0,1,0,0,0,0,1,0.3551872438218041,1,0,1,0,1,0,0,0,0,1,0
0,1,1,0.5521202888977809,1,1,0,0,0,0,0,-0.9883619793192401,0,1,0,0,1,0,0,1,0,0,0
0,0,0,-1.2791730474053722,0,1,0,0,0,1,1,0.8650384323314462,2,0,1,0,1,0,0,0,1,0,0
0,0,0,-1.2791730474053722,0,0,0,1,0,0,0,-1.13782975445236,0,1,0,0,1,0,0,0,0,0,1
0,1,1,1.569505475732866,1,1,1,1,1,1,0,1.6538961344229122,2,0,1,0,0,0,1,1,0,0,0
0,1,1,1.3253330308924456,1,1,0,1,1,1,1,0.5876926718066572,2,1,0,0,0,0,1,1,0,0,0
0,1,1,0.9590743636318149,1,1,1,1,1,1,0,1.6954149608487787,2,0,1,0,0,0,1,0,0,0,1
0,0,0,0.10447080669034346,1,1,1,1,0,0,1,1.0610072930615368,2,0,1,0,1,0,0,0,0,0,1
0,0,0,-1.2384776399319688,0,0,0,0,0,0,0,0.3352582071373883,2,0,1,0,1,0,0,0,1,0,0
0,1,1,1.5288100682594625,0,1,0,0,1,1,0,1.1124906378296113,2,0,1,0,0,0,1,1,0,0,0
0,0,0,-1.2384776399319688,0,0,0,0,0,0,1,-1.4998739208859169,1,0,0,1,1,0,0,0,0,0,1
1,0,0,-0.8722189726713382,0,0,0,0,1,1,1,1.0078631952364276,2,0,1,0,1,0,0,1,0,0,0
0,1,0,1.4881146607860591,1,1,1,1,1,1,1,1.700397220019883,2,0,1,0,0,0,1,0,0,1,0
0,0,0,0.3079478440573605,1,1,1,0,1,1,0,-0.09155532852052091,0,1,0,0,0,1,0,0,1,0,0
0,1,0,0.8776835486850081,1,1,1,0,1,1,0,1.486160075662411,2,0,1,0,1,0,0,0,0,1,0
0,0,0,-0.546655712884111,0,0,0,0,0,0,0,-1.4998739208859169,1,0,0,1,0,0,1,0,0,0,1
0,1,0,0.06377539921694006,0,1,0,0,0,1,0,0.7986083100500595,2,0,1,0,1,0,0,0,0,0,1
0,0,0,-0.750132750251128,0,0,0,0,1,1,1,0.8301626181337183,1,0,1,0,1,0,0,0,0,0,1
0,0,0,1.366028438365849,0,0,0,1,0,0,0,-1.1743663217071225,0,1,0,0,0,1,0,0,1,0,0
0,1,0,-0.3024832680436906,0,0,0,0,0,0,1,-1.4566943414030156,1,0,0,1,0,1,0,1,0,0,0
0,1,0,0.4707294739509741,1,0,1,0,0,0,1,0.6640873124302518,2,0,1,0,1,0,0,0,1,0,0
0,0,0,-1.2791730474053722,0,0,0,0,0,0,1,-0.666175886254515,1,1,0,0,1,0,0,0,0,1,0
0,1,1,1.569505475732866,1,1,1,1,1,1,0,0.8334841242477878,2,1,0,0,0,0,1,1,0,0,0
0,1,0,0.9997697711052183,0,1,1,1,1,1,1,1.4811778164913072,2,0,1,0,0,1,0,1,0,0,0
1,0,0,-0.7908281577245314,0,1,0,0,1,0,1,-0.16296770997301147,1,1,0,0,1,0,0,0,0,1,0
0,1,0,1.5288100682594625,1,1,1,1,1,1,0,1.6439316160807043,2,0,1,0,0,0,1,0,1,0,0
1,0,0,-0.26178786057028713,0,0,0,0,1,1,1,0.9563798504683527,2,0,1,0,1,0,0,0,0,1,0
0,1,0,-0.5873511203575144,0,0,0,0,0,0,0,-1.4849271433726048,1,0,0,1,0,0,1,0,0,0,1
0,0,0,-1.2791730474053722,0,0,0,0,0,0,0,-1.4782841311444663,1,0,0,1,1,0,0,0,0,0,1
0,0,0,-0.9129143801447416,0,0,0,0,0,1,0,0.7188921633123959,2,0,1,0,1,0,0,0,0,1,0
1,0,0,0.5928156963711843,0,0,0,0,1,0,1,0.7056061388561183,2,0,1,0,1,0,0,0,1,0,0
0,1,0,-1.1163914175117586,0,1,0,0,0,0,1,0.46313619252905736,2,0,1,0,1,0,0,0,0,1,0
0,1,1,-0.9129143801447416,0,1,0,0,0,0,0,-0.5067435927791872,1,1,0,0,0,1,0,0,0,0,1
0,0,0,0.38933865900416725,1,1,1,0,0,0,0,-0.17127147525818479,1,1,0,0,1,0,0,1,0,0,0
1,0,0,0.7555973262647979,0,0,1,0,1,1,1,0.9696658749246302,1,0,1,0,0,1,0,1,0,0,0
0,0,0,-0.6687419353043211,0,0,0,0,0,0,0,-1.519802957570333,1,0,0,1,0,1,0,0,0,0,1
0,1,0,1.2846376234190422,0,1,1,1,1,0,1,0.3751162805062199,2,1,0,0,0,0,1,1,0,0,0
0,1,1,0.14516621416374687,1,0,1,1,1,1,0,-0.13639566106045667,0,1,0,0,0,1,0,0,1,0,0
0,1,0,0.18586162163715025,0,0,0,0,0,0,0,-1.4766233780874316,1,0,0,1,1,0,0,1,0,0,0
0,0,0,0.10447080669034346,0,0,1,0,1,1,1,1.1772600070539634,2,0,1,0,1,0,0,0,0,1,0
0,0,0,-0.38387408299049736,0,1,0,0,0,0,1,0.4764222169853349,2,0,1,0,1,0,0,0,0,1,0
1,1,0,-0.953609787618145,0,0,0,0,0,0,1,-1.4467298230608077,1,0,0,1,1,0,0,0,0,0,1
0,0,0,-0.6687419353043211,0,0,1,0,0,1,1,0.7853222855937825,2,0,1,0,1,0,0,0,0,1,0
0,1,0,-0.4652648979373042,0,0,1,1,1,1,1,1.3715681147270191,2,0,1,0,1,0,0,0,0,1,0
0,0,0,0.8776835486850081,0,1,1,0,1,0,1,0.9945771707801502,2,0,1,0,0,1,0,1,0,0,0
0,0,0,-0.6687419353043211,0,0,0,0,0,0,0,-1.5231244636844021,1,0,0,1,0,0,1,0,1,0,0
0,0,0,-1.2384776399319688,0,1,0,0,0,0,1,-0.48183229692366725,1,1,0,0,1,0,0,0,0,0,1
0,1,1,0.2672524365839571,0,0,1,0,1,0,1,-0.16462846303004602,1,1,0,0,1,0,0,0,0,0,1
0,0,0,-1.2791730474053722,0,0,1,0,0,0,0,0.35684799687883867,1,0,1,0,1,0,0,0,0,1,0
0,1,0,0.14516621416374687,0,0,0,0,0,1,0,0.5179410434112015,1,0,1,0,1,0,0,0,0,1,0
1,0,0,-0.01761541572986675,0,1,0,1,0,0,0,-0.3373467809616513,1,1,0,0,1,0,0,1,0,0,0
0,1,1,-0.22109245309688375,1,1,0,1,1,0,0,1.19386753762431,2,0,1,0,1,0,0,0,0,1,0
1,1,0,-1.2791730474053722,0,0,0,0,0,0,1,0.18745118506130304,1,0,1,0,1,0,0,0,0,0,1
0,1,0,1.569505475732866,1,1,1,1,1,1,0,0.8401271364759262,2,1,0,0,0,0,1,0,0,1,0
0,0,0,-1.1163914175117586,0,1,1,0,1,1,0,1.3051379924456323,2,0,1,0,1,0,0,0,0,0,1
0,1,0,1.366028438365849,1,1,1,1,0,0,0,1.0560250338904327,2,0,1,0,0,0,1,0,0,0,1
0,1,1,1.6102008832062693,1,1,1,1,1,1,1,0.013072114072663185,0,1,0,0,0,0,1,0,1,0,0
0,1,0,0.9183789561584115,0,0,1,1,1,1,1,1.3067987455026675,2,0,1,0,0,1,0,0,0,1,0
0,0,0,0.9183789561584115,0,0,0,0,1,1,1,1.0626680461185714,2,0,1,0,1,0,0,0,0,1,0
0,1,0,1.5288100682594625,0,0,1,1,1,1,1,1.3117810046737712,2,0,1,0,0,0,1,1,0,0,0
0,1,0,1.6102008832062693,1,1,1,0,0,0,0,-0.7541957982773522,0,1,0,0,0,0,1,1,0,0,0
0,0,0,-0.05831082320327015,0,1,0,1,1,0,1,0.20738022174571882,2,1,0,0,1,0,0,0,0,1,0
0,1,0,-1.2791730474053722,0,0,0,0,0,0,1,-1.4666588597452237,1,0,0,1,1,0,0,0,0,0,1
0,0,0,1.4474192533126558,0,0,0,0,0,0,1,-1.3504061457527972,2,0,0,1,0,0,1,1,0,0,0
0,0,0,-0.5059603054107076,0,0,0,0,0,0,0,-1.5081776861710903,1,0,0,1,1,0,0,0,0,0,1
0,1,0,1.081160586052025,0,1,0,1,1,1,1,0.5079765250689932,2,1,0,0,0,1,0,0,0,1,0
0,1,1,1.4474192533126558,1,1,1,0,1,0,1,0.27214959097007085,2,1,0,0,0,1,0,0,1,0,0
0,1,0,1.6102008832062693,1,1,1,1,1,1,1,1.7601843300731308,2,0,1,0,0,1,0,1,0,0,0
0,1,1,-1.2791730474053722,0,0,0,0,0,0,0,-1.469980365859293,1,0,0,1,1,0,0,0,0,0,1
0,1,0,0.4707294739509741,0,1,1,0,1,1,0,-0.348972052360894,0,1,0,0,0,0,1,1,0,0,0
0,1,0,-1.1163914175117586,0,1,0,1,0,0,1,0.684016349114668,2,0,1,0,1,0,0,0,0,1,0
0,0,0,0.8369881412116047,1,0,1,0,1,1,1,1.3998009166966086,2,0,1,0,0,1,0,0,1,0,0
0,1,0,0.8369881412116047,1,1,1,0,0,1,0,0.3086861582248333,2,1,0,0,0,1,0,1,0,0,0
1,0,0,-0.9943051950915484,0,1,1,0,1,1,1,1.3516390780426033,2,0,1,0,1,0,0,0,0,1,0
0,0,0,0.10447080669034346,0,0,0,0,0,0,0,-1.3786389477223864,2,0,0,1,0,0,1,1,0,0,0
0,1,0,1.081160586052025,0,0,0,0,0,0,0,-1.4766233780874316,1,0,0,1,0,1,0,0,0,0,1
0,0,0,-1.0756960100383552,0,0,0,0,1,1,0,-0.6578721209693417,0,1,0,0,1,0,0,0,1,0,0
1,1,0,0.8369881412116047,0,0,0,0,0,0,0,-1.3188518376691383,2,0,0,1,0,0,1,0,1,0,0
0,1,1,-0.8315235651979348,0,0,0,0,0,0,1,-1.450051329174877,1,0,0,1,1,0,0,0,0,1,0
0,1,1,-0.13970163815007697,0,0,0,0,0,0,1,-1.4666588597452237,1,0,0,1,1,0,0,0,0,0,1
0,1,0,-0.7094373427777246,0,0,0,0,1,1,0,0.7753577672515746,1,0,1,0,1,0,0,0,0,1,0
1,0,0,0.4300340664775707,0,1,0,0,1,0,1,0.8451093956470304,2,0,1,0,1,0,0,0,0,1,0
1,1,0,-0.01761541572986675,0,0,0,0,0,1,0,0.6806948430005983,2,0,1,0,1,0,0,0,0,1,0
0,0,0,0.5521202888977809,0,0,0,0,0,0,0,-1.4865878964296397,1,0,0,1,0,0,1,1,0,0,0
0,1,1,1.4474192533126558,1,1,1,1,1,1,1,0.8052513222781983,2,1,0,0,0,0,1,1,0,0,0
0,0,0,-1.2791730474053722,0,0,0,0,0,0,0,-1.4683196128022582,1,0,0,1,1,0,0,0,0,0,1
0,1,1,0.7149019187913945,0,0,0,0,0,0,1,0.1642006422628176,1,0,1,0,1,0,0,1,0,0,0
1,0,0,-0.750132750251128,0,0,0,0,0,0,1,0.31532917045297204,2,0,1,0,1,0,0,0,0,1,0
0,0,0,-0.546655712884111,0,1,0,1,0,1,1,0.018054373243766898,1,1,0,0,0,1,0,1,0,0,0
0,1,1,1.4881146607860591,0,0,0,1,1,1,1,1.1473664520273392,2,0,1,0,0,0,1,0,0,1,0
0,1,1,-1.0350006025649519,0,0,0,0,0,0,0,-0.5316548886347072,2,1,0,0,1,0,0,0,0,1,0
0,1,1,0.6742065113179911,0,0,0,0,1,1,1,1.0228099727497393,2,0,1,0,1,0,0,0,0,1,0
0,1,0,1.6102008832062693,1,1,1,1,0,1,0,0.4897082414416119,2,1,0,0,0,0,1,0,1,0,0
1,0,0,1.6102008832062693,1,1,1,1,1,1,1,1.7452375525598187,2,0,1,0,0,0,1,0,1,0,0
0,1,0,1.081160586052025,1,0,0,1,0,1,1,0.1426108525213668,2,1,0,0,0,1,0,0,0,0,1
1,0,0,-1.2791730474053722,0,0,0,0,0,0,1,0.17748666671909513,1,0,1,0,1,0,0,0,0,1,0
0,0,0,-0.18039704562348036,0,1,0,0,1,1,0,1.1755992539969289,2,0,1,0,0,1,0,0,0,1,0
0,1,0,0.3079478440573605,0,1,1,0,1,1,1,1.3682466086129499,2,0,1,0,0,1,0,1,0,0,0
0,1,0,-1.0350006025649519,0,0,0,0,0,0,1,-0.6827834168248617,1,1,0,0,1,0,0,0,0,0,1
0,1,1,1.6102008832062693,1,1,1,1,0,0,1,0.18745118506130304,2,1,0,0,0,0,1,1,0,0,0
0,0,0,0.7962927337382013,0,0,0,0,0,0,0,-1.4666588597452237,1,0,0,1,0,1,0,0,0,0,1
0,0,0,-0.953609787618145,0,0,0,0,0,0,0,-1.4982131678288821,1,0,0,1,1,0,0,0,1,0,0
0,0,0,0.06377539921694006,0,0,0,0,0,0,0,-1.285636776528445,2,0,0,1,0,0,1,1,0,0,0
0,1,0,0.34864325153076386,0,0,0,0,0,0,1,-1.4965524147718476,1,0,0,1,0,0,1,0,0,1,0
0,0,0,0.6335111038445876,0,1,1,1,1,0,1,0.30038239293965996,2,1,0,0,0,1,0,1,0,0,0
0,1,1,1.2032468084722354,1,0,0,0,1,1,1,1.2071535620805875,2,0,1,0,0,0,1,1,0,0,0
0,0,0,-0.9943051950915484,1,0,0,0,0,0,1,-1.1411512605664291,0,1,0,0,1,0,0,0,0,1,0
0,0,0,-0.750132750251128,0,1,0,0,0,0,1,-1.1195614708249786,0,1,0,0,1,0,0,0,0,0,1
0,1,1,0.7962927337382013,0,0,0,0,0,0,0,-1.5098384392281248,1,0,0,1,0,0,1,0,0,0,1
0,1,1,1.5288100682594625,0,1,1,1,1,1,0,-0.14802093245969938,0,1,0,0,0,1,0,0,0,1,0
0,0,0,-1.157086824985162,0,0,0,0,1,1,1,-0.6728188984826537,0,1,0,0,1,0,0,0,0,1,0
0,1,0,0.10447080669034346,0,1,0,1,0,0,0,-0.2642736464521259,1,1,0,0,1,0,0,0,0,1,0
0,0,0,1.366028438365849,1,0,1,1,1,1,1,1.3566213372137075,1,0,1,0,0,0,1,1,0,0,0
0,0,0,-0.6687419353043211,0,1,1,0,0,1,1,0.9430938260120757,1,0,1,0,1,0,0,0,1,0,0
1,1,0,-1.2791730474053722,0,0,0,0,0,0,1,-1.3288163560113464,0,1,0,0,1,0,0,0,0,1,0
1,1,1,-0.5059603054107076,1,0,1,1,0,1,0,0.9796303932668381,1,0,1,0,0,1,0,0,1,0,0
0,1,0,1.2846376234190422,0,1,0,1,0,1,1,0.17748666671909513,2,1,0,0,0,1,0,0,0,0,1
0,1,0,-1.2384776399319688,0,0,0,0,0,0,1,-0.6578721209693417,1,1,0,0,1,0,0,0,0,1,0
0,0,0,-0.18039704562348036,0,0,0,1,0,0,1,-0.329043015676478,2,1,0,0,1,0,0,0,1,0,0
0,1,1,-0.6687419353043211,0,0,0,0,0,0,0,-1.4982131678288821,1,0,0,1,0,0,1,0,0,0,1
1,1,0,-1.1163914175117586,0,0,0,0,0,0,1,0.1509146178065401,1,0,1,0,1,0,0,0,0,1,0
0,1,0,-0.09900623067667355,0,0,1,0,0,0,1,-0.4917968152658751,1,1,0,0,1,0,0,0,0,0,1
1,0,0,-0.953609787618145,0,0,0,1,0,0,0,-0.5183688641784296,1,1,0,0,1,0,0,0,0,0,1
0,1,0,1.3253330308924456,1,0,1,0,1,1,1,1.3366923005292912,2,0,1,0,1,0,0,0,0,1,0
0,0,0,-0.953609787618145,0,0,0,0,0,0,1,0.4000275763617399,2,0,1,0,1,0,0,0,0,1,0
1,0,0,-0.750132750251128,0,0,0,0,1,1,0,0.8517524078751691,1,0,1,0,1,0,0,0,1,0,0
0,1,1,-1.0350006025649519,0,0,0,0,0,0,0,-1.4932309086577782,1,0,0,1,0,0,1,0,0,0,1
0,1,1,-1.157086824985162,0,0,0,0,0,0,1,-0.4619032602392512,2,1,0,0,1,0,0,0,0,1,0
0,1,0,1.6102008832062693,1,1,1,0,1,1,1,1.526018149031243,2,0,1,0,0,0,1,0,0,1,0
1,1,0,1.6102008832062693,1,1,1,1,1,1,1,-0.011839181782856792,0,1,0,0,0,0,1,0,1,0,0
0,0,0,-0.7908281577245314,0,0,0,0,0,1,1,0.657444300202113,2,0,1,0,1,0,0,0,0,1,0
0,0,0,-0.7908281577245314,0,1,1,0,0,0,1,0.5428523392667215,1,0,1,0,1,0,0,0,0,1,0
0,0,1,0.9183789561584115,0,0,0,0,0,0,0,-1.5181422045132982,1,0,0,1,0,1,0,1,0,0,0
0,1,1,0.6742065113179911,0,1,1,0,1,0,1,0.9580406035253878,2,0,1,0,0,1,0,0,0,1,0
0,1,1,-1.2791730474053722,0,0,0,0,0,0,1,-1.4915701556007437,1,0,0,1,1,0,0,0,0,1,0
0,0,0,-0.09900623067667355,1,1,1,1,1,0,0,0.326954441852215,1,1,0,0,0,1,0,0,1,0,0
0,0,0,-0.5059603054107076,1,1,1,1,1,1,1,1.4413197431224751,1,0,1,0,1,0,0,1,0,0,0
0,0,0,-1.157086824985162,0,0,0,0,0,0,1,-1.4832663903155703,1,0,0,1,1,0,0,0,1,0,0
0,0,0,-1.2791730474053722,0,0,0,0,0,1,1,-0.3024709667639232,1,1,0,0,1,0,0,0,0,0,1
1,1,0,-0.18039704562348036,0,1,0,1,1,1,1,1.3616035963848112,2,0,1,0,1,0,0,0,0,1,0
0,0,0,-0.13970163815007697,1,1,1,0,0,1,1,0.13430708723619347,1,1,0,0,1,0,0,1,0,0,0
0,1,1,-0.3024832680436906,0,0,0,0,1,1,1,0.8500916548181345,1,0,1,0,0,1,0,0,0,1,0
0,0,0,-1.1977822324585654,1,1,0,0,0,0,1,0.4747614639282998,1,0,1,0,1,0,0,0,0,1,0
0,0,0,-1.2791730474053722,0,0,0,0,0,0,1,-0.6960694412811389,1,1,0,0,1,0,0,1,0,0,0
0,0,0,1.5288100682594625,1,1,1,1,1,1,1,1.6223418263392537,2,0,1,0,0,0,1,1,0,0,0
0,0,0,-0.34317867551709397,0,1,1,0,0,1,1,0.821858852848545,1,0,1,0,1,0,0,0,0,1,0
0,1,1,1.0404651785786216,0,0,1,1,1,1,1,1.3366923005292912,2,0,1,0,0,1,0,1,0,0,0
0,1,1,-0.3024832680436906,1,0,0,1,0,0,0,-0.348972052360894,1,1,0,0,1,0,0,0,0,1,0
0,0,1,-0.38387408299049736,1,0,1,1,0,0,0,-0.8206259205587387,0,1,0,0,0,0,1,0,0,0,1
0,1,1,-0.09900623067667355,0,0,1,0,0,1,0,0.7188921633123959,1,0,1,0,0,1,0,0,0,1,0
0,1,0,1.0404651785786216,0,1,1,0,0,1,1,0.9796303932668381,2,0,1,0,0,1,0,0,0,1,0
0,0,0,-0.13970163815007697,0,0,1,1,1,1,1,1.129098168399958,1,0,1,0,1,0,0,0,1,0,0
0,1,1,-0.9129143801447416,0,0,0,0,0,0,0,-1.4733018719733622,1,0,0,1,0,1,0,0,0,0,1
0,0,0,0.8369881412116047,0,0,0,0,0,0,0,-1.4998739208859169,1,0,0,1,0,0,1,1,0,0,0
0,0,0,0.10447080669034346,0,1,0,1,0,0,0,0.6806948430005983,2,0,1,0,1,0,0,0,1,0,0
0,0,0,-1.1977822324585654,0,0,0,0,0,0,1,-1.4716411189163277,1,0,0,1,1,0,0,0,0,1,0
0,0,0,-0.8315235651979348,0,0,0,1,0,0,0,-0.4834930499807018,1,1,0,0,1,0,0,1,0,0,0
0,1,1,1.6102008832062693,0,0,0,0,0,0,0,-1.4849271433726048,1,0,0,1,0,0,1,1,0,0,0
0,0,0,-1.2384776399319688,0,0,0,0,1,0,1,0.4930297475556815,1,0,1,0,1,0,0,0,0,0,1
0,1,1,0.8776835486850081,1,1,1,1,1,1,0,0.8799852098447583,2,1,0,0,0,0,1,0,1,0,0
1,0,0,-1.2791730474053722,0,0,0,0,1,0,1,0.4747614639282998,1,0,1,0,1,0,0,0,0,1,0
0,1,0,-1.157086824985162,0,1,0,0,1,0,1,0.8916104812440011,2,0,1,0,1,0,0,0,0,1,0
0,1,1,1.6102008832062693,1,1,1,1,1,1,1,1.7269692689324374,2,0,1,0,0,0,1,0,1,0,0
1,1,0,1.6102008832062693,0,1,0,0,1,1,0,1.1141513908866458,2,0,1,0,0,0,1,1,0,0,0
0,1,0,-0.8315235651979348,1,1,1,0,0,0,1,0.657444300202113,1,0,1,0,1,0,0,0,0,1,0
0,1,1,-0.26178786057028713,0,0,1,1,1,1,1,0.5710851412363106,2,1,0,0,0,1,0,0,1,0,0
0,1,0,0.9997697711052183,1,1,0,1,1,0,1,0.18412967894723342,1,1,0,0,0,0,1,0,1,0,0
0,1,1,1.3253330308924456,1,1,0,0,0,1,1,0.15755763003467887,2,1,0,0,0,0,1,0,0,0,1
0,0,0,-1.0756960100383552,0,0,0,0,0,0,1,0.1426108525213668,1,0,1,0,1,0,0,0,0,1,0
0,0,0,-1.1977822324585654,0,0,0,1,1,0,1,-0.040071983752446146,2,1,0,0,1,0,0,0,0,1,0
0,1,0,0.10447080669034346,1,0,1,0,1,1,0,-0.38716937267269125,0,1,0,0,0,1,0,0,1,0,0
0,0,0,-1.2384776399319688,0,1,0,0,0,0,0,0.3369189601944229,1,0,1,0,1,0,0,0,0,1,0
0,1,1,1.081160586052025,0,0,0,0,0,0,0,-1.3072265662698956,2,0,0,1,0,0,1,0,0,0,1
0,1,1,0.7962927337382013,0,0,1,1,0,1,1,1.0443997624911903,2,0,1,0,0,0,1,1,0,0,0
0,0,0,-1.1977822324585654,0,0,0,0,0,1,1,0.6806948430005983,2,0,1,0,1,0,0,0,0,1,0
0,0,0,-0.7908281577245314,0,0,0,0,0,0,1,-1.3171910846121038,0,1,0,0,1,0,0,1,0,0,0
0,0,0,-0.8315235651979348,0,0,0,0,1,1,1,0.976308887152769,2,0,1,0,1,0,0,0,0,1,0
0,0,0,-1.157086824985162,1,0,1,0,0,0,0,-0.9900227323762747,0,1,0,0,1,0,0,0,0,0,1
0,1,1,-1.0350006025649519,1,1,1,1,1,0,1,0.36183025604994284,1,1,0,0,1,0,0,0,0,1,0
0,0,1,-0.9943051950915484,1,0,0,0,0,1,1,-0.8737700183838482,0,1,0,0,1,0,0,0,0,1,0
1,1,0,-1.2791730474053722,0,1,0,0,1,0,0,-0.8173044144446694,0,1,0,0,1,0,0,0,0,1,0
0,1,1,1.2439422159456388,0,0,0,0,0,0,0,-1.4982131678288821,1,0,0,1,0,0,1,0,0,0,1
1,1,0,1.6102008832062693,1,1,1,1,1,1,1,1.650574628308843,2,0,1,0,0,0,1,0,0,0,1
0,0,0,-1.0350006025649519,0,0,0,0,1,0,1,0.4714399578142307,1,0,1,0,1,0,0,0,0,1,0
0,1,1,0.14516621416374687,0,0,0,0,0,0,0,-1.3188518376691383,2,0,0,1,0,0,1,0,1,0,0
0,1,0,-0.9943051950915484,0,0,0,1,0,1,1,0.8451093956470304,2,0,1,0,1,0,0,0,0,1,0
0,0,0,0.38933865900416725,1,1,1,1,0,1,1,-0.33402527484758193,0,1,0,0,0,1,0,0,0,1,0
0,1,0,1.1625514009988318,0,0,0,1,1,1,0,1.2071535620805875,2,0,1,0,0,1,0,1,0,0,0
0,1,1,1.4067238458392524,1,1,1,1,1,0,0,-0.35229355847496313,0,1,0,0,0,0,1,0,1,0,0
0,0,0,-0.09900623067667355,1,0,1,0,0,0,1,-0.304131719820958,1,1,0,0,0,0,1,0,0,0,1
1,1,0,-0.8722189726713382,0,0,0,1,1,0,1,0.6009786962629348,1,0,1,0,1,0,0,0,0,1,0
0,0,0,-1.2791730474053722,0,1,0,0,0,0,1,0.31698992351000665,1,0,1,0,1,0,0,0,0,1,0
0,0,0,-1.1977822324585654,1,0,0,1,1,0,1,-0.013499934839891363,1,1,0,0,1,0,0,0,1,0,0
0,0,0,0.9183789561584115,0,0,1,0,1,1,1,0.43158188444539863,2,1,0,0,0,0,1,1,0,0,0
0,1,0,1.0404651785786216,0,0,0,0,0,0,0,-1.4633373536311542,1,0,0,1,0,0,1,0,0,0,1
0,0,0,-0.9943051950915484,0,0,0,0,0,0,1,-1.4649981066881888,1,0,0,1,1,0,0,0,0,0,1
0,1,1,-0.8722189726713382,0,0,0,1,0,1,1,0.0512694343844602,2,1,0,0,1,0,0,0,0,1,0
1,0,0,-1.2384776399319688,0,0,0,0,0,0,1,0.15921838309171343,1,0,1,0,1,0,0,0,0,1,0
0,1,0,1.2032468084722354,1,0,1,1,1,1,0,0.5378700800956173,1,1,0,0,0,0,1,0,0,0,1
1,1,0,1.4474192533126558,0,0,1,0,0,0,1,0.5162802903541664,2,0,1,0,1,0,0,0,1,0,0
0,0,0,-1.0350006025649519,0,0,0,0,0,0,1,-0.6694973923685843,1,1,0,0,1,0,0,1,0,0,0
0,1,1,0.38933865900416725,0,0,1,1,1,1,0,0.27713185014117503,1,1,0,0,0,1,0,0,0,1,0
0,0,0,0.34864325153076386,0,1,0,1,1,0,1,0.821858852848545,1,0,1,0,0,1,0,0,0,1,0
0,0,0,-1.0350006025649519,0,0,0,0,0,0,0,-1.5131599453421942,1,0,0,1,1,0,0,0,0,1,0
0,0,0,-1.2791730474053722,0,0,0,0,0,0,0,-0.691087182110035,1,1,0,0,1,0,0,0,0,1,0
0,0,0,-1.0350006025649519,0,0,0,0,0,0,1,-1.5231244636844021,1,0,0,1,1,0,0,0,0,0,1
1,0,0,-1.2791730474053722,0,0,0,0,0,0,1,0.17416516060502552,1,0,1,0,1,0,0,0,0,1,0
0,0,1,0.8776835486850081,0,1,1,1,0,0,1,-0.1264311427182488,1,1,0,0,0,1,0,0,0,1,0
0,1,0,-1.2791730474053722,0,0,0,0,0,0,1,-1.4782841311444663,1,0,0,1,1,0,0,1,0,0,0
0,1,1,1.6102008832062693,1,1,1,1,1,1,1,0.8168765936774413,2,1,0,0,0,0,1,0,0,0,1
1,1,0,1.366028438365849,0,0,1,1,1,1,1,1.3665858555559154,2,0,1,0,0,1,0,0,1,0,0
0,0,0,-1.2791730474053722,0,0,0,0,0,0,1,-0.636282331227891,1,1,0,0,1,0,0,0,0,1,0
0,0,0,-0.05831082320327015,0,0,0,0,0,0,0,-1.4583550944600503,1,0,0,1,0,0,1,0,1,0,0
0,1,0,0.5928156963711843,0,0,1,0,1,1,1,1.1855637723391368,2,0,1,0,1,0,0,0,0,1,0
1,1,0,1.081160586052025,0,1,0,0,1,1,1,-0.4834930499807018,0,1,0,0,1,0,0,0,0,1,0
0,1,1,1.4881146607860591,0,1,1,0,1,1,1,1.3001557332745286,2,0,1,0,1,0,0,0,0,1,0
0,0,0,-1.2791730474053722,0,0,0,0,0,0,0,-1.4965524147718476,1,0,0,1,1,0,0,0,0,1,0
0,0,1,-1.2791730474053722,0,0,0,0,0,0,1,0.22730925843013508,1,0,1,0,1,0,0,0,0,1,0
0,0,1,-0.05831082320327015,0,0,0,0,0,0,0,-1.4849271433726048,1,0,0,1,0,1,0,0,1,0,0
0,1,1,0.5521202888977809,0,0,1,1,0,1,0,0.8683599384455157,1,0,1,0,0,1,0,1,0,0,0
0,0,0,-1.1977822324585654,0,1,0,0,1,0,0,0.6292114982325239,1,0,1,0,1,0,0,0,0,1,0
0,0,0,0.6335111038445876,0,1,1,0,1,1,1,1.4147476942099206,2,0,1,0,1,0,0,1,0,0,0
0,0,0,-1.157086824985162,0,1,0,1,1,0,1,-0.0350897245813422,1,1,0,0,1,0,0,1,0,0,0
0,0,0,-0.8315235651979348,0,0,0,0,1,1,1,1.0377567502630514,2,0,1,0,1,0,0,0,0,1,0
0,1,1,-0.42456949046390074,0,0,0,0,0,0,0,-1.3138695784980343,2,0,0,1,0,0,1,0,1,0,0
0,0,0,0.8776835486850081,0,0,0,0,0,0,0,-1.4998739208859169,1,0,0,1,0,0,1,0,1,0,0
0,1,1,-0.42456949046390074,0,0,0,0,0,0,1,0.365151762164012,2,0,1,0,1,0,0,1,0,0,0
0,0,0,-1.0350006025649519,0,0,1,1,0,1,0,-0.06664403266500094,1,1,0,0,1,0,0,1,0,0,0
0,0,0,1.366028438365849,1,1,1,1,1,0,1,1.3200847699589444,2,0,1,0,0,1,0,1,0,0,0
0,1,1,0.7149019187913945,1,0,0,1,1,1,0,0.3551872438218041,1,1,0,0,0,1,0,0,0,1,0
0,1,1,0.9183789561584115,1,1,0,0,0,0,1,0.6740518307724597,2,0,1,0,1,0,0,0,0,1,0
0,1,0,1.1625514009988318,1,1,0,1,0,1,0,0.9597013565824223,1,0,1,0,0,1,0,1,0,0,0
0,1,0,0.4300340664775707,1,1,0,1,0,0,0,0.04794792827039106,2,1,0,0,1,0,0,1,0,0,0
1,0,0,-1.0756960100383552,0,0,0,0,0,0,0,-1.5048561800570208,1,0,0,1,1,0,0,1,0,0,0
1,1,0,0.3079478440573605,1,0,0,0,1,1,0,1.2304041048790724,2,0,1,0,1,0,0,0,0,1,0
0,1,1,1.3253330308924456,1,0,0,1,1,1,1,0.33193670102331874,1,1,0,0,0,0,1,1,0,0,0
0,1,1,1.569505475732866,1,0,1,1,0,1,1,0.20073720951758006,1,1,0,0,0,0,1,0,1,0,0
0,0,0,1.2439422159456388,1,1,1,1,1,0,1,0.4996727597838198,2,1,0,0,0,0,1,0,1,0,0
0,1,1,0.8369881412116047,1,1,0,0,0,1,0,0.16253988920578305,2,1,0,0,0,0,1,1,0,0,0
0,1,0,1.5288100682594625,0,1,1,1,0,1,1,-0.45692100106814726,0,1,0,0,0,1,0,1,0,0,0
0,1,0,0.9183789561584115,0,0,0,0,0,0,0,-1.2989228009847222,2,0,0,1,0,0,1,1,0,0,0
0,1,1,-0.09900623067667355,0,0,0,1,1,1,0,-0.4519387418970431,0,1,0,0,1,0,0,0,1,0,0
1,1,0,0.34864325153076386,0,1,0,0,1,1,1,0.9879341585520115,1,0,1,0,1,0,0,0,0,1,0
0,0,0,-0.9129143801447416,0,0,0,0,0,1,1,-0.2675951525661953,1,1,0,0,1,0,0,1,0,0,0
0,0,0,1.081160586052025,0,0,0,1,1,1,1,-0.4353312113266964,0,1,0,0,1,0,0,0,0,1,0
0,1,0,0.7962927337382013,0,1,1,0,1,0,0,0.989594911609046,2,0,1,0,1,0,0,1,0,0,0
1,1,0,-0.9129143801447416,0,1,1,1,1,0,1,0.9198432832135903,1,0,1,0,1,0,0,0,0,0,1
0,0,0,-0.7908281577245314,0,0,1,0,1,0,1,0.6109432146051427,1,0,1,0,1,0,0,0,0,1,0
0,0,0,1.2439422159456388,1,1,1,1,1,0,0,1.31842401690191,2,0,1,0,0,1,0,0,1,0,0
0,0,0,-1.2791730474053722,0,0,0,0,0,1,0,0.5096372781260282,1,0,1,0,1,0,0,0,1,0,0
0,0,0,-1.1977822324585654,0,1,0,0,0,0,0,-1.1826700869922957,0,1,0,0,1,0,0,0,0,0,1
0,1,1,0.9183789561584115,1,0,1,1,1,1,1,0.6740518307724597,2,1,0,0,0,0,1,1,0,0,0
1,0,0,-0.34317867551709397,0,1,0,0,1,1,1,1.2104750681946568,2,0,1,0,1,0,0,0,0,1,0
0,1,1,-0.38387408299049736,0,0,0,0,0,0,0,-1.4583550944600503,1,0,0,1,0,0,1,0,0,0,1
0,0,1,-1.0756960100383552,0,0,0,0,0,0,0,-1.2773330112432717,2,0,0,1,1,0,0,0,0,0,1
0,0,1,-0.26178786057028713,1,0,0,1,0,1,0,-0.6313000720567871,0,1,0,0,1,0,0,0,0,0,1
1,0,0,0.3079478440573605,0,0,1,1,1,1,1,1.29351272104639,2,0,1,0,0,1,0,0,1,0,0
0,0,0,-0.01761541572986675,1,0,0,0,1,1,0,0.3302759479662841,2,1,0,0,0,1,0,0,0,0,1
0,0,0,0.5114248814243775,0,1,0,0,1,0,1,0.8135550875633716,2,0,1,0,1,0,0,0,1,0,0
0,1,1,1.0404651785786216,0,0,0,0,0,0,0,-1.5031954269999863,1,0,0,1,0,0,1,0,1,0,0
0,1,1,-1.0756960100383552,0,0,0,0,0,0,1,-0.526672629463603,2,1,0,0,1,0,0,0,1,0,0
0,1,0,0.9997697711052183,0,0,1,1,1,1,0,1.433015977837302,2,0,1,0,0,0,1,0,0,1,0
0,0,0,-1.1163914175117586,0,0,0,0,0,1,1,0.5046550189549239,1,0,1,0,1,0,0,0,0,1,0
0,1,1,1.569505475732866,0,0,0,0,0,0,0,-1.3072265662698956,2,0,0,1,0,0,1,1,0,0,0
0,1,1,1.1218559935254284,0,1,0,1,1,1,1,1.29351272104639,2,0,1,0,1,0,0,1,0,0,0
0,0,0,-1.0350006025649519,0,0,0,0,0,1,1,0.7305174347116383,2,0,1,0,1,0,0,0,0,1,0
0,1,0,0.7555973262647979,1,0,1,1,1,1,1,1.5525901979437977,2,0,1,0,0,1,0,0,0,1,0
0,0,0,1.6102008832062693,1,1,1,1,0,0,0,0.1608791361487485,2,1,0,0,0,0,1,1,0,0,0
0,0,0,-1.1977822324585654,0,0,0,0,0,0,0,-1.4749626250303969,1,0,0,1,1,0,0,0,0,0,1
1,0,0,-1.2384776399319688,0,0,0,0,1,1,1,0.964683615753526,2,0,1,0,1,0,0,0,0,1,0
0,0,0,1.4474192533126558,1,1,0,1,1,1,0,1.5094106184608964,2,0,1,0,0,0,1,0,1,0,0
0,0,0,-1.1163914175117586,0,0,0,0,0,0,0,-1.4799448842015008,1,0,0,1,1,0,0,0,0,0,1
0,0,1,-1.2791730474053722,0,0,0,0,0,0,1,0.31698992351000665,2,0,1,0,1,0,0,0,0,1,0
0,1,1,-0.42456949046390074,0,1,1,0,1,1,1,1.1706169948258247,1,0,1,0,0,1,0,0,0,0,1
0,1,0,1.4474192533126558,1,0,0,1,0,0,0,-0.2958279545357847,1,1,0,0,0,1,0,1,0,0,0
0,1,1,0.9997697711052183,0,0,0,0,0,0,0,-1.4633373536311542,1,0,0,1,0,0,1,0,0,0,1
0,1,0,0.023079991743536653,0,1,0,1,0,0,1,-0.3672403359882752,1,1,0,0,0,1,0,0,1,0,0
0,1,1,0.023079991743536653,0,0,0,0,0,0,0,-1.494891661714813,1,0,0,1,0,0,1,0,1,0,0
0,1,1,-0.953609787618145,1,0,0,0,0,0,0,-0.5382979008628457,1,1,0,0,0,1,0,0,0,0,1
0,0,0,1.5288100682594625,1,1,1,1,0,0,1,-0.6711581454256189,0,1,0,0,0,0,1,1,0,0,0
0,1,1,-0.9129143801447416,0,0,0,0,0,0,1,-1.4865878964296397,1,0,0,1,1,0,0,0,1,0,0
0,0,0,1.4474192533126558,1,1,1,1,1,1,1,0.5860319187496227,1,1,0,0,0,0,1,0,1,0,0
0,1,1,-1.2384776399319688,0,0,0,0,0,0,0,-1.4782841311444663,1,0,0,1,0,1,0,0,0,0,1
1,1,1,0.06377539921694006,0,1,0,0,0,0,1,0.49136899449864646,2,0,1,0,1,0,0,0,0,0,1
0,0,0,-0.7908281577245314,0,0,0,0,0,1,1,0.5328878209245131,1,0,1,0,1,0,0,0,0,1,0
1,1,0,1.6102008832062693,1,1,1,0,1,1,1,1.5808229999133872,2,0,1,0,0,0,1,0,0,1,0
0,0,0,-0.8315235651979348,0,0,0,1,1,1,1,0.3668125152210466,2,1,0,0,0,1,0,0,0,0,1
0,0,0,-0.7908281577245314,0,0,0,0,0,0,1,-1.4782841311444663,1,0,0,1,1,0,0,0,0,0,1
0,0,0,0.5114248814243775,1,1,1,1,1,1,1,1.6887719486206405,2,0,1,0,1,0,0,0,0,1,0
1,1,0,1.2032468084722354,1,0,1,1,1,1,1,0.5029942658978894,1,1,0,0,0,0,1,0,1,0,0
0,1,1,-0.22109245309688375,0,0,0,0,0,0,0,-1.3387808743535543,2,0,0,1,0,0,1,0,0,1,0
0,0,0,-1.2384776399319688,0,0,0,0,0,0,0,-0.6396038373419605,1,1,0,0,1,0,0,0,0,1,0
0,0,0,0.5114248814243775,0,0,1,1,0,0,1,0.7454642122249504,2,0,1,0,1,0,0,0,0,1,0
0,1,0,0.18586162163715025,0,1,0,1,0,1,0,0.2422560359434467,2,1,0,0,0,1,0,0,0,0,1
0,1,1,0.9590743636318149,0,1,0,1,1,0,1,1.0676503052896755,2,0,1,0,1,0,0,0,1,0,0
0,0,0,-0.4652648979373042,0,1,0,0,1,1,1,1.1639739825976858,2,0,1,0,1,0,0,0,1,0,0
0,0,0,-0.9129143801447416,1,0,0,0,1,1,0,1.1207944031147847,2,0,1,0,1,0,0,0,0,1,0
0,0,0,-0.18039704562348036,0,1,0,1,0,0,0,-0.3373467809616513,1,1,0,0,1,0,0,1,0,0,0
0,1,0,1.2846376234190422,0,0,1,1,0,0,0,-0.214451054741086,2,1,0,0,0,1,0,1,0,0,0
1,1,0,-0.7908281577245314,0,0,0,0,0,0,0,0.18745118506130304,1,0,1,0,1,0,0,1,0,0,0
1,0,0,-1.2384776399319688,0,0,0,0,0,0,1,0.1791474197761297,1,0,1,0,1,0,0,1,0,0,0
0,0,0,-0.7094373427777246,0,0,1,0,1,1,1,0.9696658749246302,1,0,1,0,1,0,0,0,1,0,0
1,1,0,0.06377539921694006,0,0,1,1,1,0,0,-0.020142947068030118,1,1,0,0,0,1,0,1,0,0,0
0,0,0,-1.2791730474053722,0,0,0,0,0,0,1,0.1426108525213668,1,0,1,0,1,0,0,0,0,1,0
0,1,0,-1.1977822324585654,1,0,0,1,0,0,0,-0.9867012262622052,0,1,0,0,1,0,0,0,0,0,1
0,0,1,-1.2791730474053722,0,0,0,0,0,0,0,-1.4965524147718476,1,0,0,1,1,0,0,0,0,0,1
0,1,1,-0.05831082320327015,0,1,0,0,0,1,1,0.8750029506736545,2,0,1,0,1,0,0,0,0,1,0
0,0,0,-0.9943051950915484,0,1,0,0,0,0,1,-1.1810093339352612,0,1,0,0,1,0,0,0,0,0,1
0,1,1,1.366028438365849,1,1,1,1,1,1,0,0.8334841242477878,2,1,0,0,0,0,1,0,1,0,0
0,1,1,-0.3024832680436906,1,1,1,0,1,1,1,-0.20614728945591265,0,1,0,0,1,0,0,0,1,0,0
0,1,1,1.6102008832062693,1,0,1,1,0,0,1,0.056251693555564385,2,1,0,0,0,0,1,0,1,0,0
0,0,1,0.3079478440573605,1,0,0,1,1,0,1,-0.02346445318209973,1,1,0,0,1,0,0,0,1,0,0
0,0,0,-1.2791730474053722,0,0,0,0,1,0,1,-0.373883348216414,1,1,0,0,1,0,0,0,0,0,1
1,0,0,-0.01761541572986675,0,0,1,0,0,0,1,0.5411915862096864,2,0,1,0,1,0,0,0,1,0,0
0,0,0,1.4881146607860591,0,0,0,0,0,0,1,-1.5114991922851597,1,0,0,1,0,0,1,1,0,0,0
0,1,0,0.06377539921694006,0,0,1,0,1,1,1,1.1706169948258247,2,0,1,0,1,0,0,0,0,1,0
0,1,0,1.1625514009988318,0,0,1,1,1,1,1,1.3798718800121923,2,0,1,0,1,0,0,0,0,1,0
0,0,0,0.8369881412116047,0,0,0,0,0,0,0,-1.4799448842015008,1,0,0,1,0,0,1,0,0,0,1
0,1,0,-0.5873511203575144,0,1,0,0,0,0,0,-0.26593439950916076,2,1,0,0,1,0,0,0,1,0,0
0,1,0,1.5288100682594625,1,1,1,1,0,1,0,1.2021713029094834,1,0,1,0,0,0,1,0,1,0,0
0,0,0,-1.157086824985162,0,1,0,0,1,1,1,0.12766407500805518,1,1,0,0,1,0,0,1,0,0,0
0,1,0,1.4067238458392524,0,1,1,0,0,1,1,0.9414330729550411,2,0,1,0,0,0,1,0,0,1,0
0,0,0,-0.6280465278309177,0,0,0,0,0,0,0,-1.5031954269999863,1,0,0,1,0,1,0,0,0,0,1
0,0,0,-1.1163914175117586,0,0,0,0,0,0,0,0.3585087499358733,2,0,1,0,1,0,0,0,0,1,0
0,0,0,0.7149019187913945,1,1,1,1,1,1,0,1.6455923691377388,2,0,1,0,0,1,0,0,1,0,0
0,1,1,-0.18039704562348036,0,0,0,0,0,0,0,-1.4915701556007437,1,0,0,1,0,1,0,0,0,0,1
0,0,0,-1.1163914175117586,0,0,0,0,1,0,0,0.5112980311830627,1,0,1,0,1,0,0,0,0,1,0
0,0,0,-1.2791730474053722,0,0,1,0,0,0,0,0.3834200457913932,1,0,1,0,1,0,0,0,0,1,0
0,0,0,-1.1163914175117586,0,0,0,0,0,0,1,0.1642006422628176,1,0,1,0,1,0,0,0,0,1,0
0,1,1,0.7962927337382013,0,0,0,0,0,0,0,-1.4849271433726048,1,0,0,1,0,0,1,1,0,0,0
1,1,0,0.3079478440573605,0,0,0,0,0,1,0,-0.29914946064985404,1,1,0,0,0,1,0,0,0,1,0
0,1,0,-0.4652648979373042,0,0,0,1,1,0,1,0.7056061388561183,1,0,1,0,1,0,0,0,0,1,0
0,1,1,-0.7908281577245314,0,0,0,0,0,0,0,-1.5031954269999863,1,0,0,1,0,0,1,0,0,0,1
0,1,1,0.14516621416374687,1,0,0,0,0,0,0,-0.45692100106814726,1,1,0,0,1,0,0,0,1,0,0
0,0,0,0.5521202888977809,0,0,0,0,0,0,1,-0.6512291087412029,1,1,0,0,1,0,0,0,1,0,0
0,0,0,-1.2384776399319688,0,0,0,0,0,0,1,0.21568398703089214,1,0,1,0,1,0,0,0,1,0,0
0,1,0,-0.34317867551709397,0,0,0,0,0,0,0,-1.4832663903155703,1,0,0,1,0,1,0,0,0,0,1
1,1,1,1.081160586052025,0,0,1,0,0,1,1,0.7952868039359904,2,0,1,0,1,0,0,0,1,0,0
0,0,0,0.7962927337382013,0,0,1,1,1,1,1,0.5362093270385827,2,1,0,0,0,0,1,1,0,0,0
0,0,0,1.1218559935254284,0,1,0,0,1,0,1,0.8334841242477878,2,0,1,0,1,0,0,1,0,0,0
0,1,1,-1.2791730474053722,1,0,1,0,1,1,1,1.2503331415634886,2,0,1,0,1,0,0,0,0,1,0
0,0,1,-1.2791730474053722,0,0,0,0,0,0,0,-1.3304771090683811,0,1,0,0,1,0,0,0,0,1,0
0,1,1,-1.1977822324585654,0,0,0,0,0,0,0,-1.4998739208859169,1,0,0,1,1,0,0,0,0,0,1
0,0,1,-1.2791730474053722,0,0,0,0,0,0,1,-1.3122088254409998,0,1,0,0,1,0,0,0,0,1,0
0,0,0,0.6335111038445876,0,0,0,0,0,0,0,-1.4899094025437087,1,0,0,1,0,1,0,1,0,0,0
0,1,0,0.34864325153076386,1,1,1,0,1,1,1,1.3167632638448754,1,0,1,0,0,1,0,1,0,0,0
0,1,0,1.569505475732866,0,1,1,1,1,1,1,0.4747614639282998,1,1,0,0,0,0,1,0,1,0,0
0,0,0,-1.0350006025649519,0,0,0,0,0,0,1,0.1691829014339218,1,0,1,0,1,0,0,0,0,0,1
0,1,0,1.569505475732866,1,1,1,1,1,1,0,0.06621621189777228,0,1,0,0,0,1,0,1,0,0,0
1,1,1,-0.18039704562348036,0,1,0,0,0,1,1,-0.8538409816994321,0,1,0,0,0,1,0,0,0,1,0
0,1,1,-0.09900623067667355,0,0,0,0,0,0,1,-1.3188518376691383,2,0,0,1,0,0,1,0,0,0,1
0,1,1,-0.7094373427777246,0,0,0,0,0,0,0,-1.4865878964296397,1,0,0,1,1,0,0,0,0,0,1
1,1,1,-1.157086824985162,0,0,0,0,0,0,0,-0.6246570598286484,1,1,0,0,1,0,0,0,0,1,0
0,1,1,-0.18039704562348036,0,0,0,0,1,1,0,0.9098787648713824,2,0,1,0,0,1,0,1,0,0,0
1,1,0,0.14516621416374687,0,1,0,0,1,1,1,1.0527035277763634,2,0,1,0,1,0,0,0,0,1,0
0,1,0,-0.7094373427777246,0,0,0,0,0,0,1,-1.5065169331140555,1,0,0,1,1,0,0,0,1,0,0
1,1,0,1.6102008832062693,0,1,1,0,1,1,1,1.3067987455026675,2,0,1,0,0,0,1,1,0,0,0
0,0,0,-1.2384776399319688,0,0,1,0,1,1,1,-0.5167081111213951,0,1,0,0,1,0,0,0,0,1,0
0,0,0,-0.4652648979373042,0,0,0,0,0,0,1,0.2954001337685563,2,0,1,0,1,0,0,0,0,1,0
0,1,0,0.34864325153076386,0,1,1,1,0,0,1,0.7105883980272225,1,0,1,0,0,1,0,1,0,0,0
1,0,0,-0.42456949046390074,0,0,0,0,0,0,1,0.31865067656704166,2,0,1,0,1,0,0,1,0,0,0
0,1,0,1.4474192533126558,1,1,1,0,1,1,1,1.5276789020882777,2,0,1,0,0,0,1,1,0,0,0
1,0,0,-0.5059603054107076,1,0,0,0,0,0,1,0.4764222169853349,2,0,1,0,1,0,0,0,0,1,0
1,1,0,-0.05831082320327015,0,0,0,0,0,1,1,0.6657480654872863,2,0,1,0,1,0,0,0,0,1,0
1,1,0,1.569505475732866,1,1,1,1,0,0,0,-0.6130317884294056,0,1,0,0,0,0,1,0,1,0,0
1,1,0,1.5288100682594625,0,1,0,1,1,1,1,1.3167632638448754,2,0,1,0,0,0,1,1,0,0,0
0,0,0,-1.2791730474053722,0,0,0,0,0,0,1,0.17748666671909513,1,0,1,0,1,0,0,0,0,0,1
0,1,1,-1.2384776399319688,0,0,0,0,0,0,1,-1.3421023804676238,0,1,0,0,1,0,0,0,0,0,1
0,1,1,0.8369881412116047,0,0,1,0,0,1,0,-0.13971716717452606,1,1,0,0,0,1,0,0,1,0,0
0,0,0,-1.2791730474053722,0,0,0,0,0,0,0,-1.4816056372585356,1,0,0,1,1,0,0,0,0,0,1
1,1,0,0.7149019187913945,0,1,0,0,1,0,1,0.772036261137505,2,0,1,0,1,0,0,0,0,1,0
0,0,0,-0.7908281577245314,0,0,0,0,0,0,1,-1.3587099110379703,0,1,0,0,1,0,0,0,0,1,0
0,1,0,1.6102008832062693,0,1,0,0,1,1,1,1.1490272050843742,2,0,1,0,0,0,1,0,0,1,0
0,1,0,0.7149019187913945,0,0,0,1,1,1,0,1.1490272050843742,2,0,1,0,0,1,0,0,0,1,0
1,0,0,0.2672524365839571,0,0,1,0,1,1,1,1.1606524764836168,2,0,1,0,1,0,0,0,0,1,0
0,1,1,0.14516621416374687,1,1,1,1,1,1,1,0.9331293076698678,2,1,0,0,0,0,1,0,1,0,0
0,0,0,0.14516621416374687,0,0,0,0,0,0,1,-1.5364104881406797,1,0,0,1,0,0,1,0,1,0,0
1,1,0,1.2032468084722354,0,1,1,0,1,0,1,1.100865366430369,2,0,1,0,0,1,0,0,1,0,0
0,1,1,1.1625514009988318,0,0,0,0,0,0,1,-1.3520668988098317,2,0,0,1,0,0,1,0,0,0,1
0,0,0,-0.9129143801447416,0,0,0,0,0,0,0,-1.4766233780874316,1,0,0,1,0,1,0,0,0,0,1
0,0,0,-0.9943051950915484,1,0,0,1,0,1,0,0.0413049160422523,1,1,0,0,1,0,0,1,0,0,0
0,1,0,1.081160586052025,1,1,1,0,1,1,1,1.472874051206134,2,0,1,0,0,1,0,0,1,0,0
0,1,1,1.569505475732866,0,0,0,0,0,0,0,-1.4932309086577782,1,0,0,1,0,0,1,1,0,0,0
0,0,1,0.06377539921694006,1,0,1,1,1,0,0,0.09444901386736188,1,1,0,0,0,0,1,0,1,0,0
0,0,0,-0.6687419353043211,0,0,0,0,0,0,0,-1.4965524147718476,1,0,0,1,1,0,0,0,1,0,0
1,1,1,-0.34317867551709397,0,0,1,0,1,1,1,1.054364280833398,1,0,1,0,0,0,1,0,0,1,0
0,1,0,1.2439422159456388,0,1,1,0,1,1,1,1.2486723885064541,2,0,1,0,1,0,0,0,0,1,0
0,0,0,-1.1977822324585654,0,0,1,1,1,0,1,0.8318233711907528,1,0,1,0,1,0,0,0,0,0,1
0,1,0,0.38933865900416725,1,1,0,1,0,0,1,0.05293018744149525,2,1,0,0,1,0,0,0,1,0,0
1,0,0,1.4881146607860591,1,0,1,1,1,1,0,1.5094106184608964,2,0,1,0,0,0,1,0,1,0,0
1,1,1,0.5521202888977809,1,1,1,0,1,0,1,1.1922067845672755,2,0,1,0,1,0,0,0,0,1,0
0,0,0,-1.2791730474053722,0,0,0,0,0,0,0,-0.6180140476005096,1,1,0,0,1,0,0,0,1,0,0
0,1,1,-0.42456949046390074,0,0,0,0,0,0,0,-1.519802957570333,1,0,0,1,1,0,0,1,0,0,0
0,0,0,-1.2791730474053722,0,0,1,1,1,1,1,0.3551872438218041,1,1,0,0,1,0,0,0,0,1,0
0,1,0,1.2846376234190422,0,0,0,0,0,0,0,-1.3039050601558264,2,0,0,1,0,0,1,0,0,0,1
0,1,0,-0.9943051950915484,0,0,0,0,0,0,0,-1.4832663903155703,1,0,0,1,1,0,0,1,0,0,0
0,1,1,0.34864325153076386,1,0,1,0,0,0,0,-0.9767367079199974,0,1,0,0,0,1,0,0,1,0,0
0,0,0,0.18586162163715025,0,0,1,0,1,1,1,1.1706169948258247,2,0,1,0,1,0,0,0,0,1,0
0,0,0,-1.0350006025649519,0,0,0,1,1,1,1,0.326954441852215,2,1,0,0,1,0,0,0,0,1,0
1,1,0,1.6102008832062693,1,1,1,0,1,1,1,1.486160075662411,2,0,1,0,0,0,1,1,0,0,0
0,0,0,1.1218559935254284,0,1,1,0,1,1,0,1.3250670291300486,2,0,1,0,0,0,1,0,0,1,0
0,0,0,-1.2384776399319688,0,0,0,0,0,0,0,-0.6462468495700989,1,1,0,0,1,0,0,0,0,1,0
0,1,0,1.3253330308924456,0,1,0,0,0,1,1,0.8583954201033078,2,0,1,0,1,0,0,0,0,1,0
0,0,0,0.3079478440573605,1,1,0,1,0,0,1,-0.09653758769162486,1,1,0,0,1,0,0,0,0,0,1
0,1,0,-0.13970163815007697,1,1,0,0,0,0,1,0.6524620410310092,2,0,1,0,1,0,0,0,0,1,0
0,1,0,-0.38387408299049736,0,0,1,0,0,1,0,0.8417878895329612,2,0,1,0,1,0,0,0,0,0,1
0,0,0,-1.2791730474053722,0,0,0,0,0,0,0,0.15257537086357514,1,0,1,0,1,0,0,0,0,0,1
0,1,1,1.1218559935254284,1,1,0,0,1,0,0,0.9746481340957344,2,0,1,0,0,1,0,1,0,0,0
0,0,0,1.1218559935254284,0,0,0,0,0,0,0,-1.4683196128022582,1,0,0,1,0,0,1,0,0,0,1
0,0,1,1.366028438365849,0,0,0,0,0,0,0,-1.4899094025437087,1,0,0,1,0,0,1,0,1,0,0
0,1,1,-0.7094373427777246,0,0,0,0,0,0,0,-1.5098384392281248,1,0,0,1,0,0,1,0,0,0,1
0,1,0,0.3079478440573605,1,1,1,0,0,0,1,-0.7458920329921789,0,1,0,0,0,1,0,0,0,1,0
1,0,0,-1.2791730474053722,0,0,0,0,0,1,1,0.6723910777154251,2,0,1,0,1,0,0,0,0,1,0
0,1,1,0.38933865900416725,0,0,0,0,0,0,0,-1.4649981066881888,1,0,0,1,0,0,1,0,0,0,1
0,1,1,0.9590743636318149,0,1,1,0,0,0,1,-0.953486165121512,0,1,0,0,0,1,0,0,1,0,0
1,0,0,-1.1163914175117586,0,0,1,0,0,0,1,0.35684799687883867,1,0,1,0,1,0,0,0,1,0,0
0,1,0,1.081160586052025,0,0,0,0,0,1,0,0.6889986082857718,2,0,1,0,0,1,0,0,0,1,0
0,0,0,0.9997697711052183,0,0,0,0,0,0,0,-1.4633373536311542,1,0,0,1,0,0,1,0,0,0,1
0,0,0,-1.2791730474053722,0,0,0,0,1,1,0,0.8550739139892383,1,0,1,0,1,0,0,0,0,1,0
0,0,0,-1.2791730474053722,0,0,0,0,0,0,0,-1.4865878964296397,1,0,0,1,1,0,0,0,0,0,1
0,0,0,-0.9129143801447416,0,0,0,1,0,0,1,-1.1693840625360186,0,1,0,0,0,0,1,0,0,0,1
1,1,0,-1.1977822324585654,0,0,0,1,1,0,1,0.634193757403628,1,0,1,0,1,0,0,0,0,0,1
0,1,1,-0.09900623067667355,0,1,1,1,1,1,0,0.5312270678674785,1,1,0,0,0,0,1,1,0,0,0
0,0,0,-0.7908281577245314,0,0,0,1,1,1,1,1.1357411806280968,2,0,1,0,1,0,0,0,0,0,1
0,1,1,-0.5873511203575144,0,0,0,0,0,0,0,-1.3039050601558264,0,1,0,0,1,0,0,0,1,0,0
1,1,0,1.1218559935254284,0,1,1,0,1,1,1,1.100865366430369,1,0,1,0,0,1,0,0,0,1,0
0,1,0,0.8369881412116047,0,1,1,1,1,1,1,1.4662310389779951,2,0,1,0,0,1,0,1,0,0,0
0,0,0,-0.5873511203575144,0,1,0,0,0,0,1,0.5262448086963748,2,0,1,0,1,0,0,0,0,1,0
0,0,0,-1.1977822324585654,0,0,0,0,0,0,0,-1.4899094025437087,1,0,0,1,1,0,0,0,0,0,1
0,0,0,0.4707294739509741,0,1,1,0,0,0,1,0.6640873124302518,2,0,1,0,1,0,0,1,0,0,0
0,1,0,-0.5873511203575144,0,0,0,0,0,0,1,0.27713185014117503,2,0,1,0,1,0,0,0,0,1,0
0,0,0,-1.2384776399319688,0,1,0,0,1,1,0,1.0244707258067745,1,0,1,0,1,0,0,0,0,1,0
0,1,1,-0.38387408299049736,0,1,0,1,1,0,1,0.1558968769776443,2,1,0,0,1,0,0,0,1,0,0
0,0,0,-0.9129143801447416,1,0,0,0,0,0,1,-0.4369919643837312,1,1,0,0,1,0,0,0,0,0,1
1,0,0,-1.2791730474053722,0,0,0,0,0,0,1,0.15921838309171343,1,0,1,0,1,0,0,0,0,1,0
0,0,0,-1.0756960100383552,1,1,0,0,0,0,0,-0.28420268313654196,1,1,0,0,1,0,0,0,0,1,0
0,0,0,-1.157086824985162,0,0,0,0,1,0,1,0.4714399578142307,1,0,1,0,1,0,0,0,0,1,0
0,0,0,1.1625514009988318,0,0,1,0,0,1,0,0.8102335814493025,2,0,1,0,1,0,0,0,0,0,1
0,1,0,1.4067238458392524,1,1,1,1,0,0,0,0.20239796257461512,2,1,0,0,0,0,1,0,1,0,0
0,0,0,-0.8315235651979348,1,0,0,1,1,1,1,1.1324196745140276,1,0,1,0,1,0,0,1,0,0,0
0,1,1,-1.3198684548787756,0,0,0,0,0,0,0,-1.4932309086577782,1,0,0,1,0,0,1,0,0,0,1
0,0,0,0.4707294739509741,0,0,0,0,0,0,0,0.13430708723619347,1,0,1,0,1,0,0,0,1,0,0
1,1,0,0.9997697711052183,0,1,0,0,0,1,1,0.8318233711907528,2,0,1,0,1,0,0,0,0,1,0
0,0,0,0.34864325153076386,0,1,0,0,0,0,1,-0.2825419300795074,2,1,0,0,0,1,0,0,1,0,0
1,0,0,0.4707294739509741,1,1,1,0,1,1,1,1.4944638409475843,2,0,1,0,0,1,0,0,1,0,0
0,1,1,-0.750132750251128,1,1,0,0,0,1,1,-0.1131451182619715,1,1,0,0,0,0,1,1,0,0,0
0,1,1,0.9997697711052183,1,0,0,0,1,1,1,0.1758259136620601,1,1,0,0,0,1,0,1,0,0,0
1,0,0,-0.01761541572986675,0,0,0,0,0,1,1,0.48804748838457734,1,0,1,0,1,0,0,0,0,1,0
0,1,1,1.0404651785786216,1,1,1,0,1,0,0,-0.4917968152658751,0,1,0,0,0,1,0,0,0,0,1
0,0,1,-1.157086824985162,1,0,0,0,0,0,0,-0.5133866050073257,1,1,0,0,1,0,0,0,0,1,0
0,1,0,1.4881146607860591,0,1,1,1,1,1,1,-0.13307415494638755,0,1,0,0,0,1,0,0,1,0,0
0,0,0,-1.2791730474053722,0,0,0,0,0,1,0,-0.9601291773496508,0,1,0,0,1,0,0,0,0,1,0
0,1,0,-1.1977822324585654,0,0,0,0,0,0,0,-1.4882486494866742,1,0,0,1,1,0,0,1,0,0,0
0,1,1,1.2032468084722354,1,1,0,0,1,1,1,1.3516390780426033,2,0,1,0,1,0,0,0,0,1,0
0,0,1,-0.546655712884111,1,1,1,0,0,0,1,-0.13971716717452606,1,1,0,0,1,0,0,0,0,1,0
0,0,0,-0.8315235651979348,0,0,0,0,0,0,0,-1.5065169331140555,1,0,0,1,1,0,0,0,0,0,1
0,1,0,-0.18039704562348036,0,1,1,0,0,1,0,0.8334841242477878,1,0,1,0,1,0,0,0,1,0,0
0,1,0,0.8369881412116047,0,1,0,0,1,1,1,0.9779696402098036,1,0,1,0,0,1,0,1,0,0,0
0,1,1,-0.5873511203575144,1,0,1,1,1,1,0,0.6126039676621772,1,1,0,0,1,0,0,0,0,1,0
0,1,0,-0.9129143801447416,0,0,0,0,1,0,1,0.5029942658978894,1,0,1,0,1,0,0,0,0,1,0
0,1,0,-1.1977822324585654,0,0,0,0,0,1,1,-0.9850404732051707,0,1,0,0,1,0,0,0,0,1,0
1,1,0,-1.0756960100383552,0,0,1,0,1,1,1,1.0277922319208435,1,0,1,0,1,0,0,0,0,1,0
0,1,0,1.0404651785786216,0,0,1,1,1,1,1,1.2387078701642458,2,0,1,0,1,0,0,0,1,0,0
0,1,1,-0.38387408299049736,0,0,0,0,0,0,1,-0.546601666148019,2,1,0,0,0,1,0,0,1,0,0
0,1,0,1.569505475732866,1,1,0,1,1,0,0,0.2887571215404175,2,1,0,0,0,0,1,0,1,0,0
0,0,0,1.2846376234190422,0,0,1,1,1,1,1,1.323406276073014,2,0,1,0,0,1,0,0,1,0,0
0,1,1,0.5521202888977809,0,0,0,0,0,0,0,-1.5081776861710903,1,0,0,1,0,0,1,0,0,0,1
0,1,0,1.6102008832062693,1,1,1,1,1,1,1,1.7385945403316805,2,0,1,0,0,0,1,0,1,0,0
0,1,0,0.5928156963711843,0,1,0,0,1,0,1,-0.20614728945591265,1,1,0,0,1,0,0,1,0,0,0
0,1,0,1.5288100682594625,1,1,0,1,0,0,1,0.7703755080804704,2,0,1,0,0,0,1,0,1,0,0
0,1,1,-0.6280465278309177,0,0,0,0,0,0,0,-1.3520668988098317,2,0,0,1,1,0,0,0,0,0,1
0,1,1,1.2439422159456388,0,1,1,1,0,0,0,-0.8455372164142587,0,1,0,0,0,0,1,1,0,0,0
0,0,0,-0.7094373427777246,0,0,0,0,0,0,0,-1.5015346739429516,1,0,0,1,1,0,0,0,0,0,1
0,1,1,1.6102008832062693,0,0,0,0,0,0,0,-1.340441627410589,2,0,0,1,0,0,1,1,0,0,0
0,0,0,-0.6687419353043211,0,1,0,0,0,1,1,0.7122491510842571,1,0,1,0,1,0,0,0,0,1,0
0,1,0,1.6102008832062693,0,0,0,0,0,0,0,-1.2972620479276877,2,0,0,1,0,0,1,0,1,0,0
0,1,0,1.6102008832062693,0,1,0,0,1,1,1,1.0925616011451955,2,0,1,0,0,0,1,0,1,0,0
0,0,0,-1.2791730474053722,0,0,0,0,0,0,0,-1.4666588597452237,1,0,0,1,1,0,0,0,0,1,0
0,0,0,-1.157086824985162,0,0,0,1,1,1,1,1.1971890437383792,2,0,1,0,1,0,0,0,0,0,1
0,0,0,-1.1977822324585654,0,0,0,0,1,0,1,0.48472598227050817,1,0,1,0,1,0,0,0,0,1,0
0,0,0,-1.2791730474053722,0,0,0,0,0,0,1,-0.6396038373419605,1,1,0,0,1,0,0,0,0,0,1
0,0,0,1.2439422159456388,1,1,1,1,1,1,0,1.4745348042631685,1,0,1,0,0,0,1,0,1,0,0
0,0,0,0.06377539921694006,1,1,1,1,1,1,0,1.7087009853050563,2,0,1,0,0,1,0,0,1,0,0
0,1,1,1.4067238458392524,1,1,0,1,0,0,0,0.821858852848545,2,0,1,0,0,1,0,0,0,1,0
0,0,0,-1.1163914175117586,0,0,0,1,0,0,1,0.3601695029929083,1,0,1,0,1,0,0,0,0,0,1
0,0,0,-0.6280465278309177,0,0,0,0,0,0,0,-1.4982131678288821,1,0,0,1,1,0,0,0,1,0,0
0,0,0,-1.157086824985162,0,0,0,0,0,0,1,-1.3122088254409998,2,0,0,1,0,0,1,0,1,0,0
0,0,0,1.1218559935254284,0,1,0,0,1,1,1,-0.46522476635332055,0,1,0,0,1,0,0,0,0,1,0
1,0,1,0.9590743636318149,1,0,0,0,1,1,0,0.9962379238371848,1,0,1,0,0,1,0,0,1,0,0
0,0,0,-1.2791730474053722,0,1,0,0,0,0,0,-0.4702070255244245,1,1,0,0,1,0,0,0,0,0,1
1,0,0,0.8776835486850081,1,1,0,1,1,1,0,0.5860319187496227,2,1,0,0,0,1,0,1,0,0,0
0,1,1,1.4067238458392524,1,1,1,1,0,0,1,0.1509146178065401,2,1,0,0,0,1,0,0,1,0,0
0,1,0,-0.3024832680436906,0,0,0,1,1,1,1,1.0078631952364276,1,0,1,0,1,0,0,0,0,1,0
0,0,0,-0.7908281577245314,0,0,0,0,1,0,1,0.5677636351222415,1,0,1,0,1,0,0,0,0,0,1
0,1,1,-0.9943051950915484,0,0,0,0,0,0,1,-1.5098384392281248,1,0,0,1,1,0,0,0,0,0,1
0,0,1,0.9997697711052183,0,0,0,0,0,0,1,-1.5015346739429516,1,0,0,1,0,0,1,0,0,0,1
0,0,0,-0.9943051950915484,0,0,1,1,0,1,0,-0.02346445318209973,1,1,0,0,1,0,0,0,0,0,1
1,0,0,1.2439422159456388,1,1,1,0,1,1,1,1.4811778164913072,2,0,1,0,1,0,0,1,0,0,0
0,1,1,1.6102008832062693,0,0,0,0,0,0,1,-1.3188518376691383,2,0,0,1,0,0,1,0,1,0,0
0,1,0,1.2439422159456388,1,1,1,1,0,1,0,0.5046550189549239,2,1,0,0,0,1,0,0,1,0,0
1,1,0,1.366028438365849,0,1,1,0,1,0,1,0.20073720951758006,2,1,0,0,0,1,0,1,0,0,0
0,1,0,0.6742065113179911,0,1,1,0,1,1,0,1.1490272050843742,1,0,1,0,1,0,0,0,0,1,0
1,0,0,-1.2791730474053722,0,0,0,0,0,0,1,0.19077269117537218,1,0,1,0,1,0,0,0,0,1,0
0,0,0,1.366028438365849,0,0,0,0,0,0,0,-1.3072265662698956,2,0,0,1,0,1,0,1,0,0,0
0,0,0,-0.4652648979373042,0,0,0,0,0,0,1,0.12766407500805518,1,0,1,0,1,0,0,0,0,1,0
0,1,0,-0.5059603054107076,0,0,0,0,0,0,1,-1.340441627410589,0,1,0,0,1,0,0,0,0,1,0
0,0,0,1.366028438365849,1,0,1,1,1,1,1,-0.11480587131900608,0,1,0,0,0,0,1,1,0,0,0
0,0,0,-0.38387408299049736,1,0,0,0,1,0,1,0.8384663834188916,2,0,1,0,1,0,0,1,0,0,0
1,0,0,-0.5873511203575144,0,1,0,1,0,0,1,0.6856771021717025,2,0,1,0,1,0,0,0,0,1,0
0,1,1,1.4067238458392524,1,0,0,1,1,1,0,1.3914971514114354,2,0,1,0,0,0,1,0,1,0,0
1,0,0,1.4067238458392524,0,0,0,0,0,0,1,0.36183025604994284,2,0,1,0,1,0,0,0,0,0,1
0,1,1,-1.0756960100383552,0,0,0,0,0,0,1,-1.4749626250303969,1,0,0,1,0,0,1,0,1,0,0
0,1,1,0.5928156963711843,1,1,0,1,1,1,1,0.6806948430005983,2,1,0,0,0,0,1,0,1,0,0
0,0,0,-0.8722189726713382,0,1,0,1,0,0,1,-0.968432942634824,0,1,0,0,1,0,0,0,0,1,0
0,1,1,-0.42456949046390074,0,1,0,0,1,1,1,0.1558968769776443,1,1,0,0,0,1,0,1,0,0,0
0,0,0,0.9590743636318149,0,0,0,0,0,0,1,-1.290619035699549,2,0,0,1,0,0,1,1,0,0,0
0,0,0,0.2672524365839571,0,0,1,1,0,0,1,0.519601796468236,1,0,1,0,0,0,1,0,0,1,0
0,0,0,0.6742065113179911,1,1,1,1,0,0,0,0.08614524858218854,1,1,0,0,0,0,1,1,0,0,0
0,1,0,0.5928156963711843,0,0,0,0,1,1,1,1.0095239482934624,2,0,1,0,0,1,0,0,1,0,0
1,0,0,-1.0756960100383552,0,0,0,0,1,1,1,-0.6778011576537577,0,1,0,0,1,0,0,0,0,1,0
0,0,0,0.9590743636318149,0,0,0,0,1,1,1,-0.6628543801404456,0,1,0,0,1,0,0,0,1,0,0
1,0,0,-1.1163914175117586,0,0,0,0,0,1,0,0.4697792047571961,1,0,1,0,1,0,0,0,0,1,0
0,0,0,-1.2791730474053722,0,0,0,0,0,0,0,-1.4982131678288821,1,0,0,1,1,0,0,0,0,0,1
0,0,0,-0.9129143801447416,0,1,0,1,0,1,0,0.0031075957304552886,1,1,0,0,0,1,0,0,0,0,1
0,0,0,-1.1163914175117586,0,1,0,0,0,0,0,-0.4735285316384939,1,1,0,0,1,0,0,1,0,0,0
0,0,0,0.38933865900416725,0,0,0,0,0,0,1,-1.5031954269999863,1,0,0,1,0,1,0,0,0,0,1
0,0,0,-1.157086824985162,0,0,0,0,0,0,0,-0.43367045826966183,2,1,0,0,1,0,0,0,1,0,0
0,0,1,-0.5059603054107076,0,0,0,0,0,0,1,-1.5081776861710903,1,0,0,1,1,0,0,0,0,1,0
0,1,1,-0.09900623067667355,1,0,0,1,0,1,0,0.04960868132742563,1,1,0,0,1,0,0,1,0,0,0
0,0,1,-1.2791730474053722,1,1,0,1,0,0,1,-0.1596462038589421,1,1,0,0,1,0,0,0,0,1,0
0,1,1,0.3079478440573605,0,0,1,0,0,0,1,0.544513092323756,2,0,1,0,1,0,0,0,0,1,0
0,0,0,-0.5873511203575144,1,0,0,0,1,1,1,1.0377567502630514,1,0,1,0,1,0,0,0,0,1,0
0,1,0,1.6102008832062693,1,1,1,1,1,1,0,0.772036261137505,2,1,0,0,0,0,1,1,0,0,0
0,1,1,0.9997697711052183,0,1,1,0,1,1,1,1.0875793419740913,1,0,1,0,0,1,0,0,1,0,0
0,0,0,-0.953609787618145,0,1,1,0,0,0,0,0.5229233025823052,1,0,1,0,1,0,0,0,0,1,0
1,1,1,1.1218559935254284,1,1,1,1,0,1,1,0.3335974540803533,1,1,0,0,0,1,0,0,1,0,0
0,1,1,-1.1163914175117586,1,0,1,0,0,0,1,0.6541227940880439,2,0,1,0,1,0,0,0,0,1,0
0,0,0,-0.8315235651979348,0,0,0,0,0,0,1,-0.656211367912307,1,1,0,0,1,0,0,0,0,1,0
0,0,0,-1.2384776399319688,0,1,0,0,0,0,1,-0.5050828397221524,1,1,0,0,1,0,0,0,0,0,1
0,1,0,-1.0756960100383552,0,0,0,0,1,0,1,0.5993179432058997,2,0,1,0,1,0,0,0,0,1,0
0,0,0,-0.13970163815007697,0,0,0,0,0,0,0,-1.5181422045132982,1,0,0,1,0,1,0,0,0,0,1
0,0,0,-0.7094373427777246,0,1,0,1,0,1,0,1.026131478863809,2,0,1,0,1,0,0,0,0,1,0
0,1,0,1.6102008832062693,1,1,0,1,0,1,1,1.1872245253961713,2,0,1,0,0,0,1,1,0,0,0
0,1,1,0.06377539921694006,0,0,1,0,0,1,1,0.8384663834188916,2,0,1,0,1,0,0,0,1,0,0
0,0,0,-1.2384776399319688,0,0,0,0,0,0,1,0.16253988920578305,1,0,1,0,1,0,0,0,0,1,0
0,0,0,-0.546655712884111,0,0,0,0,0,1,1,0.7039453857990838,2,0,1,0,1,0,0,1,0,0,0
1,1,0,-0.01761541572986675,0,0,1,0,0,0,0,0.48140447615643855,2,0,1,0,1,0,0,0,0,0,1
0,0,0,0.7962927337382013,1,1,0,1,0,0,0,-0.8538409816994321,0,1,0,0,0,0,1,0,0,0,1
0,1,0,0.5928156963711843,1,0,1,1,1,1,1,1.5293396551453122,2,0,1,0,0,1,0,0,1,0,0
0,0,0,0.7555973262647979,0,0,0,0,1,1,0,0.7554287305671583,1,0,1,0,0,1,0,0,1,0,0
0,0,0,1.3253330308924456,0,1,1,1,0,1,1,0.3120076643389029,2,1,0,0,0,0,1,0,1,0,0
0,1,1,1.2032468084722354,0,0,0,0,0,0,1,-1.3470846396387277,2,0,0,1,0,0,1,1,0,0,0
0,0,0,-1.157086824985162,0,0,0,0,1,0,0,0.4332426375024332,1,0,1,0,1,0,0,0,0,1,0
1,1,0,-0.8315235651979348,0,1,0,0,1,1,1,1.2137965743087258,2,0,1,0,1,0,0,0,0,1,0
0,1,0,0.9590743636318149,0,0,1,1,1,1,1,1.125776662285889,1,0,1,0,1,0,0,0,0,1,0
0,1,1,0.5114248814243775,0,1,1,0,1,1,0,0.46313619252905736,2,1,0,0,0,1,0,0,1,0,0
0,0,0,-0.5873511203575144,0,0,1,0,0,1,1,0.8600561731603424,2,0,1,0,1,0,0,0,1,0,0
0,0,0,-1.2791730474053722,0,1,0,0,0,0,1,-0.5382979008628457,1,1,0,0,1,0,0,0,0,1,0
1,1,0,-0.34317867551709397,0,0,0,0,1,1,1,0.9547190974113181,2,0,1,0,1,0,0,0,0,1,0
0,1,1,-0.8315235651979348,0,0,0,0,0,0,1,-1.4849271433726048,1,0,0,1,1,0,0,0,1,0,0
1,0,0,-0.05831082320327015,0,0,0,0,0,0,1,0.302043145996695,2,0,1,0,1,0,0,0,0,1,0
0,1,1,-0.01761541572986675,1,1,1,0,0,1,0,0.9962379238371848,1,0,1,0,0,1,0,0,0,0,1
0,1,0,0.023079991743536653,0,0,0,0,0,0,0,-1.4865878964296397,1,0,0,1,1,0,0,0,0,0,1
0,1,0,0.5521202888977809,0,1,1,0,1,0,1,0.9912556646660811,2,0,1,0,0,1,0,0,0,1,0
0,0,0,-0.38387408299049736,0,0,0,0,1,1,1,0.0031075957304552886,1,1,0,0,0,1,0,1,0,0,0
1,0,0,0.9183789561584115,1,1,1,1,1,1,1,1.7170047505902295,2,0,1,0,1,0,0,0,0,1,0
0,1,1,0.7555973262647979,0,0,0,1,0,0,1,0.5295663148104439,2,0,1,0,1,0,0,0,0,1,0
0,0,0,1.2032468084722354,0,0,0,0,0,0,0,-1.4932309086577782,1,0,0,1,0,0,1,1,0,0,0
1,0,0,-1.2791730474053722,0,0,1,0,0,1,1,-0.8355726980720508,0,1,0,0,1,0,0,0,0,1,0
0,1,1,-0.22109245309688375,0,1,1,0,0,1,1,-0.6296393189997522,0,1,0,0,0,1,0,0,1,0,0
0,1,0,1.6102008832062693,0,0,0,0,0,0,1,-1.2889582826425143,2,0,0,1,0,0,1,0,0,0,1
0,1,0,-0.01761541572986675,0,1,0,0,1,1,1,1.1307589214569926,2,0,1,0,1,0,0,0,1,0,0
0,0,0,-0.6280465278309177,0,0,0,0,0,0,0,-1.3288163560113464,2,0,0,1,1,0,0,0,0,0,1
0,1,1,-0.42456949046390074,0,1,0,1,0,0,0,-0.32073925039130463,1,1,0,0,1,0,0,0,0,1,0
0,0,0,1.366028438365849,1,1,1,0,0,0,1,-0.12144888354714484,1,1,0,0,0,0,1,1,0,0,0
1,0,0,0.38933865900416725,0,1,1,0,1,1,1,1.3267277821870833,2,0,1,0,1,0,0,1,0,0,0
0,0,0,0.06377539921694006,1,1,0,1,0,0,1,-0.013499934839891363,2,1,0,0,0,1,0,0,0,0,1
0,0,0,-0.42456949046390074,0,1,0,0,0,0,1,0.4664576986431265,2,0,1,0,1,0,0,0,0,0,1
0,1,0,0.8369881412116047,0,0,0,1,0,1,1,0.8750029506736545,2,0,1,0,0,1,0,0,0,1,0
0,1,1,1.3253330308924456,1,0,1,0,1,1,1,1.3117810046737712,2,0,1,0,0,0,1,0,1,0,0
0,1,1,1.1218559935254284,1,0,1,0,1,0,1,1.016166960521601,2,0,1,0,0,1,0,1,0,0,0
1,0,0,-0.9943051950915484,1,0,0,1,1,1,0,1.178920760110998,1,0,1,0,1,0,0,0,1,0,0
0,0,0,0.5521202888977809,1,0,0,0,1,0,1,0.8085728283922679,2,0,1,0,1,0,0,0,1,0,0
1,1,0,0.22655702911055367,0,0,0,0,0,0,1,0.3369189601944229,2,0,1,0,1,0,0,1,0,0,0
0,0,0,-0.9943051950915484,0,0,0,0,0,1,1,0.722213669426465,2,0,1,0,1,0,0,0,0,1,0
0,0,0,1.366028438365849,0,1,0,1,1,1,1,1.3101202516167365,2,0,1,0,0,1,0,0,0,1,0
0,1,1,0.3079478440573605,0,0,0,0,0,0,1,-1.3288163560113464,2,0,0,1,0,0,1,0,0,0,1
0,1,1,1.6102008832062693,1,1,1,0,1,1,1,1.447962755350614,2,0,1,0,0,0,1,0,1,0,0
1,0,0,-0.9943051950915484,0,0,1,0,0,0,1,0.5461738453807906,2,0,1,0,1,0,0,0,0,1,0
0,0,0,-0.6280465278309177,0,0,0,0,0,0,0,-1.4832663903155703,1,0,0,1,0,1,0,0,0,0,1
0,1,1,-1.2384776399319688,0,0,0,0,0,0,0,-1.4932309086577782,1,0,0,1,0,1,0,0,0,0,1
0,1,1,-1.3198684548787756,0,0,0,0,0,0,0,-1.4882486494866742,1,0,0,1,0,0,1,0,0,0,1
0,0,0,1.4474192533126558,1,0,1,1,0,0,0,-0.8604839939275708,0,1,0,0,0,0,1,0,0,0,1
0,0,0,1.2032468084722354,1,1,1,0,0,0,0,0.8600561731603424,2,0,1,0,1,0,0,1,0,0,0
0,1,1,-0.34317867551709397,0,0,0,0,0,0,0,-1.4982131678288821,1,0,0,1,0,0,1,0,0,0,1
0,0,1,-0.42456949046390074,0,0,0,0,0,0,1,-1.469980365859293,1,0,0,1,1,0,0,0,0,1,0
0,0,1,-1.2791730474053722,1,0,0,0,0,0,0,-0.4951183213799445,1,1,0,0,1,0,0,0,0,0,1
0,1,1,-1.2384776399319688,0,0,0,1,0,0,0,-1.1876523461633999,0,1,0,0,1,0,0,1,0,0,0
0,1,0,-0.42456949046390074,1,1,0,1,1,1,1,1.3217455230159791,1,0,1,0,1,0,0,0,0,1,0
0,1,0,1.569505475732866,0,0,0,0,0,0,0,-1.360370664095005,2,0,0,1,0,0,1,0,0,0,1
1,0,0,-1.157086824985162,0,0,1,0,0,1,1,0.7986083100500595,2,0,1,0,1,0,0,0,0,1,0
0,0,0,-0.34317867551709397,0,1,0,0,1,0,1,0.8550739139892383,2,0,1,0,1,0,0,0,1,0,0
0,0,0,-1.2791730474053722,0,0,0,0,0,0,1,-1.4832663903155703,1,0,0,1,1,0,0,0,0,0,1
0,1,1,1.4067238458392524,1,0,1,0,1,1,1,0.4946905006127161,2,1,0,0,0,0,1,0,0,1,0
1,1,0,0.34864325153076386,0,1,1,0,1,1,1,-0.3605973237601365,0,1,0,0,1,0,0,0,0,1,0
0,1,1,1.6102008832062693,0,0,0,0,0,0,0,-1.3636921702090743,2,0,0,1,0,0,1,1,0,0,0
0,1,0,1.569505475732866,1,0,1,0,1,1,1,1.3051379924456323,2,0,1,0,0,1,0,0,1,0,0
0,0,0,-0.9129143801447416,0,0,1,0,0,0,0,-1.1727055686500878,0,1,0,0,1,0,0,0,0,0,1
0,1,1,-0.5873511203575144,0,0,0,0,0,0,0,-1.4865878964296397,1,0,0,1,0,1,0,1,0,0,0
0,0,0,-1.2791730474053722,0,0,0,0,0,0,1,-1.3254948498972772,0,1,0,0,1,0,0,0,0,0,1
0,1,0,1.569505475732866,0,0,0,0,0,0,0,-1.4932309086577782,1,0,0,1,0,0,1,0,1,0,0
0,0,0,-1.1977822324585654,0,0,0,1,1,0,0,-0.00685692261175308,2,1,0,0,1,0,0,0,0,1,0
0,0,0,1.6102008832062693,0,0,0,0,0,0,0,-1.5114991922851597,1,0,0,1,0,0,1,1,0,0,0
0,0,0,-1.2384776399319688,0,0,0,0,0,0,0,-1.5048561800570208,1,0,0,1,1,0,0,0,0,0,1
0,0,0,-0.34317867551709397,0,0,0,0,1,1,1,0.8484309017610995,1,0,1,0,1,0,0,0,0,1,0
0,1,1,1.5288100682594625,1,1,1,1,1,0,0,0.4946905006127161,2,1,0,0,0,0,1,1,0,0,0
0,1,1,-0.7908281577245314,0,1,1,1,1,0,1,0.2655065787419321,2,1,0,0,1,0,0,0,0,1,0
0,1,0,-1.2791730474053722,0,0,0,0,0,0,0,0.17250440754799096,1,0,1,0,1,0,0,0,0,1,0
1,1,0,-0.01761541572986675,0,1,1,0,0,1,1,0.9530583443542836,2,0,1,0,1,0,0,0,0,1,0
0,0,0,-1.1163914175117586,0,0,0,0,1,1,1,0.9663443688105611,2,0,1,0,1,0,0,0,0,0,1
0,1,0,1.569505475732866,0,1,1,0,1,1,1,1.3400138066433607,2,0,1,0,0,0,1,1,0,0,0
1,1,0,1.5288100682594625,1,1,1,0,1,1,0,1.3466568188714991,1,0,1,0,0,0,1,0,1,0,0
0,1,0,0.4707294739509741,1,1,0,1,0,0,1,-0.16462846303004602,1,1,0,0,0,1,0,1,0,0,0
0,0,1,-1.2791730474053722,0,0,0,0,1,1,1,0.8152158406204062,1,0,1,0,1,0,0,0,0,1,0
0,1,1,-0.9129143801447416,1,0,0,0,1,1,1,1.1772600070539634,2,0,1,0,1,0,0,0,0,1,0
1,0,0,-0.09900623067667355,0,1,0,0,1,1,1,1.158991723426582,2,0,1,0,1,0,0,0,0,1,0
0,1,0,-0.4652648979373042,1,0,1,0,1,1,1,1.3151025107878407,2,0,1,0,1,0,0,1,0,0,0
1,0,0,-0.42456949046390074,0,0,0,0,1,1,1,1.0593465400045023,2,0,1,0,1,0,0,0,0,1,0
0,0,0,0.5928156963711843,1,1,0,1,1,0,0,1.19386753762431,2,0,1,0,1,0,0,0,0,0,1
0,0,0,1.0404651785786216,0,0,0,0,0,0,0,-1.4616766005741197,1,0,0,1,0,0,1,0,0,0,1
0,0,0,-1.2791730474053722,0,0,0,0,0,0,1,0.40999209470394826,2,0,1,0,1,0,0,0,0,1,0
1,1,0,0.9183789561584115,0,0,1,1,1,0,0,0.796947556993025,1,0,1,0,0,0,1,0,1,0,0
0,1,1,-0.3024832680436906,0,0,0,0,0,0,1,-1.5164814514562637,1,0,0,1,1,0,0,0,0,0,1
0,0,0,-1.2791730474053722,0,0,0,0,0,0,0,-1.4716411189163277,1,0,0,1,1,0,0,0,0,0,1
1,1,0,1.6102008832062693,1,1,1,1,1,1,1,1.6621998997080853,2,0,1,0,0,0,1,1,0,0,0
1,0,0,-0.9943051950915484,0,0,0,0,0,0,1,0.17084365449095637,1,0,1,0,1,0,0,0,1,0,0
0,1,1,-0.546655712884111,0,0,0,0,0,1,1,0.6258899921184548,2,0,1,0,1,0,0,0,0,1,0
0,1,1,-1.0350006025649519,1,0,0,0,0,0,1,-0.5001005805510484,1,1,0,0,0,1,0,0,0,1,0
0,0,0,-0.7094373427777246,1,0,1,1,0,0,0,-0.19452201805666997,1,1,0,0,1,0,0,0,0,1,0
0,0,0,-1.2384776399319688,1,0,0,0,0,0,0,-0.4602425071822164,1,1,0,0,1,0,0,0,0,0,1
0,1,1,0.8369881412116047,0,0,0,0,0,0,0,-1.4816056372585356,1,0,0,1,0,1,0,0,1,0,0
0,1,1,0.18586162163715025,0,1,1,0,1,0,1,0.9347900607269024,2,0,1,0,1,0,0,0,0,1,0
0,0,0,0.34864325153076386,0,0,0,0,0,0,1,-1.4965524147718476,1,0,0,1,0,1,0,0,0,0,1
0,1,0,-0.6280465278309177,1,1,1,0,0,0,0,0.8434486425899957,2,0,1,0,1,0,0,0,1,0,0
1,1,0,-1.157086824985162,0,0,0,0,0,0,0,0.3369189601944229,2,0,1,0,1,0,0,0,0,1,0
0,0,0,-0.5059603054107076,0,0,0,0,1,0,1,0.6790340899435638,2,0,1,0,1,0,0,0,0,1,0
1,1,0,1.2439422159456388,1,1,1,1,1,1,1,0.6375152635176972,1,1,0,0,0,1,0,1,0,0,0
0,1,1,-0.38387408299049736,0,0,0,0,0,0,1,-1.4998739208859169,1,0,0,1,0,0,1,0,0,0,1
0,0,0,-1.157086824985162,0,0,0,0,0,0,0,-1.5214637106273676,1,0,0,1,1,0,0,0,0,0,1
0,1,0,1.569505475732866,1,1,1,1,1,1,1,1.6721644180502937,2,0,1,0,0,0,1,0,1,0,0
1,1,0,0.7149019187913945,0,1,1,0,1,0,1,1.0045416891223582,2,0,1,0,1,0,0,0,0,1,0
0,0,1,0.22655702911055367,0,1,0,0,0,0,1,0.5661028820652064,2,0,1,0,1,0,0,0,0,0,1
0,1,0,-1.1163914175117586,0,0,0,0,0,0,0,0.17084365449095637,1,0,1,0,1,0,0,0,0,1,0
0,1,1,1.3253330308924456,0,1,1,0,1,1,1,1.3516390780426033,2,0,1,0,1,0,0,0,0,1,0
0,1,1,1.569505475732866,1,0,1,1,0,1,0,1.183903019282102,2,0,1,0,0,0,1,0,0,1,0
1,1,0,0.5114248814243775,0,0,0,0,0,0,0,-1.3321378621254156,2,0,0,1,0,1,0,0,1,0,0
0,0,0,0.06377539921694006,0,1,0,0,0,0,1,0.3037038990537296,1,0,1,0,1,0,0,0,1,0,0
0,1,0,1.1218559935254284,0,1,1,1,1,1,0,-0.13307415494638755,0,1,0,0,0,0,1,0,1,0,0
0,0,0,1.3253330308924456,0,0,0,0,0,0,1,-1.5031954269999863,1,0,0,1,0,0,1,0,1,0,0
0,0,0,-1.1163914175117586,0,0,0,0,0,1,0,0.46313619252905736,1,0,1,0,1,0,0,0,0,0,1
0,0,0,-0.6280465278309177,0,0,0,0,0,0,0,-1.5164814514562637,1,0,0,1,0,0,1,0,0,0,1
0,0,0,-1.1977822324585654,0,0,0,0,1,1,1,0.8185373467344758,1,0,1,0,1,0,0,0,0,1,0
0,0,0,-0.9129143801447416,0,0,1,1,0,0,0,-0.3506328054179286,1,1,0,0,1,0,0,0,0,1,0
0,1,1,1.2032468084722354,0,0,0,0,0,0,0,-1.3288163560113464,2,0,0,1,0,1,0,1,0,0,0
0,0,0,-1.1163914175117586,0,0,0,0,0,0,0,-0.586459739516851,2,1,0,0,1,0,0,0,0,1,0
1,0,0,1.081160586052025,0,0,1,0,1,1,1,1.1523487111984434,2,0,1,0,0,1,0,0,0,1,0
0,0,0,-0.42456949046390074,1,0,0,0,0,0,1,-0.34398979318978984,2,1,0,0,1,0,0,0,0,1,0
0,0,0,0.9183789561584115,1,0,1,0,0,0,1,0.6458190288028706,2,0,1,0,0,1,0,0,1,0,0
0,1,0,0.5521202888977809,0,1,1,1,1,1,1,1.4645702859209606,2,0,1,0,0,0,1,0,1,0,0
0,0,0,-1.1977822324585654,0,0,1,0,0,1,0,0.6939808674568759,1,0,1,0,1,0,0,0,1,0,0
0,1,1,-0.38387408299049736,0,0,0,1,0,0,1,-1.1444727666804986,0,1,0,0,1,0,0,1,0,0,0
0,0,0,-0.09900623067667355,0,0,0,0,1,1,1,0.8451093956470304,1,0,1,0,1,0,0,0,0,1,0
1,0,0,-0.953609787618145,0,0,0,0,0,1,1,0.6508012879739747,2,0,1,0,1,0,0,0,1,0,0
0,1,0,-0.22109245309688375,1,0,0,1,1,1,0,0.5328878209245131,2,1,0,0,0,1,0,0,0,0,1
0,1,1,0.7555973262647979,0,0,0,0,0,0,0,-1.5031954269999863,1,0,0,1,0,0,1,0,1,0,0
0,1,1,-1.157086824985162,0,0,0,0,0,0,0,-0.46356401329628577,2,1,0,0,1,0,0,0,0,0,1
1,0,0,0.5521202888977809,0,1,1,0,1,0,1,0.8799852098447583,1,0,1,0,0,1,0,1,0,0,0
0,1,1,-1.1977822324585654,0,0,0,0,0,0,0,-0.681122663767827,1,1,0,0,1,0,0,0,0,0,1
0,0,0,-0.750132750251128,0,1,0,0,0,0,0,-0.44363497661186974,1,1,0,0,0,1,0,0,1,0,0
0,0,1,0.7962927337382013,0,0,0,0,0,0,0,-1.3022443070987917,2,0,0,1,0,0,1,0,1,0,0
0,0,0,-0.22109245309688375,0,0,1,0,1,1,1,1.1855637723391368,2,0,1,0,0,1,0,1,0,0,0
0,1,1,1.6102008832062693,1,1,1,1,0,1,0,-0.304131719820958,0,1,0,0,0,0,1,0,1,0,0
1,0,0,-0.09900623067667355,0,0,1,1,1,0,1,0.1426108525213668,2,1,0,0,0,0,1,0,1,0,0
0,0,0,0.06377539921694006,1,1,0,0,0,1,0,-0.015160687896926405,1,1,0,0,0,1,0,0,0,1,0
0,1,0,0.38933865900416725,0,0,1,1,1,1,1,1.4446412492365444,2,0,1,0,0,1,0,0,0,1,0
0,1,0,0.3079478440573605,0,0,0,0,1,1,1,1.0726325644607793,2,0,1,0,1,0,0,1,0,0,0
0,0,0,-0.7094373427777246,0,0,0,0,1,1,1,0.9480760851831794,2,0,1,0,1,0,0,0,0,1,0
0,0,0,-1.1163914175117586,1,1,1,1,0,0,1,-0.7159984779655549,0,1,0,0,1,0,0,0,0,0,1
0,1,1,-0.9943051950915484,0,0,0,0,0,0,0,-1.5048561800570208,1,0,0,1,0,0,1,0,0,0,1
0,1,1,1.4474192533126558,1,1,1,1,1,1,0,0.7703755080804704,2,1,0,0,0,0,1,0,1,0,0
0,0,1,-0.953609787618145,0,1,0,0,0,0,1,-0.48847530915180576,1,1,0,0,1,0,0,0,0,1,0
0,0,0,0.38933865900416725,1,0,1,0,1,1,1,1.3416745597003954,2,0,1,0,1,0,0,0,0,1,0
0,0,0,-0.953609787618145,1,0,0,0,0,0,1,0.3136684173959375,1,0,1,0,1,0,0,0,1,0,0
0,0,0,1.2439422159456388,1,1,1,1,0,1,1,0.5146195372971318,2,1,0,0,0,0,1,0,1,0,0
0,1,1,1.2846376234190422,1,1,1,1,1,1,1,0.8567346670462728,2,1,0,0,0,0,1,0,0,0,1
0,0,0,-1.157086824985162,0,0,0,0,0,0,1,-1.4899094025437087,1,0,0,1,1,0,0,0,0,0,1
0,1,1,1.6102008832062693,1,0,1,1,1,1,1,0.6142647207192118,2,1,0,0,0,0,1,1,0,0,0
0,0,0,-1.1977822324585654,0,0,1,0,1,1,1,1.2005105498524489,2,0,1,0,1,0,0,0,0,1,0
0,1,0,-0.26178786057028713,0,1,0,0,0,0,0,0.48140447615643855,2,0,1,0,1,0,0,1,0,0,0
0,0,0,-1.157086824985162,0,0,0,0,0,0,1,-0.6479076026271338,1,1,0,0,1,0,0,0,0,0,1
1,0,0,-0.750132750251128,0,0,0,0,0,0,1,0.3369189601944229,2,0,1,0,1,0,0,0,0,1,0
1,0,0,1.6102008832062693,0,1,1,1,1,1,0,1.5559117040578672,2,0,1,0,0,0,1,0,0,1,0
0,0,0,-1.2791730474053722,0,0,0,0,0,0,1,-0.6761404045967229,1,1,0,0,1,0,0,0,0,0,1
0,1,1,-0.13970163815007697,1,0,0,0,0,1,1,-0.15300319163080334,1,1,0,0,1,0,0,0,0,0,1
0,0,0,-1.157086824985162,0,0,0,0,0,1,1,0.6923201143998413,2,0,1,0,1,0,0,0,0,1,0
0,0,0,-1.2791730474053722,0,0,0,0,1,0,1,0.5229233025823052,1,0,1,0,1,0,0,0,0,1,0
0,0,0,-0.953609787618145,0,0,0,0,0,0,1,-0.6844441698818962,1,1,0,0,1,0,0,1,0,0,0
0,1,0,-0.8722189726713382,0,0,0,0,0,0,1,0.3369189601944229,2,0,1,0,1,0,0,0,0,1,0
0,0,0,0.5114248814243775,1,0,1,1,1,1,0,0.5594598698370681,1,1,0,0,0,0,1,1,0,0,0
0,0,0,1.2846376234190422,1,1,1,1,1,1,1,1.6705036649932588,2,0,1,0,0,0,1,1,0,0,0
0,0,0,-0.4652648979373042,0,0,0,0,0,0,0,-1.5015346739429516,1,0,0,1,0,0,1,0,0,0,1
0,0,0,-0.09900623067667355,0,0,0,1,1,1,1,0.9829518993809078,1,0,1,0,0,1,0,1,0,0,0
1,0,0,-1.1163914175117586,0,0,1,0,1,0,1,0.6657480654872863,1,0,1,0,1,0,0,0,0,0,1
0,0,0,1.5288100682594625,1,0,1,1,0,1,0,-0.5449409130909845,0,1,0,0,0,0,1,1,0,0,0
0,0,0,-1.1163914175117586,0,0,0,0,0,0,1,-1.5131599453421942,1,0,0,1,1,0,0,0,0,0,1
1,1,0,-0.18039704562348036,0,1,1,1,1,1,1,1.5293396551453122,2,0,1,0,1,0,0,0,0,1,0
0,0,0,-1.2384776399319688,0,0,0,0,0,0,0,0.1608791361487485,1,0,1,0,1,0,0,0,0,1,0
0,0,0,-0.8722189726713382,0,1,0,0,0,0,1,0.3236329357381454,1,0,1,0,1,0,0,0,0,1,0
0,1,1,0.7149019187913945,0,0,0,0,0,0,1,-0.6645151331974803,1,1,0,0,0,1,0,1,0,0,0
0,1,1,1.6102008832062693,1,1,1,0,1,1,0,1.486160075662411,2,0,1,0,0,0,1,0,1,0,0
0,0,0,1.2439422159456388,1,0,1,1,0,1,1,0.2356130237153084,2,1,0,0,0,0,1,1,0,0,0
0,0,0,0.8369881412116047,1,1,1,0,0,0,0,0.8633776792744116,2,0,1,0,1,0,0,0,0,1,0
1,1,0,1.4067238458392524,1,0,1,0,1,1,1,1.4031224228106778,2,0,1,0,0,1,0,0,1,0,0
0,0,0,-1.2384776399319688,0,0,0,0,0,0,1,0.2804533562552442,2,0,1,0,1,0,0,0,1,0,0
0,1,1,-0.42456949046390074,0,0,0,0,0,0,0,-1.4899094025437087,1,0,0,1,0,1,0,0,0,0,1
0,0,1,-0.750132750251128,1,0,0,1,0,0,1,0.7039453857990838,2,0,1,0,1,0,0,0,0,0,1
0,0,0,0.06377539921694006,1,1,0,0,0,0,0,-0.3257215095624086,1,1,0,0,0,1,0,0,0,0,1
0,1,1,0.9997697711052183,0,1,0,0,1,1,1,1.1888852784532058,2,0,1,0,1,0,0,0,0,1,0
0,1,0,1.4067238458392524,0,0,0,0,0,0,0,-1.3022443070987917,2,0,0,1,0,0,1,0,1,0,0
0,1,0,1.6102008832062693,1,1,1,1,0,0,0,0.11105654443770853,2,1,0,0,0,0,1,0,0,0,1
0,0,0,1.6102008832062693,1,1,1,1,1,1,0,1.6688429119362242,2,0,1,0,0,0,1,0,1,0,0
0,0,1,-0.4652648979373042,0,0,0,0,0,0,0,-1.4633373536311542,1,0,0,1,1,0,0,0,0,0,1
0,1,0,0.3079478440573605,0,1,0,1,1,0,0,0.19741570340351092,2,1,0,0,0,1,0,0,1,0,0
0,0,0,-0.4652648979373042,1,0,0,1,0,0,0,-0.9867012262622052,0,1,0,0,0,0,1,0,0,0,1
0,1,1,0.023079991743536653,1,1,1,0,0,0,1,-0.2111295486270166,1,1,0,0,0,1,0,0,0,0,1
0,0,0,-0.9129143801447416,1,0,1,0,0,0,1,0.4996727597838198,1,0,1,0,1,0,0,0,0,0,1
0,0,1,-1.3198684548787756,0,0,0,0,0,0,0,-1.4799448842015008,1,0,0,1,0,0,1,0,0,0,1
0,1,1,-0.5873511203575144,1,1,0,1,0,0,1,-0.10982361214790214,1,1,0,0,0,1,0,0,0,0,1
0,0,0,-0.7908281577245314,0,1,0,0,0,0,1,-1.1012931871975973,0,1,0,0,1,0,0,0,0,1,0
0,0,1,-1.157086824985162,0,0,0,1,0,0,0,0.5312270678674785,2,0,1,0,1,0,0,0,1,0,0
0,1,1,-0.3024832680436906,1,1,1,0,0,0,1,-0.10650210603383276,1,1,0,0,0,1,0,1,0,0,0
1,1,0,0.023079991743536653,1,0,1,1,1,1,1,1.497785347061654,2,0,1,0,1,0,0,1,0,0,0
0,1,0,-1.1977822324585654,0,0,0,0,0,0,1,0.3302759479662841,2,0,1,0,1,0,0,0,1,0,0
0,1,1,0.7149019187913945,0,0,1,0,0,0,0,-0.329043015676478,2,1,0,0,0,1,0,1,0,0,0
1,1,0,1.5288100682594625,0,1,1,0,1,1,1,1.3283885352441178,2,0,1,0,0,1,0,0,0,1,0
0,0,1,-1.1977822324585654,1,0,0,1,0,0,1,-0.32240000344833925,1,1,0,0,1,0,0,0,0,0,1
0,0,0,-1.1977822324585654,0,0,0,0,0,0,1,0.3369189601944229,2,0,1,0,1,0,0,0,0,1,0
0,0,1,0.9590743636318149,0,0,0,0,0,0,1,-1.3288163560113464,2,0,0,1,0,0,1,0,0,0,1
0,0,0,1.4881146607860591,0,1,1,1,1,1,1,1.3034772393885978,1,0,1,0,0,1,0,1,0,0,0
1,1,0,1.569505475732866,1,1,1,1,1,1,1,1.6688429119362242,2,0,1,0,0,0,1,1,0,0,0
0,0,0,0.4300340664775707,1,1,1,1,1,1,0,1.6688429119362242,2,0,1,0,0,0,1,0,1,0,0
1,1,1,0.3079478440573605,0,0,0,0,1,1,1,0.9879341585520115,2,0,1,0,1,0,0,0,1,0,0
0,1,0,1.4067238458392524,1,0,1,1,1,1,1,1.5426256796015898,2,0,1,0,0,1,0,0,0,1,0
0,1,1,1.366028438365849,1,0,0,0,1,0,1,-0.16794996914411542,1,1,0,0,0,0,1,0,0,1,0
0,0,0,0.4707294739509741,1,0,0,1,1,0,0,0.019715126300801942,1,1,0,0,0,1,0,0,0,1,0
0,1,0,1.6102008832062693,1,1,1,1,0,0,1,0.09943127303846558,2,1,0,0,0,0,1,1,0,0,0
0,0,0,-0.5873511203575144,0,0,0,0,0,0,1,0.3585087499358733,2,0,1,0,1,0,0,1,0,0,0
0,0,0,-1.0756960100383552,0,0,0,0,0,0,0,-1.5231244636844021,1,0,0,1,1,0,0,0,0,0,1
0,0,0,-0.05831082320327015,0,0,1,0,1,1,1,-0.49013606220884054,0,1,0,0,0,1,0,0,0,1,0
0,0,0,-1.2791730474053722,0,1,0,0,0,0,1,0.4764222169853349,2,0,1,0,1,0,0,0,0,0,1
0,1,0,1.1625514009988318,0,0,0,0,0,0,1,-1.469980365859293,1,0,0,1,0,1,0,0,1,0,0
0,1,0,-0.8722189726713382,0,1,0,0,1,1,1,1.2353863640501765,2,0,1,0,1,0,0,0,0,1,0
1,0,0,-0.5059603054107076,0,0,0,0,1,0,1,0.6491405349169397,2,0,1,0,1,0,0,0,0,1,0
0,1,1,-1.1163914175117586,0,0,0,0,0,0,0,-1.469980365859293,1,0,0,1,0,1,0,0,0,1,0
0,0,0,0.4300340664775707,0,0,0,0,0,0,0,-1.2740115051292022,2,0,0,1,0,0,1,1,0,0,0
0,1,1,-1.1977822324585654,0,0,0,0,0,0,0,-1.5181422045132982,1,0,0,1,0,0,1,0,0,0,1
0,0,0,-1.2791730474053722,0,0,0,0,0,0,0,-1.4998739208859169,1,0,0,1,1,0,0,0,0,0,1
0,1,1,-0.22109245309688375,0,0,0,0,0,0,1,0.36349100910697746,2,0,1,0,1,0,0,1,0,0,0
0,1,1,1.6102008832062693,1,1,1,1,1,1,1,1.6837896894495363,2,0,1,0,0,0,1,0,0,1,0
0,0,0,1.6102008832062693,1,1,1,1,1,1,0,0.7255351755405346,2,1,0,0,0,0,1,1,0,0,0
1,0,0,-0.3024832680436906,0,1,0,0,0,1,1,0.8268411120196492,2,0,1,0,1,0,0,0,0,1,0
0,1,0,-0.38387408299049736,0,1,1,0,0,0,0,0.6458190288028706,2,0,1,0,1,0,0,0,0,1,0
1,1,0,1.081160586052025,1,1,1,0,0,0,1,0.6026394493199693,1,0,1,0,0,1,0,0,1,0,0
1,0,0,0.5114248814243775,1,0,1,0,0,1,0,-0.06996553877907007,1,1,0,0,0,1,0,0,1,0,0
0,0,0,-1.2791730474053722,0,0,0,0,1,1,1,0.8069120753352329,1,0,1,0,1,0,0,0,0,1,0
0,0,0,-1.2384776399319688,0,0,1,1,1,1,0,0.3850807988484283,1,1,0,0,1,0,0,0,0,1,0
0,0,0,0.8369881412116047,0,0,0,0,0,0,0,-1.5314282289695753,1,0,0,1,0,0,1,0,0,0,1
0,1,0,1.081160586052025,0,1,0,0,1,1,0,1.2054928090235526,2,0,1,0,1,0,0,0,0,1,0
0,1,1,1.569505475732866,0,1,1,0,0,1,1,1.0277922319208435,2,0,1,0,0,0,1,0,1,0,0
0,0,0,-1.1977822324585654,0,0,0,0,1,0,0,-0.9833797201481359,0,1,0,0,1,0,0,0,1,0,0
0,0,0,-0.750132750251128,0,0,1,0,0,0,0,0.35020498465069994,1,0,1,0,1,0,0,0,0,1,0
0,1,0,-1.2791730474053722,0,0,0,0,1,0,1,-0.31575699122020073,1,1,0,0,1,0,0,0,0,0,1
0,1,1,-1.1163914175117586,1,0,0,0,0,0,1,-0.5117258519502912,1,1,0,0,1,0,0,0,0,0,1
0,0,0,-0.9129143801447416,1,0,0,0,1,0,1,0.6607658063161826,1,0,1,0,1,0,0,0,0,0,1
0,1,1,1.4474192533126558,0,0,0,0,0,0,1,-1.3553884049239011,2,0,0,1,0,0,1,1,0,0,0
1,0,0,-1.157086824985162,0,0,0,0,1,1,1,1.0178277135786356,2,0,1,0,1,0,0,0,0,1,0
0,1,0,0.8369881412116047,0,1,1,1,1,1,1,-0.14469942634563002,0,1,0,0,0,1,0,0,0,1,0
0,0,0,0.10447080669034346,1,1,1,0,0,0,0,-0.14137792023156087,1,1,0,0,1,0,0,0,0,1,0
1,1,1,1.6102008832062693,1,1,1,1,1,1,1,1.6920934547347095,2,0,1,0,0,0,1,0,1,0,0
0,1,0,1.569505475732866,0,0,0,0,1,1,1,0.9597013565824223,2,0,1,0,0,0,1,1,0,0,0
0,0,0,0.7962927337382013,0,0,1,0,0,1,1,0.6308722512895585,1,0,1,0,1,0,0,0,1,0,0
0,0,0,0.7962927337382013,0,1,0,0,0,0,1,0.5112980311830627,2,0,1,0,0,1,0,0,0,0,1
1,1,1,0.9590743636318149,1,0,1,0,1,1,1,1.3200847699589444,2,0,1,0,0,1,0,1,0,0,0
0,0,0,-1.2384776399319688,1,1,0,0,1,1,0,1.1755992539969289,1,0,1,0,1,0,0,0,0,1,0
1,1,0,-1.0350006025649519,1,0,0,0,0,0,0,-1.1627410503078799,0,1,0,0,1,0,0,1,0,0,0
0,0,0,-1.1977822324585654,0,0,0,0,0,0,0,0.3751162805062199,2,0,1,0,1,0,0,0,0,1,0
0,0,0,-0.7908281577245314,0,0,0,0,0,0,1,0.17748666671909513,1,0,1,0,1,0,0,0,0,0,1
0,0,0,-1.2791730474053722,0,0,0,0,0,0,1,-1.3171910846121038,0,1,0,0,1,0,0,0,0,0,1
0,1,1,-0.9943051950915484,0,0,1,0,0,0,1,-0.45692100106814726,1,1,0,0,1,0,0,0,0,1,0
0,1,1,1.6102008832062693,0,0,0,0,0,0,0,-1.4766233780874316,1,0,0,1,0,0,1,0,0,1,0
0,1,0,-1.1977822324585654,0,0,0,0,0,0,1,0.3086861582248333,2,0,1,0,1,0,0,0,1,0,0
0,1,1,1.2032468084722354,0,1,1,0,1,1,1,1.1739385009398942,1,0,1,0,1,0,0,0,0,1,0
0,0,0,0.38933865900416725,0,1,1,1,1,1,1,1.2951734741034244,1,0,1,0,1,0,0,1,0,0,0
0,0,0,0.10447080669034346,0,0,0,0,0,0,0,-1.3504061457527972,0,1,0,0,1,0,0,0,0,1,0
0,0,0,0.8776835486850081,1,1,0,1,1,0,1,0.1691829014339218,1,1,0,0,1,0,0,0,0,0,1
1,1,0,1.1218559935254284,0,0,0,1,1,1,1,1.1357411806280968,2,0,1,0,1,0,0,0,0,1,0
0,0,0,-0.8315235651979348,0,0,0,0,0,1,1,0.5029942658978894,1,0,1,0,1,0,0,1,0,0,0
0,1,1,0.4300340664775707,1,0,1,1,1,1,1,0.4764222169853349,1,1,0,0,0,0,1,0,1,0,0
1,1,1,0.10447080669034346,0,1,0,1,1,1,1,0.37345552744918536,1,1,0,0,1,0,0,0,0,1,0
0,0,0,0.3079478440573605,0,1,1,0,1,1,1,1.2569761537916275,2,0,1,0,1,0,0,0,0,0,1
1,0,0,-0.34317867551709397,0,1,0,0,0,0,1,0.5212625495252706,2,0,1,0,1,0,0,0,0,1,0
0,0,0,-0.42456949046390074,0,0,0,1,1,0,1,0.8368056303618571,2,0,1,0,1,0,0,0,0,1,0
0,1,0,1.6102008832062693,1,1,0,1,1,1,1,1.4994461001186885,2,0,1,0,0,0,1,0,1,0,0
0,1,0,-0.6280465278309177,0,0,0,0,0,0,0,-1.5098384392281248,1,0,0,1,0,1,0,0,0,0,1
0,1,0,0.3079478440573605,0,1,0,0,1,0,0,-0.03010746541023825,2,1,0,0,0,1,0,1,0,0,0
0,1,1,1.6102008832062693,1,1,1,1,1,1,1,1.7917386381567895,2,0,1,0,0,0,1,1,0,0,0
0,0,0,-1.2791730474053722,0,0,0,0,1,0,1,-0.3257215095624086,1,1,0,0,1,0,0,0,1,0,0
0,0,0,-0.6687419353043211,0,0,0,0,0,0,0,-1.4882486494866742,1,0,0,1,1,0,0,0,0,0,1
0,0,0,0.14516621416374687,0,1,0,0,1,1,1,0.9962379238371848,1,0,1,0,1,0,0,0,1,0,0
0,0,0,1.4067238458392524,1,1,1,1,1,1,0,1.7070402322480216,2,0,1,0,0,0,1,0,1,0,0
0,0,0,-0.546655712884111,0,0,0,0,0,0,1,-1.4982131678288821,1,0,0,1,0,1,0,0,1,0,0
0,0,0,0.14516621416374687,0,1,0,0,1,1,1,1.140723439799201,2,0,1,0,1,0,0,0,0,1,0
0,0,0,-1.2384776399319688,0,0,0,0,0,0,0,-1.5098384392281248,1,0,0,1,1,0,0,0,0,0,1
1,1,0,1.366028438365849,0,1,1,0,1,0,0,-0.6396038373419605,0,1,0,0,0,1,0,1,0,0,0
1,1,1,1.3253330308924456,0,0,1,1,1,1,1,1.298494980217494,2,0,1,0,0,1,0,1,0,0,0
0,1,0,0.5928156963711843,1,1,1,0,1,0,1,1.1274374153429234,2,0,1,0,1,0,0,0,0,1,0
0,0,0,-1.2384776399319688,0,0,0,0,0,0,0,0.1642006422628176,1,0,1,0,1,0,0,1,0,0,0
0,1,0,-0.05831082320327015,0,1,0,0,0,1,1,0.632533004346593,1,0,1,0,1,0,0,1,0,0,0
0,0,1,0.34864325153076386,1,1,1,0,1,0,0,0.1791474197761297,1,1,0,0,0,1,0,0,0,0,1
0,1,0,0.5521202888977809,1,1,0,0,1,0,0,-0.6396038373419605,0,1,0,0,1,0,0,0,0,1,0
0,0,0,-0.01761541572986675,0,1,0,0,0,0,1,-0.35229355847496313,2,1,0,0,1,0,0,0,0,1,0
0,0,0,-0.7094373427777246,0,0,0,0,0,0,0,-1.5081776861710903,1,0,0,1,1,0,0,1,0,0,0
0,1,0,-1.1977822324585654,0,0,0,0,0,0,1,0.18246892589019884,1,0,1,0,1,0,0,0,0,1,0
0,0,0,-1.1977822324585654,0,0,1,0,1,1,1,1.2204395865368647,2,0,1,0,1,0,0,1,0,0,0
0,0,0,-1.2791730474053722,0,0,0,0,0,0,1,-0.4934575683229097,2,1,0,0,1,0,0,1,0,0,0
0,0,0,1.0404651785786216,1,1,1,1,0,0,1,0.20904097480275338,2,1,0,0,0,1,0,0,1,0,0
0,1,1,-0.38387408299049736,0,0,0,0,0,1,0,0.6906593613428063,2,0,1,0,1,0,0,0,0,1,0
1,0,0,-0.9943051950915484,0,1,0,0,1,0,1,0.7404819530538462,1,0,1,0,1,0,0,0,0,1,0
0,0,0,0.34864325153076386,0,1,0,1,1,1,1,1.1573309703695476,1,0,1,0,0,0,1,0,1,0,0
1,1,0,-1.2791730474053722,0,0,0,0,0,0,1,0.3203114296240762,2,0,1,0,1,0,0,0,0,1,0
0,1,1,-0.42456949046390074,0,1,0,0,0,1,0,0.6142647207192118,1,0,1,0,1,0,0,0,0,1,0
0,1,1,-0.8722189726713382,0,0,1,0,1,0,1,-0.17127147525818479,1,1,0,0,1,0,0,1,0,0,0
0,0,0,-0.26178786057028713,0,0,1,0,1,1,1,1.1141513908866458,2,0,1,0,1,0,0,0,0,1,0
0,0,0,-0.8315235651979348,0,0,1,0,1,1,1,1.0360959972060169,1,0,1,0,1,0,0,0,0,1,0
0,0,0,-0.953609787618145,1,0,1,1,0,1,0,-0.46522476635332055,0,1,0,0,0,1,0,0,0,0,1
0,1,0,0.9590743636318149,1,0,0,0,1,1,1,1.1872245253961713,2,0,1,0,0,1,0,0,0,1,0
0,1,1,1.6102008832062693,1,1,1,1,0,1,0,1.4164084472669554,2,0,1,0,0,0,1,0,1,0,0
0,0,0,0.34864325153076386,1,0,1,1,0,1,1,0.326954441852215,2,1,0,0,1,0,0,1,0,0,0
0,0,0,-1.2791730474053722,0,0,0,0,1,0,1,0.4930297475556815,1,0,1,0,1,0,0,0,0,1,0
0,0,0,-0.9943051950915484,0,1,1,0,1,0,1,0.9696658749246302,2,0,1,0,1,0,0,0,0,1,0
0,0,0,-1.2791730474053722,0,0,0,0,0,0,0,-0.686104922938931,1,1,0,0,1,0,0,1,0,0,0
0,0,1,1.569505475732866,1,1,1,1,1,0,1,0.4016883294187749,1,1,0,0,0,0,1,0,1,0,0
0,1,1,-1.157086824985162,0,0,0,0,0,0,0,-1.4766233780874316,1,0,0,1,1,0,0,0,0,0,1
0,1,0,-1.1977822324585654,0,0,1,1,0,0,1,-0.29914946064985404,1,1,0,0,1,0,0,0,0,0,1
0,0,0,-0.13970163815007697,0,0,1,1,1,1,1,0.35020498465069994,1,1,0,0,0,1,0,1,0,0,0
0,0,0,1.4067238458392524,0,0,0,0,0,0,1,-1.5065169331140555,1,0,0,1,0,1,0,0,0,0,1
0,1,0,0.6742065113179911,0,0,0,0,0,0,1,-1.4832663903155703,1,0,0,1,0,0,1,1,0,0,0
0,1,1,-1.2791730474053722,0,0,0,0,1,0,1,0.5063157720119585,1,0,1,0,1,0,0,0,0,0,1
0,0,0,-1.2791730474053722,0,0,0,0,0,0,0,-1.4733018719733622,1,0,0,1,1,0,0,0,0,0,1
0,1,1,1.6102008832062693,0,0,0,0,0,0,0,-1.4550335883459808,1,0,0,1,0,0,1,1,0,0,0
0,1,0,1.4881146607860591,1,1,1,1,1,1,1,1.5858052590844909,2,0,1,0,0,0,1,1,0,0,0
1,1,0,0.3079478440573605,0,1,0,0,1,0,1,-0.8471979694712936,0,1,0,0,1,0,0,0,0,1,0
0,0,0,-0.5873511203575144,0,0,0,0,0,0,0,-1.4865878964296397,1,0,0,1,0,0,1,0,1,0,0
0,1,0,1.6102008832062693,0,1,1,0,1,1,1,1.3782111269551578,2,0,1,0,0,0,1,1,0,0,0
0,0,0,-0.6280465278309177,0,0,0,0,0,0,0,-1.4865878964296397,1,0,0,1,0,1,0,0,1,0,0
0,0,0,-0.6687419353043211,0,0,0,0,0,0,0,0.2605243195708284,2,0,1,0,1,0,0,0,0,1,0
0,0,1,0.2672524365839571,0,0,0,0,0,0,0,-1.3072265662698956,2,0,0,1,0,1,0,1,0,0,0
0,1,1,1.4474192533126558,0,0,0,0,0,0,0,-1.2972620479276877,2,0,0,1,0,0,1,0,0,0,1
1,0,0,-0.7094373427777246,0,0,0,0,0,0,0,0.3601695029929083,2,0,1,0,1,0,0,0,0,1,0
0,0,0,-0.7908281577245314,1,0,0,1,0,0,0,-0.32073925039130463,1,1,0,0,0,1,0,0,0,0,1
0,0,1,-0.7908281577245314,0,0,1,1,0,0,0,-0.3772048543304831,1,1,0,0,1,0,0,0,0,0,1
1,1,0,0.6742065113179911,0,1,0,0,0,1,0,0.8384663834188916,2,0,1,0,1,0,0,0,1,0,0
0,1,0,0.8369881412116047,1,1,1,1,1,1,0,1.5177143837460698,1,0,1,0,0,1,0,0,0,1,0
1,1,1,0.7962927337382013,0,1,1,0,1,1,1,0.5328878209245131,2,1,0,0,0,1,0,0,0,1,0
0,0,0,-1.2791730474053722,0,0,0,0,0,0,1,-0.636282331227891,1,1,0,0,1,0,0,0,0,1,0
0,0,0,0.22655702911055367,0,0,0,0,0,0,0,-1.4865878964296397,1,0,0,1,0,1,0,0,0,0,1
0,1,0,-0.8722189726713382,0,0,0,0,1,1,1,0.9696658749246302,2,0,1,0,1,0,0,0,0,1,0
0,1,1,-0.9943051950915484,0,0,0,0,0,0,0,-1.4832663903155703,1,0,0,1,0,0,1,0,0,0,1
0,1,1,-0.34317867551709397,1,1,1,0,1,1,0,-0.23936235059660596,0,1,0,0,0,1,0,0,0,1,0
0,1,0,-0.9943051950915484,0,1,0,0,0,0,1,-0.5067435927791872,1,1,0,0,1,0,0,1,0,0,0
0,0,0,-1.157086824985162,1,0,1,1,0,1,1,0.9829518993809078,1,0,1,0,1,0,0,1,0,0,0
0,1,0,1.0404651785786216,1,1,1,0,0,0,0,-0.1496816855167342,1,1,0,0,0,1,0,0,1,0,0
0,0,0,-1.157086824985162,0,1,0,0,0,0,1,0.5146195372971318,2,0,1,0,1,0,0,0,0,0,1
1,1,0,1.4474192533126558,1,1,1,0,0,0,1,-0.7591780574484561,0,1,0,0,0,0,1,0,0,1,0
0,1,1,-0.7908281577245314,0,0,0,0,0,0,0,-1.5281067228555063,1,0,0,1,1,0,0,0,0,0,1
0,0,1,1.569505475732866,1,0,1,0,1,1,0,1.3914971514114354,2,0,1,0,0,0,1,1,0,0,0
0,1,0,0.2672524365839571,1,0,1,0,1,1,0,-0.2958279545357847,0,1,0,0,1,0,0,0,0,1,0
0,0,0,-1.2791730474053722,1,0,0,0,0,0,0,-0.45027798884000847,1,1,0,0,1,0,0,0,0,0,1
0,1,0,-0.42456949046390074,0,0,1,0,1,1,1,0.9929164177231157,1,0,1,0,1,0,0,0,1,0,0
1,0,0,-1.2384776399319688,0,0,0,0,0,0,1,0.19409419728944177,1,0,1,0,1,0,0,0,0,1,0
0,0,0,-0.953609787618145,0,0,0,0,0,0,1,-1.4733018719733622,1,0,0,1,1,0,0,0,1,0,0
0,0,0,-0.09900623067667355,0,0,0,1,0,1,1,-0.8123221552735654,0,1,0,0,0,1,0,0,1,0,0
0,1,1,1.6102008832062693,1,1,0,1,0,0,0,0.06455545884073771,2,1,0,0,0,0,1,0,1,0,0
0,1,0,-1.2384776399319688,0,0,1,1,1,1,1,1.3151025107878407,2,0,1,0,1,0,0,0,0,1,0
0,0,0,-1.2384776399319688,0,0,0,0,0,1,1,0.6939808674568759,2,0,1,0,1,0,0,0,0,1,0
0,1,1,-0.38387408299049736,0,1,1,1,0,0,0,0.7305174347116383,1,0,1,0,0,1,0,0,0,0,1
1,1,1,1.0404651785786216,1,1,0,1,0,0,1,0.8318233711907528,2,0,1,0,0,1,0,1,0,0,0
1,0,0,0.5521202888977809,1,0,0,0,0,1,0,0.6707303246583904,1,0,1,0,1,0,0,0,0,1,0
0,1,1,-0.7908281577245314,0,0,0,0,0,0,1,-1.4733018719733622,1,0,0,1,1,0,0,0,0,0,1
1,1,0,-0.18039704562348036,0,0,0,0,0,0,0,-1.2989228009847222,2,0,0,1,1,0,0,0,0,0,1
0,1,1,1.5288100682594625,0,0,0,0,0,0,1,-1.4832663903155703,1,0,0,1,0,0,1,0,1,0,0
0,1,1,-0.6280465278309177,0,1,1,1,0,0,1,0.06289470578370314,2,1,0,0,1,0,0,0,0,0,1
0,1,0,-1.2791730474053722,0,0,0,0,0,0,1,-0.6578721209693417,1,1,0,0,1,0,0,0,0,1,0
0,0,0,-1.1977822324585654,0,0,0,1,0,1,0,0.697302373570945,1,0,1,0,1,0,0,0,0,1,0
0,1,0,1.5288100682594625,0,1,1,0,1,0,1,1.0028809360653235,2,0,1,0,0,1,0,1,0,0,0
0,1,1,-1.0756960100383552,0,1,1,0,1,0,1,0.9713266279816648,2,0,1,0,1,0,0,0,0,0,1
0,0,0,-0.05831082320327015,0,0,1,0,0,1,1,0.8334841242477878,2,0,1,0,1,0,0,0,0,1,0
1,1,0,-1.0350006025649519,0,0,0,0,0,0,1,0.1758259136620601,1,0,1,0,1,0,0,0,0,0,1
0,1,1,0.10447080669034346,0,0,0,0,0,0,0,-1.3454238865816932,2,0,0,1,0,0,1,1,0,0,0
1,1,1,0.9997697711052183,0,1,1,1,1,0,1,1.0128454544075314,1,0,1,0,1,0,0,0,1,0,0
0,1,1,1.569505475732866,1,1,1,0,1,1,1,1.4678917920350298,2,0,1,0,0,0,1,1,0,0,0
0,0,0,0.3079478440573605,0,0,1,1,1,1,1,1.3665858555559154,2,0,1,0,0,1,0,0,1,0,0
0,1,1,-1.2791730474053722,0,0,0,0,0,0,0,-1.4865878964296397,1,0,0,1,1,0,0,0,0,0,1
0,0,0,0.18586162163715025,1,0,0,0,1,0,1,0.8750029506736545,2,0,1,0,1,0,0,0,0,1,0
0,1,0,1.5288100682594625,0,0,0,0,0,0,0,-1.3470846396387277,2,0,0,1,0,0,1,1,0,0,0
0,0,0,-1.1977822324585654,0,0,1,0,1,0,1,-0.8189651675017042,0,1,0,0,1,0,0,0,0,0,1
0,0,1,-1.2791730474053722,0,0,0,0,0,0,1,-1.3321378621254156,0,1,0,0,1,0,0,0,0,1,0
1,0,0,0.5521202888977809,0,1,0,0,1,1,0,1.0111847013504969,1,0,1,0,0,1,0,0,1,0,0
1,1,0,-1.2791730474053722,1,0,0,0,0,0,1,0.5146195372971318,2,0,1,0,1,0,0,0,0,1,0
0,0,0,-1.2791730474053722,0,0,0,0,0,1,1,0.7238744224834996,2,0,1,0,1,0,0,0,0,1,0
0,0,0,0.4707294739509741,0,1,1,0,1,0,1,0.7753577672515746,1,0,1,0,1,0,0,0,1,0,0
0,1,1,0.22655702911055367,0,0,0,0,0,0,0,-1.5015346739429516,1,0,0,1,1,0,0,0,0,1,0
0,0,1,-1.2384776399319688,0,0,0,0,0,0,0,-1.5131599453421942,1,0,0,1,1,0,0,0,0,0,1
0,0,0,-0.22109245309688375,0,0,0,0,0,0,0,-1.5164814514562637,1,0,0,1,0,1,0,0,0,0,1
0,1,1,1.1625514009988318,0,1,1,1,1,0,0,-0.44695648272593913,0,1,0,0,0,0,1,0,1,0,0
0,0,1,0.6335111038445876,1,1,1,0,0,0,1,-0.013499934839891363,2,1,0,0,0,1,0,1,0,0,0
1,0,0,-1.2384776399319688,0,0,0,0,0,0,1,-0.686104922938931,1,1,0,0,1,0,0,0,0,1,0
0,0,0,-1.1977822324585654,0,0,0,0,0,0,1,-1.494891661714813,1,0,0,1,1,0,0,0,0,0,1
0,0,1,0.5521202888977809,1,1,0,1,1,1,1,1.3416745597003954,1,0,1,0,0,1,0,1,0,0,0
0,1,1,0.7962927337382013,0,0,0,0,0,0,1,-1.4600158475170848,1,0,0,1,0,1,0,0,1,0,0
0,0,0,-1.1163914175117586,0,0,0,0,0,0,0,-1.4899094025437087,1,0,0,1,1,0,0,0,0,0,1
0,0,0,-1.2791730474053722,0,0,0,0,0,1,1,-0.28420268313654196,1,1,0,0,1,0,0,0,0,1,0
0,0,0,1.4067238458392524,1,0,1,0,0,1,0,0.024697385471905652,1,1,0,0,0,0,1,1,0,0,0
0,1,0,0.023079991743536653,0,0,0,1,0,0,1,-0.44363497661186974,1,1,0,0,0,1,0,0,0,0,1
0,1,0,-1.2791730474053722,0,0,0,0,1,0,1,0.48306522921347317,1,0,1,0,1,0,0,1,0,0,0
0,1,1,-0.8315235651979348,0,0,0,0,0,0,0,-1.4533728352889463,1,0,0,1,0,0,1,1,0,0,0
0,0,0,-1.2791730474053722,0,0,0,0,1,1,1,1.0178277135786356,2,0,1,0,1,0,0,0,0,1,0
0,1,0,1.366028438365849,1,1,1,1,1,1,0,1.6937542077917442,2,0,1,0,0,1,0,1,0,0,0
0,1,1,1.4474192533126558,0,1,1,1,1,1,0,1.3599428433277765,1,0,1,0,0,1,0,0,1,0,0
0,1,1,-0.750132750251128,0,0,0,0,0,0,0,0.1791474197761297,1,0,1,0,1,0,0,0,0,1,0
0,0,0,-1.0350006025649519,0,1,0,0,1,1,1,0.9713266279816648,1,0,1,0,0,1,0,0,0,0,1
0,0,0,-0.05831082320327015,0,0,0,0,0,0,0,-1.4749626250303969,1,0,0,1,0,0,1,1,0,0,0
0,1,1,0.5521202888977809,0,0,0,0,0,0,1,-1.4816056372585356,1,0,0,1,0,1,0,1,0,0,0
1,1,1,1.6102008832062693,1,1,1,1,1,1,0,0.9181825301565557,2,1,0,0,0,0,1,0,1,0,0
0,0,0,-0.6280465278309177,1,1,0,1,1,1,0,0.4996727597838198,1,1,0,0,0,1,0,0,1,0,0
0,0,0,1.6102008832062693,1,1,0,1,1,1,0,0.7056061388561183,2,1,0,0,0,0,1,0,1,0,0
0,1,0,1.6102008832062693,0,1,1,0,1,1,1,1.3283885352441178,2,0,1,0,0,0,1,1,0,0,0
0,1,1,1.6102008832062693,1,1,1,1,1,1,1,1.6356278507955309,2,0,1,0,0,0,1,0,1,0,0
0,0,0,-1.2384776399319688,0,0,0,0,0,0,1,-0.6495683556841683,1,1,0,0,1,0,0,0,0,0,1
0,0,0,-0.8315235651979348,0,0,0,0,0,0,0,-1.4982131678288821,1,0,0,1,1,0,0,0,0,0,1
0,0,0,-1.2791730474053722,0,0,0,0,0,0,0,-0.6313000720567871,1,1,0,0,1,0,0,0,0,1,0
0,0,0,-1.2791730474053722,0,0,0,0,1,0,1,0.657444300202113,2,0,1,0,1,0,0,0,0,1,0
1,0,0,-1.1977822324585654,0,0,0,0,0,0,1,0.18246892589019884,1,0,1,0,1,0,0,0,0,1,0
0,0,0,0.6742065113179911,0,1,1,0,1,1,1,1.2918519679893554,2,0,1,0,1,0,0,1,0,0,0
0,0,0,1.4474192533126558,0,1,1,0,1,1,1,0.5262448086963748,2,1,0,0,0,0,1,0,0,1,0
0,1,1,1.6102008832062693,1,0,1,0,1,1,1,-0.36557958293124065,0,1,0,0,0,0,1,0,1,0,0
0,1,1,-1.2791730474053722,0,0,0,0,0,0,0,-1.4982131678288821,1,0,0,1,1,0,0,0,0,0,1
0,1,0,-0.7094373427777246,0,0,0,0,0,0,0,-1.315530331555069,2,0,0,1,0,0,1,0,0,0,1
1,0,0,-0.9129143801447416,0,0,0,1,0,0,1,-1.1677233094789838,0,1,0,0,1,0,0,0,0,1,0
0,1,0,0.38933865900416725,0,0,1,1,0,0,1,0.6474797818599051,2,0,1,0,1,0,0,0,0,1,0
0,0,0,-1.2384776399319688,0,0,0,0,0,0,0,-1.5114991922851597,1,0,0,1,0,1,0,0,1,0,0
0,1,0,1.4067238458392524,0,0,0,0,0,0,1,-1.3138695784980343,2,0,0,1,0,0,1,0,1,0,0
0,1,1,1.2846376234190422,0,1,0,1,1,1,1,-0.3390075340186859,0,1,0,0,0,0,1,0,0,1,0
1,0,0,1.3253330308924456,0,1,1,0,1,1,1,1.1390626867421658,1,0,1,0,1,0,0,1,0,0,0
0,1,1,-1.157086824985162,0,0,0,0,0,0,0,-1.4600158475170848,1,0,0,1,1,0,0,0,0,0,1
0,1,0,0.18586162163715025,0,0,1,0,1,1,1,1.1523487111984434,2,0,1,0,1,0,0,0,0,1,0
0,0,0,0.34864325153076386,0,0,0,0,0,0,1,-1.3138695784980343,2,0,0,1,1,0,0,1,0,0,0
0,0,0,-1.2791730474053722,0,0,0,0,0,0,1,0.1658613953198522,1,0,1,0,1,0,0,0,0,1,0
0,0,0,0.5928156963711843,0,0,0,0,0,0,1,-1.469980365859293,1,0,0,1,0,0,1,0,0,0,1
1,1,0,1.6102008832062693,0,0,0,0,0,0,1,-1.2989228009847222,2,0,0,1,0,0,1,0,1,0,0
0,0,1,-1.1977822324585654,0,0,0,0,0,0,0,-1.4816056372585356,1,0,0,1,1,0,0,1,0,0,0
0,0,0,-0.7908281577245314,1,0,0,0,1,1,1,0.237273776772343,1,1,0,0,1,0,0,0,0,1,0
0,1,1,1.5288100682594625,0,1,1,1,1,1,1,0.7022846327420492,2,1,0,0,0,0,1,0,1,0,0
0,0,1,0.4707294739509741,0,0,0,0,0,0,0,-1.4915701556007437,1,0,0,1,0,0,1,0,0,0,1
0,1,0,1.6102008832062693,0,1,1,1,1,1,1,1.451284261464683,2,0,1,0,0,1,0,1,0,0,0
0,1,1,-0.9943051950915484,0,0,1,0,1,1,1,0.9945771707801502,1,0,1,0,1,0,0,0,0,1,0
0,1,1,1.4474192533126558,1,1,1,0,1,1,1,1.34333531275743,1,0,1,0,0,0,1,1,0,0,0
1,1,0,-0.3024832680436906,0,1,1,0,1,1,1,1.11913365005775,1,0,1,0,1,0,0,0,0,1,0
0,1,1,1.4881146607860591,1,1,0,1,1,0,0,0.2954001337685563,2,1,0,0,0,1,0,0,1,0,0
0,1,1,-0.05831082320327015,1,0,1,1,1,1,0,-0.16130695691597666,0,1,0,0,0,1,0,0,0,1,0
0,0,0,-1.2791730474053722,0,1,0,0,0,0,0,-0.4934575683229097,1,1,0,0,1,0,0,0,0,1,0
0,0,0,0.2672524365839571,1,1,0,1,0,0,1,-0.8139829083306003,0,1,0,0,0,1,0,1,0,0,0
0,0,0,1.5288100682594625,1,1,1,1,1,1,1,1.665521405822155,2,0,1,0,0,0,1,1,0,0,0
1,0,0,-0.8722189726713382,0,1,0,0,1,1,1,1.0028809360653235,1,0,1,0,1,0,0,0,0,1,0
1,1,0,1.569505475732866,1,0,0,0,0,0,1,0.5279055617534094,2,0,1,0,0,0,1,0,1,0,0
1,1,0,-0.5873511203575144,0,0,0,1,1,1,0,1.1606524764836168,2,0,1,0,1,0,0,1,0,0,0
0,0,0,0.2672524365839571,0,0,0,0,0,0,0,-1.4915701556007437,1,0,0,1,0,1,0,0,0,0,1
0,0,0,0.2672524365839571,0,0,0,1,0,1,1,-0.8040183899883921,0,1,0,0,1,0,0,0,0,1,0
0,0,0,0.7149019187913945,0,0,0,0,0,0,0,-1.5081776861710903,1,0,0,1,0,0,1,0,1,0,0
0,1,0,0.7962927337382013,1,0,0,0,1,0,0,0.6408367696317664,1,0,1,0,1,0,0,0,0,1,0
0,1,1,-0.38387408299049736,0,0,0,0,0,0,1,-1.3022443070987917,2,0,0,1,0,0,1,0,1,0,0
0,0,0,-1.0350006025649519,0,0,0,0,0,0,1,0.3419012193655266,2,0,1,0,1,0,0,1,0,0,0
0,0,0,-1.2384776399319688,0,0,0,0,0,0,1,-0.6296393189997522,1,1,0,0,1,0,0,0,0,0,1
0,0,0,-0.7908281577245314,1,0,0,1,1,0,1,-0.6396038373419605,0,1,0,0,1,0,0,0,1,0,0
0,1,1,1.4881146607860591,1,1,1,1,1,0,1,1.3383530535863257,2,0,1,0,0,1,0,0,1,0,0
0,1,1,1.4474192533126558,1,1,1,1,1,1,1,1.6572176405369816,2,0,1,0,0,0,1,1,0,0,0
0,1,0,1.569505475732866,0,0,0,0,0,0,1,-1.3421023804676238,2,0,0,1,0,0,1,0,1,0,0
0,0,0,0.5521202888977809,0,0,0,0,0,0,0,-1.5148206983992287,1,0,0,1,0,0,1,0,1,0,0
0,1,1,-0.7908281577245314,1,0,0,0,0,1,0,0.6391760165747318,1,0,1,0,1,0,0,0,0,1,0
0,0,1,-1.0350006025649519,0,0,0,0,0,0,0,-1.4865878964296397,1,0,0,1,0,1,0,0,0,0,1
1,1,0,-0.9943051950915484,0,1,1,0,0,1,1,-0.7126769718514855,0,1,0,0,1,0,0,0,0,0,1
0,0,0,-1.1163914175117586,0,0,0,0,0,0,0,-1.5031954269999863,1,0,0,1,0,1,0,0,0,1,0
0,0,0,-1.2791730474053722,0,0,1,0,0,0,1,-0.476850037752563,1,1,0,0,1,0,0,0,0,0,1
0,0,0,-0.8315235651979348,1,1,0,1,1,0,1,-0.4602425071822164,0,1,0,0,1,0,0,1,0,0,0
0,1,1,-0.09900623067667355,0,0,1,1,1,0,1,-0.010178428725822222,1,1,0,0,0,1,0,0,0,1,0
1,0,0,-1.2791730474053722,0,0,1,0,0,1,1,0.6707303246583904,1,0,1,0,1,0,0,0,0,1,0
1,1,0,1.6102008832062693,1,1,1,1,1,1,1,1.7020579730769174,2,0,1,0,0,0,1,1,0,0,0
0,0,0,-0.26178786057028713,0,1,0,0,1,0,1,0.6956416205139104,1,0,1,0,1,0,0,0,0,1,0
0,1,1,1.6102008832062693,1,0,1,1,1,1,1,0.6225684860043851,2,1,0,0,0,0,1,0,1,0,0
0,0,0,0.4300340664775707,0,0,0,0,0,0,0,-1.5031954269999863,1,0,0,1,0,0,1,0,0,0,1
0,0,0,-1.2791730474053722,0,0,0,0,0,0,0,-1.4816056372585356,1,0,0,1,1,0,0,1,0,0,0
0,0,0,-0.05831082320327015,1,1,1,1,1,0,1,0.25388130734268965,1,1,0,0,1,0,0,1,0,0,0
1,0,0,-1.2384776399319688,0,0,0,0,0,0,0,-1.5148206983992287,1,0,0,1,1,0,0,0,0,1,0
1,1,0,1.3253330308924456,0,1,1,0,1,1,1,1.3134417577308057,2,0,1,0,1,0,0,0,0,1,0
0,1,0,1.2846376234190422,1,0,1,1,1,1,1,0.6707303246583904,2,1,0,0,0,0,1,0,1,0,0
0,1,1,0.38933865900416725,1,0,1,1,1,0,0,-0.5532446783761578,0,1,0,0,0,0,1,0,1,0,0
0,0,0,-0.9943051950915484,0,0,0,0,1,0,1,-0.18455749971446206,2,1,0,0,1,0,0,0,0,1,0
0,0,0,0.14516621416374687,0,0,0,0,0,1,1,0.6674088185443213,2,0,1,0,1,0,0,0,0,1,0
0,1,1,1.569505475732866,0,0,0,0,0,0,0,-1.4915701556007437,1,0,0,1,0,0,1,0,1,0,0
0,0,0,-0.13970163815007697,0,0,0,0,0,0,0,-1.5081776861710903,1,0,0,1,0,0,1,0,0,0,1
0,1,1,0.5114248814243775,0,0,0,0,0,0,1,-1.2922797887565838,2,0,0,1,0,1,0,0,1,0,0
0,0,0,-1.2791730474053722,1,0,0,0,0,0,1,-0.5399586539198805,1,1,0,0,1,0,0,0,0,0,1
1,0,0,1.3253330308924456,1,0,1,1,1,1,1,1.5127321245749656,2,0,1,0,0,0,1,0,0,1,0
1,1,0,1.569505475732866,1,1,1,1,0,0,1,0.9032357526432436,2,0,1,0,0,1,0,0,0,1,0
0,0,0,-1.1163914175117586,0,0,0,0,0,0,0,-1.4899094025437087,1,0,0,1,1,0,0,0,0,0,1
0,0,0,-0.34317867551709397,0,0,0,0,0,1,1,0.4996727597838198,1,0,1,0,1,0,0,0,1,0,0
0,1,1,0.4300340664775707,0,0,0,0,1,0,0,-0.28752418925061135,1,1,0,0,1,0,0,0,0,1,0
0,1,1,-0.9129143801447416,0,0,1,0,1,0,0,-0.15300319163080334,1,1,0,0,1,0,0,0,0,0,1
0,0,1,-1.2791730474053722,0,0,0,0,0,0,0,-1.3487453926957622,0,1,0,0,1,0,0,0,0,0,1
0,1,1,1.0404651785786216,0,0,0,0,0,0,1,-1.5031954269999863,1,0,0,1,0,1,0,0,0,1,0
1,0,0,-0.4652648979373042,0,0,1,0,1,0,1,-0.1579854508019075,1,1,0,0,1,0,0,1,0,0,0
0,0,0,0.9590743636318149,1,1,1,1,0,0,0,-0.656211367912307,0,1,0,0,0,0,1,1,0,0,0
1,0,0,-0.9129143801447416,0,0,0,0,0,1,1,-0.9999872507184826,0,1,0,0,1,0,0,0,0,1,0
0,0,0,-1.0350006025649519,0,0,0,0,0,0,1,-1.3437631335246583,0,1,0,0,0,1,0,0,1,0,0
1,0,1,-0.09900623067667355,0,0,0,1,1,1,1,1.2121358212516913,2,0,1,0,1,0,0,0,0,1,0
0,0,0,-0.26178786057028713,0,0,0,0,0,1,1,0.6358545104606627,2,0,1,0,1,0,0,0,0,1,0
0,1,0,-0.26178786057028713,0,0,0,0,0,0,0,-1.5148206983992287,1,0,0,1,0,1,0,0,0,0,1
0,0,0,-0.7908281577245314,0,0,0,0,0,0,1,-1.4899094025437087,1,0,0,1,0,1,0,0,0,0,1
1,0,0,-0.750132750251128,0,0,0,0,1,1,1,-0.6130317884294056,0,1,0,0,1,0,0,0,0,1,0
0,1,0,1.2032468084722354,1,1,1,0,1,0,1,0.23893452982937755,1,1,0,0,0,0,1,0,1,0,0
0,0,0,-0.34317867551709397,0,1,1,0,0,0,1,0.6657480654872863,2,0,1,0,1,0,0,1,0,0,0
0,1,0,1.0404651785786216,1,1,0,0,1,0,1,0.014732867129697756,1,1,0,0,1,0,0,0,1,0,0
0,1,1,0.8776835486850081,0,0,1,0,0,1,0,-0.04837574903761947,2,1,0,0,0,0,1,0,1,0,0
0,1,0,-0.5059603054107076,1,0,0,1,0,1,1,-0.02180370012506469,1,1,0,0,0,1,0,0,0,0,1
1,1,0,-1.0350006025649519,1,1,0,1,0,0,0,-0.020142947068030118,2,1,0,0,1,0,0,0,0,1,0
0,0,0,-0.953609787618145,0,0,0,0,0,0,0,-1.519802957570333,1,0,0,1,1,0,0,0,0,0,1
1,0,0,-1.1977822324585654,0,0,0,0,0,0,1,0.18579043200426845,1,0,1,0,1,0,0,0,0,1,0
0,1,1,0.22655702911055367,1,1,0,0,0,0,0,-0.3423290401327553,1,1,0,0,1,0,0,0,0,1,0
1,1,0,1.4474192533126558,1,1,0,0,0,1,1,1.054364280833398,2,0,1,0,0,1,0,0,1,0,0
0,1,0,0.9590743636318149,1,1,1,0,1,1,1,1.3549605841566723,1,0,1,0,0,1,0,0,1,0,0
0,0,0,-1.1977822324585654,1,1,0,0,0,0,1,-0.9750759548629626,0,1,0,0,1,0,0,0,0,0,1
0,0,0,-0.26178786057028713,0,1,1,0,0,0,1,-0.29084569536468075,1,1,0,0,0,1,0,0,0,0,1
0,1,0,1.569505475732866,1,0,0,1,0,0,0,-0.3423290401327553,1,1,0,0,0,0,1,1,0,0,0
0,0,0,-0.8315235651979348,0,0,0,0,0,0,0,-1.4749626250303969,1,0,0,1,1,0,0,0,0,0,1
0,0,0,-0.8315235651979348,1,0,0,1,0,0,1,-1.0365238179732452,0,1,0,0,0,1,0,0,0,0,1
0,0,0,1.2439422159456388,0,1,0,1,1,1,0,1.348317571928534,2,0,1,0,1,0,0,0,0,1,0
0,1,0,1.081160586052025,1,1,1,1,1,0,1,1.3931579044684699,2,0,1,0,1,0,0,0,0,1,0
0,1,0,-1.0350006025649519,0,0,0,0,1,0,1,0.7205529163694304,2,0,1,0,1,0,0,0,0,1,0
1,1,0,1.1218559935254284,1,1,1,1,1,1,1,1.7020579730769174,2,0,1,0,0,0,1,1,0,0,0
0,0,0,-0.9129143801447416,0,0,0,0,0,0,0,-1.2989228009847222,2,0,0,1,0,0,1,1,0,0,0
0,0,0,-1.2791730474053722,0,1,0,0,0,0,1,-0.46688551941035517,1,1,0,0,1,0,0,0,0,1,0
0,1,0,1.4067238458392524,1,1,1,0,0,1,0,0.3419012193655266,2,1,0,0,0,1,0,0,0,0,1
0,0,0,-0.6687419353043211,0,0,0,0,0,0,0,-1.4849271433726048,1,0,0,1,0,1,0,0,0,0,1
0,0,1,-0.9129143801447416,1,1,0,1,0,0,0,-0.8156436613876348,0,1,0,0,0,1,0,0,0,0,1
0,0,0,0.2672524365839571,0,0,1,1,0,0,0,-0.9717544487488935,0,1,0,0,0,1,0,0,0,0,1
0,0,0,1.4474192533126558,1,0,0,0,0,0,0,-0.34398979318978984,2,1,0,0,1,0,0,0,0,0,1
1,0,0,1.569505475732866,0,0,0,0,0,0,1,-1.3337986151824504,2,0,0,1,0,0,1,0,0,0,1
0,0,0,-0.9129143801447416,0,0,0,0,0,0,1,-1.494891661714813,1,0,0,1,0,1,0,0,0,0,1
0,0,0,-0.546655712884111,0,1,0,0,1,0,0,-0.21943331391218993,1,1,0,0,0,1,0,0,0,1,0
0,0,0,-1.2791730474053722,0,0,0,0,1,1,1,-0.6479076026271338,0,1,0,0,1,0,0,0,0,0,1
0,0,0,1.5288100682594625,1,0,1,1,1,1,0,0.49136899449864646,1,1,0,0,0,0,1,1,0,0,0
0,0,1,0.2672524365839571,0,0,1,0,0,0,0,-1.1527765319656718,0,1,0,0,1,0,0,0,1,0,0
0,0,0,-1.157086824985162,0,1,0,1,0,1,1,0.9530583443542836,2,0,1,0,1,0,0,0,0,1,0
0,0,1,-1.1977822324585654,0,0,1,0,0,1,0,0.8982534934721395,2,0,1,0,1,0,0,0,0,1,0
0,1,0,0.3079478440573605,0,1,0,0,1,1,1,1.2121358212516913,2,0,1,0,1,0,0,0,0,1,0
1,0,0,-0.09900623067667355,1,0,0,0,0,1,1,0.8534131609322037,2,0,1,0,1,0,0,0,1,0,0
0,1,1,0.5928156963711843,1,1,1,0,0,1,1,1.0394175033200859,1,0,1,0,0,1,0,0,0,1,0
1,1,1,1.569505475732866,0,0,0,0,0,0,0,-1.494891661714813,1,0,0,1,0,0,1,0,1,0,0
0,0,0,1.2439422159456388,0,0,0,0,0,0,0,-1.3487453926957622,2,0,0,1,0,0,1,0,0,0,1
1,0,0,-1.2384776399319688,0,0,1,0,0,1,1,0.7886437917078516,2,0,1,0,1,0,0,0,0,1,0
0,0,0,-1.0756960100383552,0,1,0,0,1,0,1,0.8285018650766837,2,0,1,0,1,0,0,0,0,1,0
1,1,0,-0.01761541572986675,0,0,1,1,1,1,1,1.3317100413581875,2,0,1,0,1,0,0,0,0,1,0
0,1,0,0.8369881412116047,0,0,0,0,0,0,0,-1.4915701556007437,1,0,0,1,0,0,1,0,1,0,0
0,0,0,0.8369881412116047,0,1,1,1,0,1,1,0.302043145996695,2,1,0,0,0,0,1,1,0,0,0
1,1,1,0.9590743636318149,1,0,0,1,1,1,1,0.25886356651379333,1,1,0,0,0,0,1,0,1,0,0
0,0,0,-0.8315235651979348,0,0,0,0,0,0,0,-1.5114991922851597,1,0,0,1,0,1,0,0,0,0,1
0,1,1,-0.9943051950915484,0,1,0,0,1,0,1,0.6225684860043851,1,0,1,0,1,0,0,0,0,1,0
0,0,0,0.06377539921694006,1,0,1,0,0,0,0,-0.2609521403380566,1,1,0,0,0,1,0,0,0,0,1
0,0,0,0.10447080669034346,1,0,0,0,0,0,0,-0.3174177442772353,2,1,0,0,0,0,1,0,0,0,1
0,1,1,-0.5059603054107076,0,0,0,0,0,0,0,-1.4865878964296397,1,0,0,1,0,0,1,0,0,0,1
0,0,0,-1.2791730474053722,0,0,0,0,0,0,0,-1.3421023804676238,0,1,0,0,1,0,0,0,0,0,1
0,1,1,1.569505475732866,1,1,1,1,1,1,0,1.6223418263392537,2,0,1,0,0,0,1,0,1,0,0
0,0,1,0.4300340664775707,1,1,0,0,0,1,1,-0.028446712353203445,1,1,0,0,1,0,0,0,0,1,0
0,0,0,1.1218559935254284,0,1,1,0,1,1,1,1.1573309703695476,1,0,1,0,0,0,1,0,0,1,0
0,1,0,1.2846376234190422,1,0,0,0,0,0,1,0.29041787459745205,1,0,1,0,1,0,0,0,0,0,1
0,1,1,1.6102008832062693,1,1,1,1,1,1,0,0.8683599384455157,2,1,0,0,0,0,1,0,1,0,0
0,1,1,0.10447080669034346,1,1,0,0,0,0,1,-0.1779144874863233,2,1,0,0,1,0,0,0,1,0,0
0,0,0,-0.8722189726713382,0,0,0,1,0,0,1,0.30038239293965996,1,0,1,0,1,0,0,0,0,1,0
0,1,1,0.6742065113179911,0,0,0,1,1,1,1,1.100865366430369,2,0,1,0,0,1,0,0,0,1,0
0,0,0,-1.2791730474053722,0,0,0,0,0,1,1,-0.3257215095624086,1,1,0,0,1,0,0,0,0,1,0
0,0,0,1.2846376234190422,0,0,0,0,0,0,0,-1.3321378621254156,2,0,0,1,0,1,0,0,0,0,1
0,1,1,1.6102008832062693,1,1,1,0,1,1,1,1.511071371517931,2,0,1,0,0,0,1,1,0,0,0
0,1,1,-1.2791730474053722,0,0,0,0,1,1,1,0.8401271364759262,1,0,1,0,1,0,0,0,0,1,0
0,0,0,-0.8722189726713382,0,1,0,0,1,0,1,-0.11812737743307546,1,1,0,0,0,1,0,0,0,1,0
0,1,1,-0.5059603054107076,0,1,0,1,1,0,0,1.0626680461185714,2,0,1,0,1,0,0,0,0,0,1
0,0,0,0.10447080669034346,0,0,1,0,1,1,0,-0.5183688641784296,0,1,0,0,1,0,0,0,0,1,0
1,1,0,-1.157086824985162,0,0,0,0,0,0,1,0.1791474197761297,1,0,1,0,1,0,0,0,0,1,0
1,0,0,-1.2791730474053722,0,0,0,0,0,0,1,0.14759311169247097,1,0,1,0,1,0,0,0,0,1,0
1,0,0,-1.2384776399319688,0,0,0,0,0,1,1,0.49136899449864646,1,0,1,0,1,0,0,0,0,1,0
0,0,1,-0.750132750251128,0,0,0,0,0,0,0,-1.4899094025437087,1,0,0,1,1,0,0,0,0,0,1
0,0,0,-1.2384776399319688,0,0,0,0,1,0,1,0.5029942658978894,1,0,1,0,1,0,0,0,0,1,0
0,0,0,-0.42456949046390074,0,0,0,0,1,0,1,0.6424975226888013,2,0,1,0,1,0,0,1,0,0,0
1,0,0,-1.2384776399319688,0,0,0,0,0,1,1,0.6391760165747318,2,0,1,0,1,0,0,0,0,1,0
0,0,0,-0.7908281577245314,0,0,0,0,0,0,0,-1.4816056372585356,1,0,0,1,0,1,0,0,0,0,1
0,1,1,-1.157086824985162,1,0,0,0,0,0,0,-0.48183229692366725,1,1,0,0,1,0,0,0,0,1,0
1,1,0,1.1625514009988318,0,0,0,0,0,0,0,-1.3221733437832077,2,0,0,1,0,0,1,1,0,0,0
0,0,0,0.7149019187913945,0,1,1,1,0,0,0,-0.8339119450150161,0,1,0,0,0,0,1,0,1,0,0
0,0,1,-1.2791730474053722,0,0,0,0,0,0,1,-0.6778011576537577,1,1,0,0,1,0,0,0,0,1,0
0,0,0,-0.8315235651979348,0,0,1,0,1,1,1,1.1739385009398942,2,0,1,0,1,0,0,1,0,0,0
1,0,0,1.6102008832062693,1,1,0,1,1,1,1,1.5044283592897922,2,0,1,0,0,0,1,1,0,0,0
0,0,1,0.7962927337382013,1,1,0,1,1,1,1,0.6757125838294947,2,1,0,0,0,0,1,0,0,0,1
0,1,0,-1.2384776399319688,0,0,0,0,1,1,0,-0.6711581454256189,0,1,0,0,1,0,0,0,0,1,0
0,0,0,0.3079478440573605,1,1,0,0,1,0,0,0.009750607958593572,1,1,0,0,1,0,0,0,0,0,1
0,0,0,-0.9943051950915484,0,0,0,0,1,0,1,0.5046550189549239,1,0,1,0,1,0,0,1,0,0,0
0,1,0,1.2846376234190422,1,0,1,0,1,0,1,0.989594911609046,2,0,1,0,0,0,1,0,1,0,0
0,1,1,0.8776835486850081,0,0,1,1,0,1,0,-0.6246570598286484,0,1,0,0,0,0,1,0,1,0,0
0,1,0,-0.26178786057028713,0,1,0,1,1,1,1,0.2738103440271054,1,1,0,0,1,0,0,0,0,1,0
0,1,1,0.10447080669034346,0,0,0,0,0,0,0,-1.5015346739429516,1,0,0,1,0,0,1,0,0,0,1
1,0,0,-1.0756960100383552,0,0,1,0,0,0,0,0.31865067656704166,1,0,1,0,1,0,0,0,0,1,0
0,1,1,1.4474192533126558,1,0,1,1,1,1,1,1.4695525450920643,2,0,1,0,0,0,1,1,0,0,0
1,1,0,0.8369881412116047,1,0,0,1,0,0,1,-0.1579854508019075,2,1,0,0,0,1,0,0,0,1,0
1,1,0,-0.42456949046390074,1,1,0,1,0,0,1,-0.041732736809480954,2,1,0,0,1,0,0,0,0,0,1
0,1,1,-0.3024832680436906,0,0,1,0,0,1,1,0.8069120753352329,2,0,1,0,1,0,0,0,0,1,0
0,0,0,-1.2791730474053722,0,0,0,1,0,0,1,-0.46522476635332055,1,1,0,0,1,0,0,0,0,1,0
0,1,0,1.6102008832062693,0,0,1,0,1,1,1,1.0975438603162992,2,0,1,0,0,0,1,0,0,1,0
0,1,1,0.9590743636318149,0,0,1,0,1,1,1,1.1623132295406513,2,0,1,0,0,1,0,0,1,0,0
0,1,0,0.9997697711052183,0,1,1,1,1,1,1,-0.24268385671067536,0,1,0,0,0,0,1,1,0,0,0
0,1,0,1.6102008832062693,0,1,1,1,1,1,1,0.6856771021717025,2,1,0,0,0,0,1,0,1,0,0
0,1,1,1.569505475732866,0,0,0,0,0,0,0,-1.5065169331140555,1,0,0,1,0,0,1,0,0,0,1
0,0,0,-0.6687419353043211,0,0,1,0,0,1,1,0.013072114072663185,2,1,0,0,1,0,0,0,1,0,0
0,0,0,-1.2791730474053722,0,0,1,0,1,0,1,0.6856771021717025,1,0,1,0,1,0,0,0,0,1,0
1,0,0,-0.5873511203575144,0,1,0,1,1,1,1,1.2885304618752857,2,0,1,0,1,0,0,0,1,0,0
0,1,1,0.22655702911055367,1,0,1,1,1,1,1,0.684016349114668,2,1,0,0,0,0,1,1,0,0,0
0,1,0,-1.2791730474053722,1,0,1,0,0,0,0,-0.3024709667639232,1,1,0,0,1,0,0,0,0,0,1
1,0,0,-0.09900623067667355,1,1,0,0,1,1,1,0.3302759479662841,1,1,0,0,1,0,0,0,0,1,0
0,0,0,0.06377539921694006,0,0,0,0,0,0,1,0.17250440754799096,1,0,1,0,1,0,0,0,1,0,0
1,1,0,-0.38387408299049736,0,0,0,0,1,1,1,0.8517524078751691,1,0,1,0,1,0,0,0,0,1,0
0,1,1,-1.0350006025649519,1,0,1,1,0,1,0,-0.5034220866651178,0,1,0,0,0,0,1,0,1,0,0
0,1,1,-0.7908281577245314,0,0,0,0,0,0,1,-1.3221733437832077,2,0,0,1,0,0,1,1,0,0,0
0,0,0,-0.42456949046390074,0,0,0,0,0,0,0,-1.3138695784980343,2,0,0,1,0,0,1,0,0,0,1
0,1,1,1.4474192533126558,1,1,1,0,1,1,1,1.507749865403862,2,0,1,0,0,0,1,0,0,1,0
0,0,0,-0.3024832680436906,0,0,0,0,0,0,0,0.1642006422628176,1,0,1,0,1,0,0,0,0,1,0
1,0,0,0.4300340664775707,1,1,0,0,0,0,1,-1.0415060771443492,0,1,0,0,1,0,0,0,1,0,0
0,0,1,-0.34317867551709397,0,0,0,0,0,0,0,-1.4533728352889463,1,0,0,1,0,1,0,1,0,0,0
1,1,0,1.6102008832062693,1,1,1,0,1,1,1,0.6408367696317664,2,1,0,0,0,0,1,0,1,0,0
0,0,0,0.9590743636318149,0,1,0,1,0,1,1,0.9846126524379423,2,0,1,0,1,0,0,0,0,1,0
0,1,1,-0.9943051950915484,0,0,0,0,0,0,0,-1.5015346739429516,1,0,0,1,0,0,1,0,1,0,0
1,1,0,1.6102008832062693,0,1,1,1,1,1,1,1.5276789020882777,2,0,1,0,0,0,1,0,1,0,0
0,1,0,1.2439422159456388,0,0,0,1,0,0,1,0.544513092323756,2,0,1,0,0,1,0,0,1,0,0
0,0,0,0.5114248814243775,1,0,0,0,0,0,1,-0.4619032602392512,1,1,0,0,1,0,0,1,0,0,0
1,1,0,1.081160586052025,1,0,1,1,1,1,1,-0.025125206239134303,0,1,0,0,0,0,1,0,1,0,0
0,0,0,-0.750132750251128,0,0,0,0,0,0,1,0.20571946868868424,1,0,1,0,1,0,0,0,1,0,0
0,0,0,-0.750132750251128,0,0,0,0,0,0,0,-1.4749626250303969,1,0,0,1,0,1,0,1,0,0,0
1,1,0,-0.5059603054107076,0,1,0,1,1,1,0,1.4031224228106778,2,0,1,0,1,0,0,0,0,1,0
0,0,0,0.22655702911055367,0,0,1,1,0,1,1,-0.08325156323534759,1,1,0,0,0,1,0,0,0,0,1
1,0,0,0.8776835486850081,0,1,0,1,1,0,0,0.2422560359434467,2,1,0,0,0,1,0,0,0,0,1
1,1,1,-0.01761541572986675,0,0,1,0,1,0,1,0.8816459629017928,2,0,1,0,1,0,0,0,0,0,1
0,1,1,0.6742065113179911,0,1,0,0,1,1,1,1.1141513908866458,2,0,1,0,1,0,0,0,0,1,0
0,1,1,1.4067238458392524,0,1,0,0,0,0,0,-0.4735285316384939,1,1,0,0,0,1,0,0,1,0,0
0,0,0,-1.1163914175117586,0,0,1,0,1,0,1,0.9198432832135903,2,0,1,0,1,0,0,0,0,1,0
1,0,0,-1.157086824985162,0,0,0,0,0,0,1,0.3203114296240762,2,0,1,0,1,0,0,0,0,1,0
0,0,0,-0.953609787618145,0,0,0,0,0,0,0,-1.4749626250303969,1,0,0,1,1,0,0,0,0,0,1
0,0,0,-0.9943051950915484,0,0,0,0,0,0,0,-1.5148206983992287,1,0,0,1,1,0,0,0,0,0,1
0,1,0,1.569505475732866,1,1,1,1,1,1,1,0.6640873124302518,1,1,0,0,0,1,0,1,0,0,0
0,1,1,-0.750132750251128,0,0,0,0,0,0,0,-1.5281067228555063,1,0,0,1,0,0,1,0,0,0,1
0,1,1,1.2846376234190422,1,0,1,0,1,1,1,0.2738103440271054,1,1,0,0,0,1,0,0,1,0,0
0,0,0,-0.3024832680436906,0,0,1,1,1,1,0,-0.35229355847496313,0,1,0,0,0,1,0,0,0,1,0
0,0,0,1.6102008832062693,0,0,0,0,0,0,1,-1.494891661714813,1,0,0,1,0,0,1,0,1,0,0
0,0,0,-1.2791730474053722,0,0,0,0,0,0,1,0.17084365449095637,1,0,1,0,1,0,0,0,0,0,1
0,1,1,1.3253330308924456,1,1,1,0,0,1,0,0.25388130734268965,2,1,0,0,0,1,0,0,1,0,0
0,0,0,-1.2384776399319688,0,1,0,0,0,0,1,0.5710851412363106,2,0,1,0,1,0,0,0,0,1,0
0,1,1,-0.05831082320327015,1,0,0,1,0,0,0,-0.9767367079199974,0,1,0,0,1,0,0,1,0,0,0
0,1,0,1.569505475732866,0,0,1,1,1,1,1,0.519601796468236,2,1,0,0,0,0,1,1,0,0,0
0,1,0,-1.1163914175117586,0,0,0,0,0,0,0,-1.5098384392281248,1,0,0,1,1,0,0,0,0,0,1
0,1,1,1.081160586052025,1,1,0,1,0,0,0,0.023036632414871083,2,1,0,0,0,1,0,0,0,0,1
0,1,0,-0.13970163815007697,0,1,0,0,0,0,1,0.5096372781260282,2,0,1,0,1,0,0,1,0,0,0
1,0,0,1.2439422159456388,0,0,1,0,0,1,1,0.8235196059055795,2,0,1,0,1,0,0,1,0,0,0
1,0,0,-0.01761541572986675,0,0,0,0,1,1,0,0.8683599384455157,1,0,1,0,1,0,0,0,0,1,0
0,0,1,0.8776835486850081,0,1,0,0,0,0,1,-0.3257215095624086,2,1,0,0,1,0,0,0,1,0,0
0,1,1,0.5928156963711843,0,1,0,0,1,0,0,0.7438034591679159,2,0,1,0,1,0,0,0,0,1,0
0,0,0,-1.2791730474053722,0,0,0,0,0,0,1,-0.6479076026271338,1,1,0,0,1,0,0,0,0,1,0
0,1,1,0.6335111038445876,0,0,0,1,0,0,1,-1.1727055686500878,0,1,0,0,1,0,0,0,1,0,0
0,1,1,-0.38387408299049736,0,0,1,0,0,0,1,0.3485442315936654,1,0,1,0,1,0,0,0,1,0,0
0,0,0,-0.38387408299049736,0,1,0,0,1,1,0,1.0128454544075314,1,0,1,0,1,0,0,0,0,0,1
0,0,1,-0.26178786057028713,0,0,1,0,0,0,1,-1.1627410503078799,0,1,0,0,1,0,0,0,0,0,1
0,1,1,1.366028438365849,0,0,0,0,0,0,1,-1.4965524147718476,1,0,0,1,0,0,1,0,0,0,1
0,1,0,-1.0350006025649519,1,1,0,0,0,0,0,-1.0165947812888292,0,1,0,0,1,0,0,0,0,0,1
0,0,0,0.8776835486850081,1,0,0,1,1,0,0,-0.6512291087412029,0,1,0,0,0,0,1,0,1,0,0
0,1,0,-0.34317867551709397,0,1,0,0,1,1,1,0.15423612392060973,1,1,0,0,1,0,0,1,0,0,0
0,1,1,-0.5873511203575144,0,0,0,0,0,0,0,-1.494891661714813,1,0,0,1,0,1,0,1,0,0,0
0,0,0,-0.5873511203575144,0,0,1,1,0,1,1,1.0045416891223582,2,0,1,0,1,0,0,1,0,0,0
0,0,0,-0.750132750251128,0,1,0,0,0,0,1,-0.3506328054179286,2,1,0,0,0,1,0,0,0,0,1
0,0,0,-1.0350006025649519,0,0,0,0,0,0,0,-1.4865878964296397,1,0,0,1,1,0,0,0,0,0,1
0,1,1,-1.0350006025649519,1,0,1,1,0,1,1,0.21734474008792673,1,1,0,0,1,0,0,0,1,0,0
0,0,0,1.2846376234190422,0,0,0,0,0,0,1,-1.3421023804676238,2,0,0,1,0,1,0,1,0,0,0
1,0,0,-1.157086824985162,0,0,1,0,1,1,1,0.9945771707801502,1,0,1,0,1,0,0,0,0,1,0
1,1,0,1.1218559935254284,0,1,0,0,0,1,0,0.8185373467344758,2,0,1,0,1,0,0,0,0,1,0
1,1,0,1.5288100682594625,1,0,0,0,0,1,1,0.8650384323314462,2,0,1,0,1,0,0,0,0,1,0
0,1,1,0.7555973262647979,1,0,0,1,1,1,1,0.3850807988484283,1,1,0,0,0,1,0,1,0,0,0
0,1,1,1.5288100682594625,0,0,0,0,0,0,0,-1.494891661714813,1,0,0,1,0,0,1,1,0,0,0
1,1,0,1.6102008832062693,0,1,1,1,1,1,0,1.491142334833515,2,0,1,0,0,0,1,0,1,0,0
0,1,1,0.4707294739509741,0,0,1,1,1,1,1,-0.348972052360894,0,1,0,0,0,1,0,0,0,1,0
1,0,0,-0.8722189726713382,0,1,1,1,1,1,1,1.547607938772694,2,0,1,0,1,0,0,0,0,1,0
1,0,0,-0.5059603054107076,0,1,1,0,0,1,1,0.9729873810386994,2,0,1,0,1,0,0,0,0,1,0
1,1,1,-0.38387408299049736,0,1,1,0,0,1,1,0.7853222855937825,1,0,1,0,1,0,0,1,0,0,0
0,0,0,-0.4652648979373042,0,0,0,0,0,0,1,-1.4766233780874316,1,0,0,1,0,1,0,0,0,0,1
0,0,0,-1.0350006025649519,0,1,0,0,1,1,1,1.1623132295406513,2,0,1,0,1,0,0,0,0,1,0
0,1,1,-1.2791730474053722,0,0,0,1,1,0,0,-0.8206259205587387,0,1,0,0,1,0,0,0,0,1,0
0,1,0,1.1625514009988318,0,0,0,0,0,0,0,-1.3072265662698956,2,0,0,1,0,0,1,1,0,0,0
0,1,1,0.5928156963711843,0,0,0,0,0,0,1,-1.445069070003773,1,0,0,1,0,0,1,1,0,0,0
0,1,0,1.0404651785786216,1,1,1,0,1,1,1,0.707266891913153,2,1,0,0,0,0,1,0,0,1,0
0,1,1,-0.750132750251128,0,1,0,1,1,1,0,0.519601796468236,2,1,0,0,1,0,0,0,1,0,0
0,1,1,0.5928156963711843,0,0,0,0,0,0,0,-1.4865878964296397,1,0,0,1,0,1,0,0,0,0,1
0,1,0,-0.9129143801447416,1,0,0,0,0,0,1,0.44320715584464154,2,0,1,0,1,0,0,0,1,0,0
0,0,0,0.7962927337382013,1,0,0,1,1,1,1,0.49635125366975064,2,1,0,0,0,0,1,0,1,0,0
0,1,1,-0.4652648979373042,0,0,0,0,0,0,0,-1.494891661714813,1,0,0,1,0,1,0,0,0,0,1
0,1,1,-0.9943051950915484,0,0,0,0,0,0,0,-1.3421023804676238,2,0,0,1,0,1,0,0,0,0,1
0,0,0,-1.2384776399319688,0,1,0,0,1,0,1,-0.19286126499963538,1,1,0,0,1,0,0,0,0,1,0
0,1,0,0.9590743636318149,0,0,0,0,1,0,1,0.6906593613428063,2,0,1,0,1,0,0,1,0,0,0
0,0,0,0.4707294739509741,0,0,1,1,1,1,0,1.1722777478828592,1,0,1,0,0,0,1,1,0,0,0
0,1,0,0.6742065113179911,0,1,0,0,1,1,1,0.9962379238371848,1,0,1,0,0,0,1,0,0,1,0
0,0,0,-1.2791730474053722,1,1,0,0,0,0,1,-0.329043015676478,1,1,0,0,1,0,0,0,0,1,0
0,1,1,-1.0756960100383552,0,0,0,1,0,0,1,0.5212625495252706,2,0,1,0,1,0,0,0,0,1,0
0,0,0,-1.1977822324585654,0,0,0,0,0,0,1,0.3419012193655266,2,0,1,0,1,0,0,0,1,0,0
0,1,0,1.3253330308924456,0,0,0,0,0,0,1,-1.4749626250303969,1,0,0,1,0,0,1,0,1,0,0
0,0,1,0.5521202888977809,0,1,1,0,1,1,1,1.1623132295406513,1,0,1,0,1,0,0,0,0,1,0
0,1,1,1.366028438365849,0,0,1,1,1,1,0,-0.3373467809616513,0,1,0,0,0,0,1,1,0,0,0
0,0,0,-1.2791730474053722,0,0,0,1,0,0,1,-0.4951183213799445,1,1,0,0,1,0,0,0,0,1,0
0,0,0,-0.34317867551709397,0,0,0,0,0,0,0,-1.4733018719733622,1,0,0,1,0,1,0,0,1,0,0
0,0,0,-0.8315235651979348,0,0,1,0,1,1,0,0.3302759479662841,2,1,0,0,1,0,0,1,0,0,0
0,1,1,1.6102008832062693,1,0,1,1,1,1,1,0.7006238796850146,2,1,0,0,0,0,1,0,1,0,0
0,1,1,1.5288100682594625,1,1,1,0,1,1,1,0.5096372781260282,1,1,0,0,0,0,1,0,1,0,0
1,1,0,-1.157086824985162,0,0,0,0,1,0,1,0.6126039676621772,2,0,1,0,1,0,0,0,0,1,0
0,0,0,0.2672524365839571,1,0,0,0,0,0,1,-0.5632091967183657,1,1,0,0,0,1,0,0,0,1,0
0,0,0,-1.1977822324585654,0,0,0,0,0,0,0,-1.3304771090683811,0,1,0,0,1,0,0,0,0,1,0
0,0,1,-0.18039704562348036,0,1,0,1,0,0,1,-0.3456505462468246,1,1,0,0,0,1,0,0,1,0,0
0,0,0,-0.42456949046390074,0,0,0,0,0,1,0,0.6059609554340385,2,0,1,0,1,0,0,0,0,1,0
0,1,1,0.023079991743536653,0,0,0,0,0,0,0,-1.4849271433726048,1,0,0,1,0,0,1,0,0,0,1
0,1,1,0.9590743636318149,1,1,1,1,1,0,0,0.5461738453807906,2,1,0,0,0,0,1,0,1,0,0
0,1,1,0.14516621416374687,1,0,1,0,1,1,1,1.31842401690191,2,0,1,0,1,0,0,0,1,0,0
0,1,0,1.6102008832062693,0,0,0,0,0,0,0,-1.2740115051292022,2,0,0,1,0,0,1,0,1,0,0
0,1,1,0.5114248814243775,0,1,1,1,1,1,1,1.4928030878905498,2,0,1,0,0,0,1,1,0,0,0
0,1,1,1.4881146607860591,0,1,1,0,1,0,0,1.0277922319208435,2,0,1,0,0,1,0,0,1,0,0
1,1,0,1.4067238458392524,1,1,0,0,0,0,0,0.632533004346593,2,0,1,0,1,0,0,1,0,0,0
0,1,0,1.0404651785786216,0,0,1,0,1,1,0,1.1805815131680326,2,0,1,0,0,1,0,0,1,0,0
0,1,1,0.38933865900416725,1,1,0,0,1,0,1,0.15257537086357514,2,1,0,0,1,0,0,1,0,0,0
0,1,0,-0.05831082320327015,0,0,1,0,1,0,0,0.7919652978219213,2,0,1,0,1,0,0,0,1,0,0
0,1,1,0.8776835486850081,1,1,0,1,0,0,1,0.028018891585975265,2,1,0,0,0,0,1,0,1,0,0
0,1,1,-1.2384776399319688,0,0,0,0,0,0,0,-1.4782841311444663,1,0,0,1,1,0,0,0,0,0,1
0,1,1,-1.0756960100383552,0,1,1,1,0,0,0,-0.805679143045427,0,1,0,0,0,0,1,0,0,0,1
1,1,0,0.8369881412116047,0,0,0,0,1,1,1,1.0311137380349127,2,0,1,0,0,1,0,0,1,0,0
1,1,0,-0.13970163815007697,0,0,0,0,1,1,1,0.9846126524379423,2,0,1,0,1,0,0,0,0,1,0
0,0,0,1.5288100682594625,1,0,0,1,1,1,1,1.3018164863315633,2,0,1,0,0,0,1,0,1,0,0
0,0,0,-0.5059603054107076,0,0,0,0,0,0,0,0.19077269117537218,1,0,1,0,1,0,0,0,1,0,0
0,1,1,0.9183789561584115,0,0,0,0,0,0,1,0.1409500994643322,1,0,1,0,0,0,1,0,1,0,0
1,1,0,1.6102008832062693,1,1,1,1,1,1,1,0.8318233711907528,2,1,0,0,0,0,1,1,0,0,0
0,1,1,0.4707294739509741,0,0,0,0,0,0,0,-1.2989228009847222,2,0,0,1,0,1,0,0,0,0,1
0,0,0,-1.2791730474053722,0,0,0,0,0,0,1,-0.6894264290530003,1,1,0,0,1,0,0,1,0,0,0
0,0,0,0.6335111038445876,0,0,1,1,1,1,1,1.2968342271604592,2,0,1,0,1,0,0,0,0,1,0
0,1,0,0.6335111038445876,0,1,1,0,1,1,1,1.0709718114037448,1,0,1,0,0,1,0,0,0,1,0
1,1,0,-0.5873511203575144,1,0,0,0,0,1,1,-0.189539758885566,1,1,0,0,1,0,0,0,1,0,0
1,0,0,0.6742065113179911,1,1,1,1,0,1,0,1.26860142519087,2,0,1,0,0,1,0,1,0,0,0
0,1,1,1.6102008832062693,1,1,1,1,1,0,0,0.5112980311830627,2,1,0,0,0,0,1,1,0,0,0
0,0,0,0.3079478440573605,0,1,0,1,0,0,0,-0.9568076712355814,0,1,0,0,0,1,0,0,1,0,0
0,1,0,0.8776835486850081,1,1,0,0,1,1,0,1.3865148922403312,2,0,1,0,0,1,0,1,0,0,0
0,1,0,0.10447080669034346,0,0,0,0,0,0,1,0.18246892589019884,1,0,1,0,1,0,0,0,0,1,0
0,0,0,-1.0756960100383552,0,0,0,0,1,1,1,0.8733421976166195,1,0,1,0,1,0,0,0,0,1,0
1,0,0,1.3253330308924456,0,1,1,0,1,0,1,1.0178277135786356,2,0,1,0,1,0,0,1,0,0,0
0,0,0,-1.157086824985162,0,0,0,0,0,0,0,-1.4766233780874316,1,0,0,1,1,0,0,0,0,0,1
0,1,0,-0.6687419353043211,0,0,0,0,0,0,0,-1.5015346739429516,1,0,0,1,1,0,0,0,0,0,1
0,0,0,-1.157086824985162,0,0,1,1,0,1,1,0.8500916548181345,1,0,1,0,1,0,0,0,0,1,0
0,0,0,0.9590743636318149,1,0,0,1,1,1,1,1.3466568188714991,2,0,1,0,1,0,0,0,0,0,1
0,1,1,0.7962927337382013,1,1,1,0,1,1,0,0.47808297004236944,1,1,0,0,0,0,1,0,0,1,0
0,1,0,0.14516621416374687,1,0,1,0,0,0,0,-0.978397460977032,0,1,0,0,0,1,0,0,0,0,1
1,0,0,-0.9129143801447416,0,0,0,0,1,1,1,1.014506207464566,2,0,1,0,1,0,0,0,0,1,0
0,0,0,1.4881146607860591,1,0,1,1,1,1,1,0.5860319187496227,1,1,0,0,0,0,1,0,1,0,0
0,0,0,-0.546655712884111,0,0,1,0,1,0,1,-0.8355726980720508,0,1,0,0,1,0,0,0,0,1,0
1,1,0,1.5288100682594625,0,0,0,0,0,0,1,0.3601695029929083,2,0,1,0,0,0,1,0,1,0,0
0,0,1,1.5288100682594625,1,1,0,1,0,0,0,0.004768348787489859,2,1,0,0,0,1,0,1,0,0,0
0,0,0,1.1218559935254284,1,1,1,0,0,0,0,-0.8372334511290854,0,1,0,0,0,0,1,1,0,0,0
0,0,0,0.10447080669034346,0,0,0,0,0,0,0,0.35020498465069994,2,0,1,0,1,0,0,0,1,0,0
0,1,1,1.081160586052025,0,1,1,0,1,1,1,1.373228867784054,2,0,1,0,0,1,0,0,0,1,0
0,0,0,-0.8315235651979348,1,0,0,0,0,0,1,0.49801200672678525,2,0,1,0,1,0,0,0,0,1,0
0,1,0,0.5114248814243775,0,1,1,0,1,1,1,1.426372965609163,2,0,1,0,1,0,0,1,0,0,0
1,0,0,-0.8722189726713382,0,0,0,0,0,1,1,0.4764222169853349,1,0,1,0,1,0,0,0,1,0,0
0,0,1,-0.3024832680436906,0,0,0,0,0,0,0,-1.4616766005741197,1,0,0,1,1,0,0,0,0,0,1
0,1,0,-1.2791730474053722,0,0,0,0,0,0,1,0.13762859335026306,1,0,1,0,1,0,0,0,0,1,0
0,1,0,-0.22109245309688375,1,0,0,0,0,0,0,-0.5349763947487763,1,1,0,0,0,1,0,0,1,0,0
0,1,0,0.6742065113179911,0,1,0,0,1,0,1,0.6806948430005983,1,0,1,0,1,0,0,0,1,0,0
0,1,0,1.2846376234190422,1,1,1,1,0,1,1,0.31698992351000665,1,1,0,0,0,0,1,0,0,0,1
0,1,0,1.366028438365849,0,1,1,1,0,0,1,0.8550739139892383,2,0,1,0,0,1,0,1,0,0,0
0,1,1,1.0404651785786216,0,1,0,1,1,1,1,0.3452227254795962,1,1,0,0,0,1,0,0,1,0,0
1,0,0,-1.2791730474053722,0,0,0,0,0,0,0,-0.6512291087412029,1,1,0,0,1,0,0,0,0,1,0
1,0,0,-0.5873511203575144,0,0,0,0,1,1,1,1.0178277135786356,2,0,1,0,1,0,0,0,0,1,0
0,1,0,0.38933865900416725,0,0,1,1,1,1,1,1.1357411806280968,1,0,1,0,0,0,1,0,1,0,0
1,0,0,-1.2791730474053722,0,0,0,0,0,0,1,0.29373938071152167,2,0,1,0,1,0,0,0,0,1,0
1,1,0,1.569505475732866,1,1,0,1,1,0,1,0.20571946868868424,1,1,0,0,0,1,0,1,0,0,0
0,1,0,-0.3024832680436906,0,0,1,0,0,0,1,0.32529368879517995,1,0,1,0,1,0,0,0,0,1,0
0,0,0,-0.5059603054107076,1,1,1,1,1,0,1,-0.3257215095624086,0,1,0,0,1,0,0,0,1,0,0
0,1,1,1.4881146607860591,1,0,1,0,0,1,1,-0.6927479351670696,0,1,0,0,0,0,1,0,1,0,0
0,1,0,1.4067238458392524,0,1,1,0,1,1,1,1.358282090270742,2,0,1,0,0,1,0,1,0,0,0
1,1,0,0.14516621416374687,0,0,0,0,0,1,1,0.6790340899435638,2,0,1,0,1,0,0,0,1,0,0
0,1,0,1.6102008832062693,1,1,1,1,1,1,1,1.6223418263392537,2,0,1,0,0,0,1,0,1,0,0
0,1,1,1.6102008832062693,0,0,0,0,0,0,1,-1.2806545173573411,2,0,0,1,0,0,1,1,0,0,0
0,0,0,-1.2384776399319688,0,1,0,0,0,0,1,-0.5233511233495338,1,1,0,0,1,0,0,0,1,0,0
0,0,0,-0.7094373427777246,0,0,0,0,1,0,0,-0.28752418925061135,1,1,0,0,0,1,0,0,0,0,1
0,1,0,1.6102008832062693,0,0,0,0,0,0,0,-1.3288163560113464,2,0,0,1,0,0,1,0,1,0,0
0,0,0,-1.157086824985162,0,0,0,1,0,1,1,-0.8222866736157736,0,1,0,0,1,0,0,0,0,1,0
1,0,0,1.2846376234190422,0,0,1,1,1,1,0,1.2387078701642458,2,0,1,0,0,1,0,0,0,1,0
0,0,0,-0.9943051950915484,0,0,0,0,0,0,1,0.1758259136620601,1,0,1,0,1,0,0,0,0,0,1
0,1,1,0.7555973262647979,1,1,0,0,0,1,1,0.9630228626964915,2,0,1,0,1,0,0,0,0,1,0
0,0,0,0.7962927337382013,1,1,0,0,1,0,1,-0.05169725515168885,1,1,0,0,0,0,1,0,1,0,0
0,1,1,1.569505475732866,1,1,0,1,1,1,0,-0.2044865363988781,0,1,0,0,0,0,1,0,0,0,1
0,0,0,-0.5873511203575144,1,0,0,0,0,0,0,-0.28420268313654196,2,1,0,0,1,0,0,0,0,0,1
1,0,0,-0.34317867551709397,0,1,1,0,1,1,1,1.2669406721338354,2,0,1,0,1,0,0,0,1,0,0
0,0,0,-1.2791730474053722,0,0,0,0,0,0,0,-1.4616766005741197,1,0,0,1,1,0,0,0,0,0,1
0,0,0,1.4881146607860591,0,0,0,0,0,0,0,-1.4899094025437087,1,0,0,1,0,0,1,0,1,0,0
0,0,0,-0.750132750251128,0,1,0,0,0,0,0,-0.476850037752563,1,1,0,0,1,0,0,0,0,1,0
0,1,0,0.7149019187913945,1,0,1,0,1,1,1,1.3151025107878407,2,0,1,0,0,1,0,0,0,0,1
0,1,1,-0.42456949046390074,1,1,1,0,0,0,0,-0.12144888354714484,1,1,0,0,1,0,0,0,0,0,1
0,0,0,1.1218559935254284,0,0,0,0,0,0,0,-1.4932309086577782,1,0,0,1,0,0,1,1,0,0,0
0,1,0,-1.2791730474053722,0,0,0,0,0,0,1,0.14427160557840182,1,0,1,0,1,0,0,0,0,1,0
0,1,0,0.5521202888977809,0,1,0,0,1,1,1,0.1426108525213668,1,1,0,0,1,0,0,0,1,0,0
0,0,1,-1.2791730474053722,0,0,0,0,0,0,0,-1.5131599453421942,1,0,0,1,1,0,0,0,0,0,1
0,0,0,-1.2384776399319688,0,0,0,0,0,0,1,-0.5117258519502912,2,1,0,0,1,0,0,0,0,1,0
0,0,1,-0.7908281577245314,1,0,0,0,0,0,1,-0.42204518687041914,1,1,0,0,1,0,0,0,1,0,0
0,1,1,-0.7094373427777246,0,0,0,0,0,0,1,0.3352582071373883,2,0,1,0,1,0,0,1,0,0,0
0,0,0,0.22655702911055367,1,1,1,0,0,0,1,0.634193757403628,1,0,1,0,1,0,0,0,1,0,0
0,1,1,-1.2791730474053722,0,0,0,0,0,0,0,-1.5131599453421942,1,0,0,1,1,0,0,0,0,1,0
0,1,1,0.7149019187913945,0,1,1,0,1,1,1,1.2968342271604592,2,0,1,0,1,0,0,1,0,0,0
0,1,1,1.0404651785786216,0,0,0,0,0,0,1,-0.6877656759959656,1,1,0,0,0,1,0,0,0,0,1
0,0,0,-1.1977822324585654,0,0,0,0,0,0,0,0.31865067656704166,2,0,1,0,1,0,0,1,0,0,0
0,1,1,-0.05831082320327015,0,0,0,0,0,0,0,-1.4550335883459808,1,0,0,1,0,0,1,0,0,0,1
0,1,0,-1.0756960100383552,0,0,0,0,0,0,0,-0.4801715438666324,2,1,0,0,1,0,0,0,0,1,0
0,0,1,-0.22109245309688375,1,1,0,0,0,0,0,-0.28586343619357657,1,1,0,0,0,1,0,0,0,0,1
0,0,1,-0.7094373427777246,0,0,0,0,0,0,1,-1.3288163560113464,2,0,0,1,1,0,0,0,0,1,0
0,1,1,-0.09900623067667355,0,1,1,1,1,1,1,1.4180692003239899,2,0,1,0,1,0,0,0,0,1,0
0,0,1,1.569505475732866,1,1,0,0,0,0,1,0.6856771021717025,2,0,1,0,0,1,0,0,1,0,0
0,0,0,-1.2791730474053722,0,1,0,1,1,0,0,0.8932712343010357,1,0,1,0,1,0,0,0,0,1,0
0,0,0,-0.8315235651979348,1,0,1,1,0,0,1,-0.10484135297679818,2,1,0,0,1,0,0,0,0,0,1
0,0,0,-0.9129143801447416,0,0,1,0,1,1,1,1.1888852784532058,2,0,1,0,1,0,0,0,0,1,0
0,0,0,-0.38387408299049736,0,0,0,0,0,0,0,-1.4733018719733622,1,0,0,1,0,1,0,0,0,0,1
0,1,0,1.6102008832062693,1,0,1,1,1,1,1,0.6508012879739747,2,1,0,0,0,0,1,0,1,0,0
0,1,1,-0.6687419353043211,1,1,0,1,1,1,0,0.6674088185443213,2,1,0,0,1,0,0,0,0,1,0
1,1,0,-1.2791730474053722,0,0,0,0,1,1,1,1.0062024421793927,2,0,1,0,1,0,0,0,0,1,0
1,0,0,0.10447080669034346,0,0,1,0,1,0,1,-0.8289296858439121,0,1,0,0,1,0,0,0,0,1,0
1,0,0,-1.2791730474053722,0,0,0,0,0,0,1,0.1608791361487485,1,0,1,0,1,0,0,0,0,1,0
0,0,0,-0.9129143801447416,0,0,0,0,0,0,1,-0.6396038373419605,1,1,0,0,1,0,0,0,0,1,0
0,1,0,1.1218559935254284,1,1,0,0,0,1,1,0.9729873810386994,2,0,1,0,1,0,0,0,1,0,0
0,0,0,-1.2791730474053722,0,0,0,0,0,0,0,-1.4749626250303969,1,0,0,1,1,0,0,0,0,0,1
0,0,0,-0.5873511203575144,1,0,1,0,0,0,1,-0.13971716717452606,2,1,0,0,1,0,0,0,0,0,1
0,0,1,0.06377539921694006,1,1,1,1,1,1,1,1.705379479190987,2,0,1,0,0,0,1,0,1,0,0
0,1,0,1.0404651785786216,1,0,0,1,0,0,1,-0.12477038966121422,2,1,0,0,0,1,0,1,0,0,0
1,0,0,-0.9943051950915484,0,0,0,0,0,0,1,0.36349100910697746,2,0,1,0,1,0,0,0,0,1,0
0,0,0,-1.2791730474053722,0,0,1,1,0,0,0,-0.09155532852052091,2,1,0,0,1,0,0,0,0,0,1
0,1,0,-1.157086824985162,1,0,0,0,0,0,1,-1.1876523461633999,0,1,0,0,1,0,0,0,0,1,0
0,0,0,-1.2384776399319688,0,0,0,0,0,0,0,-1.4932309086577782,1,0,0,1,1,0,0,0,0,0,1
1,1,0,0.023079991743536653,0,1,0,0,1,1,1,1.1888852784532058,2,0,1,0,1,0,0,1,0,0,0
0,1,1,1.081160586052025,0,0,0,0,0,0,0,-1.5048561800570208,1,0,0,1,0,0,1,0,0,0,1
0,0,0,-0.9943051950915484,0,0,0,0,0,0,1,-1.3138695784980343,0,1,0,0,1,0,0,0,1,0,0
0,0,0,0.5928156963711843,1,1,1,1,1,1,1,0.7354996938827425,1,1,0,0,0,1,0,1,0,0,0
0,0,0,-0.8722189726713382,0,0,0,0,0,1,1,-0.19452201805666997,2,1,0,0,1,0,0,0,0,0,1
0,0,0,0.9590743636318149,0,1,0,1,1,1,1,1.3499783249855686,2,0,1,0,1,0,0,1,0,0,0
0,0,0,0.2672524365839571,1,1,0,1,1,0,1,-0.526672629463603,0,1,0,0,1,0,0,0,1,0,0
1,0,0,1.366028438365849,1,0,0,0,1,1,1,1.2486723885064541,2,0,1,0,0,0,1,1,0,0,0
0,0,0,-0.13970163815007697,1,0,1,1,0,0,0,-0.2260763261403287,1,1,0,0,0,1,0,0,1,0,0
0,1,0,0.7555973262647979,1,1,1,1,1,1,1,0.632533004346593,1,1,0,0,0,0,1,0,1,0,0
0,0,1,-0.6687419353043211,1,1,0,0,0,1,1,0.1426108525213668,2,1,0,0,1,0,0,0,0,1,0
0,0,0,-1.2791730474053722,0,0,0,0,0,0,1,0.1691829014339218,1,0,1,0,1,0,0,0,0,1,0
0,1,1,1.569505475732866,0,0,0,0,0,0,1,-1.5015346739429516,1,0,0,1,0,0,1,1,0,0,0
0,1,0,1.569505475732866,0,1,1,0,0,1,1,0.9447545790691102,2,0,1,0,1,0,0,1,0,0,0
1,0,0,-1.2791730474053722,0,0,0,0,0,0,1,0.21070172785978844,1,0,1,0,1,0,0,0,0,1,0
0,1,0,0.8776835486850081,1,1,1,1,1,1,0,1.4928030878905498,1,0,1,0,0,0,1,1,0,0,0
0,0,0,0.18586162163715025,0,0,0,0,0,0,0,-1.4832663903155703,1,0,0,1,0,1,0,0,1,0,0
0,1,0,0.7555973262647979,0,1,1,0,1,1,1,1.3948186575255044,2,0,1,0,0,1,0,1,0,0,0
0,0,0,-1.2791730474053722,0,0,0,0,0,0,0,0.12766407500805518,1,0,1,0,1,0,0,0,0,1,0
0,1,0,0.10447080669034346,1,0,0,0,1,0,1,-0.08823382240645153,1,1,0,0,0,1,0,1,0,0,0
0,1,0,1.569505475732866,0,0,0,0,0,0,1,-1.290619035699549,2,0,0,1,0,0,1,0,1,0,0
0,1,0,1.3253330308924456,1,1,0,1,1,0,1,1.1739385009398942,2,0,1,0,0,1,0,1,0,0,0
0,1,0,-1.2384776399319688,1,0,0,0,0,1,1,-0.08823382240645153,1,1,0,0,1,0,0,0,0,0,1
0,0,1,-0.09900623067667355,0,1,1,0,1,0,0,-0.010178428725822222,1,1,0,0,0,1,0,0,1,0,0
0,0,0,-0.5059603054107076,0,1,0,0,0,0,1,-0.43200970521262727,1,1,0,0,1,0,0,0,0,0,1
0,1,1,0.6742065113179911,0,1,1,0,1,1,0,0.43822489667353737,1,1,0,0,0,1,0,0,1,0,0
0,0,0,1.081160586052025,0,0,0,0,0,0,0,-1.340441627410589,2,0,0,1,0,0,1,0,0,1,0
0,0,0,0.8776835486850081,1,0,1,1,0,0,0,0.6508012879739747,1,0,1,0,0,1,0,0,0,1,0
1,1,0,1.569505475732866,1,1,1,1,1,0,1,1.1490272050843742,1,0,1,0,0,0,1,0,0,1,0
0,0,0,-0.953609787618145,0,0,1,0,1,1,1,0.9713266279816648,1,0,1,0,1,0,0,0,0,1,0
0,1,0,0.4300340664775707,1,0,1,1,1,1,1,0.4647969455860919,1,1,0,0,0,0,1,0,0,1,0
0,1,0,1.1625514009988318,0,0,0,0,0,0,0,-1.3421023804676238,2,0,0,1,0,0,1,0,0,0,1
0,1,1,1.4474192533126558,0,1,0,1,0,1,0,0.1990764564605455,2,1,0,0,0,0,1,0,1,0,0
0,0,0,-1.0350006025649519,0,0,1,0,1,1,1,1.014506207464566,1,0,1,0,1,0,0,0,0,1,0
0,0,0,-0.05831082320327015,0,1,0,0,0,0,1,0.519601796468236,2,0,1,0,1,0,0,0,0,1,0
1,1,0,-0.5059603054107076,0,0,0,0,1,1,1,0.8700206915025503,1,0,1,0,0,1,0,1,0,0,0
0,0,0,1.2032468084722354,0,0,0,0,0,0,1,-1.2956012948706532,2,0,0,1,0,0,1,0,1,0,0
0,1,1,1.4067238458392524,1,0,0,0,1,1,1,0.3551872438218041,2,1,0,0,0,0,1,0,0,1,0
0,1,1,0.023079991743536653,0,0,0,0,0,0,0,-1.4849271433726048,1,0,0,1,0,1,0,0,0,0,1
1,1,0,1.6102008832062693,1,1,1,1,1,0,0,0.31865067656704166,1,1,0,0,0,0,1,1,0,0,0
0,0,0,1.2846376234190422,1,1,1,1,1,1,1,0.7172314102553613,2,1,0,0,0,0,1,0,1,0,0
0,0,0,-1.1977822324585654,0,0,1,0,0,0,1,-0.5200296172354645,1,1,0,0,1,0,0,0,0,1,0
1,1,0,0.7962927337382013,1,0,1,1,1,1,1,1.3167632638448754,1,0,1,0,0,1,0,1,0,0,0
0,1,0,0.6742065113179911,1,0,0,0,0,0,1,-0.3140962381631659,2,1,0,0,0,1,0,0,0,1,0
0,1,1,1.2846376234190422,1,0,0,1,1,1,1,1.3151025107878407,2,0,1,0,0,1,0,1,0,0,0
0,0,0,0.8776835486850081,1,1,0,0,1,0,1,0.01639362018673233,1,1,0,0,0,0,1,1,0,0,0
0,0,0,-1.1977822324585654,1,0,0,1,0,0,0,-1.0149340282317947,0,1,0,0,1,0,0,0,0,0,1
0,0,0,-0.9129143801447416,0,1,1,0,0,1,1,0.9978986768942193,2,0,1,0,1,0,0,0,0,1,0
0,0,0,-0.5059603054107076,0,0,0,1,0,0,0,-0.4917968152658751,1,1,0,0,1,0,0,0,0,0,1
0,0,0,-1.1163914175117586,0,1,0,0,1,0,1,0.6806948430005983,1,0,1,0,1,0,0,0,0,0,1
0,0,0,-1.157086824985162,0,0,0,0,0,0,1,0.37345552744918536,2,0,1,0,1,0,0,0,0,1,0
0,1,0,0.7962927337382013,1,0,0,0,0,1,1,-0.8272689327868775,0,1,0,0,1,0,0,0,0,1,0
0,0,0,0.22655702911055367,0,0,1,1,1,1,1,1.2901912149323207,2,0,1,0,1,0,0,0,0,1,0
0,1,1,-1.2791730474053722,0,0,0,0,1,1,0,0.8085728283922679,1,0,1,0,1,0,0,0,0,0,1
0,1,1,1.0404651785786216,1,1,1,1,0,0,0,0.22564850537310005,2,1,0,0,0,0,1,0,1,0,0
1,0,0,-0.7094373427777246,0,1,0,0,0,0,1,0.31865067656704166,1,0,1,0,1,0,0,0,0,1,0
0,0,0,1.2846376234190422,1,1,0,0,1,1,1,1.178920760110998,1,0,1,0,0,1,0,0,1,0,0
0,0,0,1.4474192533126558,1,0,1,0,0,0,1,-0.34398979318978984,1,1,0,0,0,1,0,0,1,0,0
0,0,0,-0.953609787618145,0,0,0,0,1,0,1,-0.9999872507184826,0,1,0,0,1,0,0,0,1,0,0
0,0,1,-0.953609787618145,0,0,0,0,1,0,0,-0.3140962381631659,1,1,0,0,1,0,0,0,0,1,0
0,0,0,-0.6687419353043211,0,1,0,0,0,0,0,-0.31575699122020073,2,1,0,0,1,0,0,0,0,1,0
0,0,0,-0.42456949046390074,1,0,0,0,0,0,1,-0.5316548886347072,1,1,0,0,1,0,0,0,1,0,0
0,0,0,-0.546655712884111,0,0,0,0,1,0,1,0.4614754394720228,1,0,1,0,1,0,0,1,0,0,0
0,1,1,-1.2791730474053722,0,0,0,0,0,0,1,-1.4550335883459808,1,0,0,1,1,0,0,0,0,1,0
0,0,0,0.34864325153076386,0,0,1,0,1,1,1,-0.44695648272593913,0,1,0,0,0,1,0,0,0,1,0
0,1,1,-0.6280465278309177,1,0,1,0,1,0,0,-0.6761404045967229,0,1,0,0,0,1,0,0,1,0,0
0,0,0,-1.2791730474053722,0,0,0,0,0,0,0,-1.5247852167414369,1,0,0,1,1,0,0,0,0,0,1
0,0,0,-1.0350006025649519,0,0,0,0,0,0,0,-1.4915701556007437,1,0,0,1,0,1,0,0,0,0,1
0,0,0,0.6335111038445876,1,1,1,0,1,1,1,0.619246979890316,2,1,0,0,0,1,0,0,1,0,0
1,0,0,-0.6687419353043211,0,0,0,0,1,0,1,0.6624265593732171,2,0,1,0,1,0,0,0,0,1,0
0,1,0,1.3253330308924456,1,0,1,1,0,1,0,0.3767770335632549,2,1,0,0,0,0,1,1,0,0,0
1,1,0,1.6102008832062693,1,1,1,1,1,1,1,1.6555568874799471,2,0,1,0,0,0,1,1,0,0,0
0,0,0,-0.13970163815007697,1,0,0,1,0,0,0,-0.9700936956918587,0,1,0,0,0,1,0,0,0,0,1
0,0,1,1.4067238458392524,0,1,0,1,1,1,1,1.3881756452973657,2,0,1,0,0,1,0,1,0,0,0
0,0,0,-0.42456949046390074,1,0,0,1,0,0,1,-0.19120051194260082,2,1,0,0,1,0,0,0,0,0,1
1,0,0,-0.18039704562348036,0,1,1,1,0,0,0,-0.011839181782856792,2,1,0,0,1,0,0,1,0,0,0
0,0,0,-1.2791730474053722,0,1,0,1,0,0,0,-0.1563246977448727,2,1,0,0,1,0,0,0,0,0,1
0,0,0,-1.0756960100383552,0,0,0,1,0,1,1,0.7687147550234359,2,0,1,0,1,0,0,1,0,0,0
0,1,0,1.6102008832062693,1,1,1,1,1,1,0,0.6740518307724597,1,1,0,0,0,0,1,0,0,0,1
0,1,1,1.2032468084722354,1,1,0,1,1,0,0,-0.5349763947487763,0,1,0,0,0,0,1,1,0,0,0
1,1,0,1.5288100682594625,1,1,1,1,1,1,1,0.9098787648713824,2,1,0,0,0,0,1,1,0,0,0
0,1,1,0.8369881412116047,0,0,0,0,0,0,0,-1.5031954269999863,1,0,0,1,0,1,0,1,0,0,0
0,1,1,0.023079991743536653,0,0,0,0,0,0,0,-1.3504061457527972,2,0,0,1,0,1,0,0,1,0,0
0,1,1,1.2439422159456388,1,1,1,1,1,0,0,0.35684799687883867,1,1,0,0,0,0,1,0,1,0,0
0,1,1,0.5928156963711843,0,0,0,0,0,0,0,-1.4799448842015008,1,0,0,1,0,0,1,0,1,0,0
0,1,1,1.6102008832062693,0,1,1,0,1,1,1,1.2752444374190086,2,0,1,0,0,1,0,0,1,0,0
0,1,1,0.4300340664775707,1,0,1,0,1,1,0,0.3452227254795962,1,1,0,0,0,0,1,1,0,0,0
0,0,1,0.7149019187913945,0,0,0,0,0,0,0,0.18412967894723342,1,0,1,0,0,0,1,0,1,0,0
0,1,1,-0.8722189726713382,0,0,0,0,0,0,0,-1.3221733437832077,2,0,0,1,0,0,1,0,0,0,1
0,1,1,1.1625514009988318,0,1,1,1,1,1,1,-0.11148436520493671,0,1,0,0,0,0,1,1,0,0,0
0,0,0,0.6742065113179911,0,0,0,0,0,1,1,0.6541227940880439,2,0,1,0,1,0,0,0,0,1,0
0,0,0,-1.2791730474053722,0,1,0,0,0,0,1,0.4764222169853349,2,0,1,0,1,0,0,0,0,1,0
0,0,0,-0.953609787618145,1,0,0,0,0,0,1,0.3335974540803533,1,0,1,0,1,0,0,0,0,1,0
0,1,0,0.5114248814243775,1,1,1,0,1,1,0,0.4647969455860919,1,1,0,0,0,1,0,1,0,0,0
1,0,0,-1.1163914175117586,0,1,0,0,1,0,1,0.6607658063161826,1,0,1,0,1,0,0,0,0,1,0
1,1,0,0.06377539921694006,1,0,0,1,1,0,0,0.8417878895329612,1,0,1,0,0,1,0,0,0,0,1
0,1,1,-0.5873511203575144,0,0,0,0,0,0,1,-1.3337986151824504,2,0,0,1,0,0,1,0,1,0,0
1,0,0,0.9590743636318149,0,1,1,1,1,0,1,1.165634735654721,2,0,1,0,0,0,1,1,0,0,0
0,1,1,0.6742065113179911,1,1,0,1,0,0,0,-0.17293222831521937,1,1,0,0,1,0,0,0,1,0,0
0,1,1,0.10447080669034346,0,0,0,1,1,0,0,-0.7940538716461842,0,1,0,0,0,1,0,0,0,0,1
1,1,0,1.6102008832062693,0,1,1,1,1,1,1,1.4928030878905498,2,0,1,0,0,0,1,1,0,0,0
0,1,1,-0.4652648979373042,0,0,0,0,0,0,1,-1.2872975295854798,0,1,0,0,1,0,0,0,0,1,0
0,1,0,1.1625514009988318,0,1,1,0,1,1,1,1.3532998310996378,2,0,1,0,1,0,0,0,0,1,0
0,1,1,-0.6687419353043211,1,1,0,1,0,1,0,0.11437805055177766,1,1,0,0,0,0,1,1,0,0,0
1,1,0,1.2032468084722354,1,1,1,0,0,0,1,0.8069120753352329,2,0,1,0,1,0,0,0,0,1,0
0,1,0,1.6102008832062693,1,1,1,1,1,1,1,1.6854504425065708,2,0,1,0,0,0,1,0,0,1,0
0,1,0,-1.0350006025649519,0,0,0,0,0,0,1,0.1459323586354364,1,0,1,0,1,0,0,1,0,0,0
1,1,1,1.366028438365849,1,1,0,1,1,1,1,1.5210358898601388,2,0,1,0,0,1,0,0,1,0,0
0,0,0,-1.2791730474053722,0,0,0,0,0,1,0,0.5013335128408548,1,0,1,0,1,0,0,0,0,1,0
0,1,0,0.10447080669034346,0,0,0,0,0,0,1,0.3452227254795962,2,0,1,0,1,0,0,0,0,1,0
0,1,1,0.6335111038445876,0,1,0,1,1,1,0,0.4930297475556815,2,1,0,0,0,0,1,0,0,1,0
0,0,0,-0.05831082320327015,0,1,1,1,1,1,0,0.47808297004236944,1,1,0,0,0,0,1,0,0,0,1
0,1,1,-0.26178786057028713,0,0,0,0,1,0,1,0.6292114982325239,2,0,1,0,1,0,0,0,0,1,0
0,1,1,-0.8315235651979348,0,0,0,0,0,0,0,-1.3138695784980343,2,0,0,1,0,0,1,0,1,0,0
0,0,0,0.5114248814243775,1,0,1,0,1,1,1,0.3701340213351162,1,1,0,0,1,0,0,0,0,1,0
0,1,0,1.569505475732866,0,0,0,0,0,0,1,-1.3387808743535543,2,0,0,1,0,0,1,0,0,1,0
0,1,1,1.4474192533126558,1,1,0,1,0,1,0,1.0062024421793927,1,0,1,0,0,0,1,1,0,0,0
0,0,0,-1.157086824985162,0,0,0,0,1,0,1,0.6923201143998413,2,0,1,0,1,0,0,0,0,1,0
0,0,0,-0.7094373427777246,0,1,1,0,1,1,1,1.2104750681946568,1,0,1,0,1,0,0,0,0,1,0
0,1,1,-0.6280465278309177,0,0,0,0,0,1,1,0.6856771021717025,2,0,1,0,1,0,0,0,0,1,0
0,1,0,1.5288100682594625,1,1,1,1,0,0,0,0.004768348787489859,1,1,0,0,0,0,1,0,1,0,0
0,0,0,-0.18039704562348036,0,0,0,1,0,0,1,-1.1527765319656718,0,1,0,0,1,0,0,0,1,0,0
0,1,1,-0.13970163815007697,0,0,0,0,0,0,1,0.19741570340351092,1,0,1,0,1,0,0,0,0,1,0
0,0,0,-0.22109245309688375,0,0,1,0,0,0,1,0.5478345984378252,2,0,1,0,1,0,0,0,0,1,0
0,1,1,1.569505475732866,1,1,1,1,1,1,0,0.8467701487040649,2,1,0,0,0,0,1,0,1,0,0
0,0,0,1.3253330308924456,1,0,1,1,1,1,0,-0.16130695691597666,0,1,0,0,0,0,1,0,1,0,0
0,0,0,-1.157086824985162,0,0,0,0,0,0,0,-0.6728188984826537,1,1,0,0,1,0,0,0,0,0,1
0,0,0,-0.4652648979373042,0,0,0,0,0,0,1,-1.4899094025437087,1,0,0,1,1,0,0,0,0,0,1
0,0,0,1.1218559935254284,0,1,1,1,1,0,1,0.17748666671909513,1,1,0,0,0,1,0,0,1,0,0
0,0,0,-0.6687419353043211,0,0,0,0,0,0,0,-1.4965524147718476,1,0,0,1,0,0,1,0,0,0,1
0,1,1,-0.6280465278309177,0,0,1,1,1,1,0,1.1224551561718192,1,0,1,0,0,1,0,1,0,0,0
0,0,0,-0.26178786057028713,0,0,0,0,0,0,1,-0.4403134704978006,2,1,0,0,0,1,0,0,1,0,0
0,0,0,-1.2384776399319688,1,1,0,1,0,0,1,0.7122491510842571,1,0,1,0,1,0,0,0,0,1,0
0,0,0,-1.157086824985162,0,0,0,0,0,0,1,0.3601695029929083,2,0,1,0,1,0,0,0,0,1,0
0,1,0,1.1218559935254284,0,1,1,0,1,1,0,1.2519938946205234,2,0,1,0,0,1,0,1,0,0,0
1,0,0,-1.2791730474053722,0,0,0,0,1,1,1,0.9696658749246302,2,0,1,0,1,0,0,0,0,1,0
0,1,1,1.6102008832062693,0,0,0,0,0,0,0,-1.4782841311444663,1,0,0,1,0,0,1,1,0,0,0
0,1,1,1.2032468084722354,1,0,1,1,1,0,1,0.19741570340351092,1,1,0,0,0,1,0,1,0,0,0
0,0,1,-1.2791730474053722,0,0,0,0,0,0,0,-1.4633373536311542,1,0,0,1,1,0,0,0,0,0,1
0,1,1,-0.3024832680436906,0,0,0,0,0,0,0,-1.3055658132128611,2,0,0,1,0,0,1,0,1,0,0
1,0,0,1.1218559935254284,0,0,1,1,1,1,1,1.3682466086129499,2,0,1,0,0,1,0,0,0,1,0
0,1,0,0.14516621416374687,1,0,0,0,1,1,1,0.9563798504683527,1,0,1,0,1,0,0,0,0,1,0
0,0,0,-0.7094373427777246,0,0,0,0,0,0,0,-0.4403134704978006,2,1,0,0,1,0,0,0,0,1,0
0,1,0,1.081160586052025,0,1,0,0,0,1,1,-0.7890716124750803,0,1,0,0,1,0,0,1,0,0,0
0,0,0,-1.1163914175117586,0,0,0,0,0,0,0,0.35684799687883867,2,0,1,0,1,0,0,0,0,1,0
0,1,0,-0.8315235651979348,0,0,0,0,0,0,0,-0.6279785659427177,1,1,0,0,1,0,0,1,0,0,0
0,0,0,-0.953609787618145,0,1,0,0,0,1,0,-0.7990361308172882,0,1,0,0,1,0,0,0,0,1,0
0,1,1,1.569505475732866,1,1,1,1,0,0,1,1.0078631952364276,2,0,1,0,0,1,0,0,1,0,0
0,0,0,-1.0756960100383552,0,0,0,1,0,0,1,-0.5034220866651178,1,1,0,0,1,0,0,1,0,0,0
0,0,0,-0.13970163815007697,0,0,0,0,0,0,0,-1.4766233780874316,1,0,0,1,0,1,0,0,0,0,1
0,1,1,-1.157086824985162,0,0,1,0,0,0,1,0.29706088682559084,1,0,1,0,1,0,0,0,0,1,0
0,0,0,-0.38387408299049736,0,0,0,1,1,0,1,0.8567346670462728,2,0,1,0,1,0,0,0,0,1,0
1,0,0,-1.2791730474053722,0,0,0,0,0,0,1,-1.2989228009847222,0,1,0,0,1,0,0,0,0,0,1
0,1,1,0.4707294739509741,0,0,0,0,0,0,0,-1.4882486494866742,1,0,0,1,0,1,0,1,0,0,0
1,0,0,-1.1163914175117586,0,0,0,0,1,1,0,-0.6346215781708562,0,1,0,0,1,0,0,0,0,1,0
0,0,0,-1.2791730474053722,0,0,0,0,0,0,1,-1.4816056372585356,1,0,0,1,1,0,0,0,0,0,1
0,0,1,-1.2791730474053722,0,0,0,0,0,0,0,-1.3088873193269304,2,0,0,1,1,0,0,0,0,0,1
0,0,0,-1.2791730474053722,0,0,0,0,0,0,1,0.1459323586354364,1,0,1,0,1,0,0,0,0,1,0
0,1,1,1.6102008832062693,1,1,1,1,0,1,1,1.3317100413581875,2,0,1,0,0,1,0,0,1,0,0
0,1,0,-0.3024832680436906,0,0,1,0,0,0,0,-0.3074532259350274,2,1,0,0,1,0,0,0,1,0,0
1,0,0,0.023079991743536653,1,1,1,0,1,1,1,-0.1779144874863233,0,1,0,0,1,0,0,1,0,0,0
0,0,0,-0.09900623067667355,0,1,0,0,1,1,1,1.06931105834671,1,0,1,0,0,1,0,1,0,0,0
0,0,1,-1.2384776399319688,0,0,0,0,0,0,0,-1.4749626250303969,1,0,0,1,1,0,0,0,0,0,1
0,1,0,0.6742065113179911,0,1,0,1,1,1,1,-0.2825419300795074,0,1,0,0,0,1,0,0,1,0,0
0,0,0,-0.22109245309688375,0,0,0,0,0,0,0,-1.4932309086577782,1,0,0,1,0,0,1,0,1,0,0
0,0,0,1.2846376234190422,0,1,1,1,1,1,1,1.5177143837460698,2,0,1,0,0,0,1,0,1,0,0
0,1,1,-0.7094373427777246,0,1,1,0,1,1,1,1.3466568188714991,2,0,1,0,1,0,0,1,0,0,0
0,0,0,0.4300340664775707,0,0,1,1,0,1,0,-0.686104922938931,0,1,0,0,0,1,0,0,0,1,0
0,1,0,-1.0350006025649519,1,0,1,1,1,1,0,0.5461738453807906,1,1,0,0,1,0,0,1,0,0,0
0,1,1,-0.13970163815007697,0,0,1,0,0,1,1,0.8102335814493025,2,0,1,0,1,0,0,0,0,1,0
0,0,0,0.10447080669034346,1,0,1,1,1,1,1,0.7022846327420492,2,1,0,0,0,1,0,0,1,0,0
0,0,1,-1.2791730474053722,1,0,0,1,0,0,0,-0.3423290401327553,1,1,0,0,1,0,0,0,0,1,0
0,1,0,1.366028438365849,1,1,1,1,1,1,1,0.7006238796850146,1,1,0,0,0,0,1,1,0,0,0
0,0,0,-0.953609787618145,1,0,1,1,1,0,1,0.1558968769776443,1,1,0,0,1,0,0,0,0,0,1
0,1,1,1.3253330308924456,1,1,1,0,0,0,0,-0.11480587131900608,1,1,0,0,0,1,0,1,0,0,0
0,1,1,0.38933865900416725,0,0,0,0,0,0,0,-1.5098384392281248,1,0,0,1,0,0,1,0,0,0,1
1,0,0,-1.2791730474053722,0,0,0,0,0,0,0,-0.6545506148552722,1,1,0,0,1,0,0,0,0,1,0
0,0,0,1.0404651785786216,0,1,1,0,1,1,1,1.2769051904760433,2,0,1,0,0,1,0,1,0,0,0
0,1,1,0.34864325153076386,1,1,0,1,1,1,0,0.45317167418684945,1,1,0,0,0,0,1,0,0,1,0
0,1,1,1.5288100682594625,0,1,1,0,1,1,1,1.3848541391832965,2,0,1,0,0,1,0,0,0,1,0
0,0,0,1.4474192533126558,0,0,1,0,0,1,1,-0.8272689327868775,0,1,0,0,1,0,0,1,0,0,0
0,0,0,-1.2791730474053722,0,0,0,0,0,0,1,0.1691829014339218,1,0,1,0,1,0,0,0,0,1,0
0,1,1,-0.01761541572986675,0,1,1,0,0,0,0,-0.0782693040642434,2,1,0,0,1,0,0,1,0,0,0
0,1,1,0.5928156963711843,1,1,1,0,1,1,1,-0.1596462038589421,0,1,0,0,0,0,1,0,1,0,0
1,0,0,-0.38387408299049736,0,1,0,0,1,1,1,0.9945771707801502,1,0,1,0,1,0,0,0,0,1,0
0,1,1,0.4707294739509741,0,0,0,0,0,0,1,-1.4716411189163277,1,0,0,1,0,1,0,1,0,0,0
0,1,0,0.34864325153076386,1,1,1,1,1,1,1,1.6206810732822188,2,0,1,0,1,0,0,1,0,0,0
1,0,0,-1.2384776399319688,0,0,0,0,0,1,1,0.49635125366975064,1,0,1,0,1,0,0,1,0,0,0
0,1,0,1.6102008832062693,1,1,1,1,1,1,1,-0.0035354164976834665,0,1,0,0,0,0,1,0,0,1,0
0,1,0,0.6742065113179911,1,1,1,1,0,1,0,1.3898363983544006,2,0,1,0,0,0,1,0,1,0,0
0,1,0,0.38933865900416725,0,1,1,0,1,0,1,1.0111847013504969,2,0,1,0,1,0,0,1,0,0,0
0,1,0,1.2439422159456388,1,0,1,0,1,1,0,1.158991723426582,1,0,1,0,0,0,1,0,1,0,0
0,0,0,0.6335111038445876,0,0,0,0,0,0,0,-1.3553884049239011,2,0,0,1,0,0,1,0,1,0,0
0,0,1,-1.1977822324585654,0,0,0,1,1,1,0,0.19575495034647636,1,1,0,0,1,0,0,0,0,0,1
0,0,0,-1.157086824985162,0,0,0,0,0,0,1,-1.340441627410589,0,1,0,0,1,0,0,0,0,1,0
0,0,0,-1.2791730474053722,0,0,0,0,0,0,0,0.18579043200426845,1,0,1,0,1,0,0,0,0,1,0
0,0,0,0.22655702911055367,0,0,0,0,0,0,1,-1.3470846396387277,2,0,0,1,0,1,0,0,0,1,0
0,1,0,1.2439422159456388,0,1,0,1,0,1,0,0.08116298941108437,2,1,0,0,0,0,1,0,0,0,1
0,0,0,-0.8315235651979348,0,0,0,0,0,0,0,-1.4733018719733622,1,0,0,1,1,0,0,0,0,0,1
0,0,0,0.3079478440573605,0,0,1,1,1,1,0,1.3283885352441178,2,0,1,0,1,0,0,1,0,0,0
0,0,0,-0.01761541572986675,0,1,1,0,1,1,1,1.3034772393885978,2,0,1,0,0,1,0,0,1,0,0
0,0,0,-0.3024832680436906,0,0,0,0,0,0,0,-1.4915701556007437,1,0,0,1,0,1,0,0,1,0,0
0,0,0,-0.38387408299049736,0,0,0,0,0,0,0,-1.3288163560113464,2,0,0,1,0,1,0,0,1,0,0
1,1,0,-1.1977822324585654,0,0,0,0,1,0,1,-0.9418608937222693,0,1,0,0,1,0,0,0,0,0,1
0,1,1,0.8369881412116047,0,1,0,1,1,0,1,0.9215040362706248,1,0,1,0,1,0,0,0,0,1,0
0,0,0,-1.0756960100383552,0,0,0,1,0,0,1,-0.5084043458362217,1,1,0,0,1,0,0,0,1,0,0
0,0,0,-0.8315235651979348,0,0,0,0,0,0,0,-1.4832663903155703,1,0,0,1,0,1,0,0,0,1,0
0,1,1,-0.9943051950915484,0,0,0,0,0,0,0,-1.4915701556007437,1,0,0,1,0,1,0,0,1,0,0
0,0,0,-1.2791730474053722,0,1,1,0,0,0,1,0.5810496595785185,1,0,1,0,1,0,0,0,0,1,0
0,0,0,-0.09900623067667355,0,1,1,0,1,0,1,0.13762859335026306,2,1,0,0,0,1,0,0,1,0,0
1,1,0,1.6102008832062693,0,1,1,0,1,1,1,1.3599428433277765,2,0,1,0,0,1,0,0,1,0,0
0,0,0,-1.2384776399319688,0,0,0,0,0,0,1,-1.4915701556007437,1,0,0,1,1,0,0,0,1,0,0
0,1,1,1.3253330308924456,0,1,1,1,1,1,1,0.644158275745836,2,1,0,0,0,0,1,1,0,0,0
1,0,0,0.4300340664775707,0,0,0,0,1,0,1,0.6657480654872863,2,0,1,0,1,0,0,0,0,1,0
0,1,0,-1.0350006025649519,1,0,0,0,0,0,1,-0.48183229692366725,1,1,0,0,1,0,0,1,0,0,0
0,1,1,0.5928156963711843,1,0,1,0,0,1,0,0.8384663834188916,1,0,1,0,1,0,0,0,0,1,0
0,0,0,-0.6280465278309177,0,0,0,0,0,0,1,0.17250440754799096,1,0,1,0,1,0,0,0,0,1,0
0,1,0,0.5521202888977809,0,0,0,0,0,0,1,-1.340441627410589,2,0,0,1,0,1,0,1,0,0,0
0,1,0,0.5521202888977809,1,0,0,0,0,0,0,-0.3257215095624086,2,1,0,0,1,0,0,1,0,0,0
1,0,0,1.1218559935254284,1,1,0,0,0,1,1,0.23063076454420423,2,1,0,0,0,1,0,0,0,1,0
1,1,0,0.6335111038445876,1,1,1,1,1,1,0,1.7485590586738884,2,0,1,0,1,0,0,0,0,1,0
0,0,0,-1.1977822324585654,0,0,0,0,1,0,1,-0.35229355847496313,1,1,0,0,1,0,0,0,0,1,0
0,1,0,-0.13970163815007697,0,0,0,0,0,0,0,-1.4932309086577782,1,0,0,1,1,0,0,0,0,0,1
0,0,0,0.7555973262647979,0,0,0,0,0,0,0,-1.4733018719733622,1,0,0,1,0,0,1,0,0,0,1
0,0,0,-1.2791730474053722,0,0,0,0,0,0,1,-0.681122663767827,1,1,0,0,1,0,0,0,0,0,1
1,0,0,-1.2384776399319688,0,0,0,0,0,0,0,0.19741570340351092,1,0,1,0,1,0,0,0,0,1,0
0,0,0,-0.3024832680436906,0,0,0,0,0,0,0,-1.4683196128022582,1,0,0,1,1,0,0,0,0,0,1
0,0,1,-0.38387408299049736,0,1,0,1,0,0,1,-0.31575699122020073,1,1,0,0,1,0,0,1,0,0,0
0,0,0,0.2672524365839571,1,0,1,1,1,0,1,1.0211492196927048,1,0,1,0,0,1,0,0,0,1,0
0,1,1,-1.1977822324585654,0,0,0,1,0,0,1,-1.1228829769390478,0,1,0,0,1,0,0,0,0,0,1
0,0,0,-0.3024832680436906,1,1,1,0,1,1,0,-0.12477038966121422,0,1,0,0,0,1,0,0,0,1,0
0,0,0,-1.2791730474053722,0,1,0,1,0,1,1,-0.6694973923685843,0,1,0,0,1,0,0,0,0,0,1
0,0,0,0.06377539921694006,0,1,0,1,1,1,1,1.3466568188714991,2,0,1,0,1,0,0,0,0,1,0
0,0,0,-0.7908281577245314,0,1,1,1,0,0,0,0.8168765936774413,2,0,1,0,1,0,0,0,0,1,0
0,0,0,-0.8315235651979348,0,0,0,1,1,1,1,1.1672954887117555,2,0,1,0,1,0,0,0,0,0,1
0,1,1,-0.9943051950915484,0,0,1,0,1,1,1,0.976308887152769,1,0,1,0,1,0,0,0,0,1,0
0,1,0,-0.6280465278309177,0,0,0,0,0,0,1,0.18579043200426845,1,0,1,0,1,0,0,1,0,0,0
0,1,0,1.1218559935254284,0,0,0,0,0,0,0,-1.4899094025437087,1,0,0,1,0,0,1,0,0,0,1
0,0,0,-1.1977822324585654,0,0,0,0,1,0,0,-0.32073925039130463,1,1,0,0,1,0,0,0,0,0,1
0,1,0,0.22655702911055367,0,0,0,0,0,0,1,-1.4799448842015008,1,0,0,1,0,1,0,0,1,0,0
0,1,1,-0.5059603054107076,0,0,0,0,0,0,1,0.18745118506130304,1,0,1,0,1,0,0,0,0,1,0
0,0,0,1.4474192533126558,0,0,0,0,0,0,0,-1.4865878964296397,1,0,0,1,0,0,1,1,0,0,0
0,1,1,-0.34317867551709397,0,0,0,0,0,0,0,-1.4915701556007437,1,0,0,1,0,1,0,0,0,0,1
0,0,0,0.4300340664775707,0,0,0,0,0,0,1,-1.4998739208859169,1,0,0,1,0,0,1,1,0,0,0
0,1,1,1.2439422159456388,0,0,0,0,0,0,1,-1.5164814514562637,1,0,0,1,0,0,1,0,0,0,1
0,0,0,-1.2791730474053722,0,0,0,0,0,0,0,-1.4566943414030156,1,0,0,1,1,0,0,1,0,0,0
1,1,0,0.5928156963711843,1,0,0,0,0,0,0,0.5162802903541664,2,0,1,0,1,0,0,0,0,1,0
0,0,0,-0.5059603054107076,0,0,0,0,0,0,0,-1.3254948498972772,0,1,0,0,1,0,0,0,1,0,0
0,0,0,-1.1163914175117586,0,0,1,0,1,1,1,0.17416516060502552,1,1,0,0,1,0,0,0,0,1,0
0,1,0,1.5288100682594625,1,1,0,1,0,0,0,0.657444300202113,1,0,1,0,0,0,1,1,0,0,0
0,0,0,1.3253330308924456,0,0,0,0,0,0,0,-1.3288163560113464,2,0,0,1,0,1,0,0,1,0,0
0,0,0,-1.2791730474053722,0,0,0,0,0,0,1,0.19575495034647636,1,0,1,0,1,0,0,0,0,0,1
0,0,0,-0.38387408299049736,1,0,1,0,1,1,1,0.4564931803009186,2,1,0,0,0,1,0,0,0,1,0
0,1,1,-0.8722189726713382,0,0,0,0,0,0,0,-1.4583550944600503,1,0,0,1,0,0,1,0,1,0,0
1,1,0,-0.6687419353043211,0,0,1,1,0,1,1,0.8882889751299315,1,0,1,0,1,0,0,0,0,1,0
1,0,0,-0.13970163815007697,1,1,0,0,0,0,1,-0.20780804251294746,2,1,0,0,1,0,0,1,0,0,0
0,1,1,1.6102008832062693,0,1,1,1,1,1,0,1.5310004082023472,2,0,1,0,0,0,1,0,1,0,0
0,0,1,-1.1163914175117586,0,0,0,0,0,0,0,-1.4733018719733622,1,0,0,1,0,0,1,0,0,0,1
0,0,0,-1.0350006025649519,1,0,0,0,0,0,1,-0.4585817541251818,1,1,0,0,1,0,0,0,0,0,1
0,1,0,1.0404651785786216,1,1,0,0,1,0,1,-0.6462468495700989,0,1,0,0,0,1,0,0,0,1,0
0,1,0,0.8776835486850081,1,1,1,1,1,1,1,1.6555568874799471,2,0,1,0,0,1,0,0,0,0,1
0,0,0,0.22655702911055367,0,1,1,0,0,1,1,1.0062024421793927,2,0,1,0,1,0,0,0,1,0,0
0,0,1,0.7555973262647979,1,0,1,1,1,1,0,-0.15466394468783815,0,1,0,0,0,1,0,1,0,0,0
1,0,0,0.9183789561584115,0,0,1,0,1,1,1,-0.49013606220884054,0,1,0,0,0,1,0,1,0,0,0
0,1,1,0.18586162163715025,1,0,1,1,0,0,1,-0.06664403266500094,2,1,0,0,0,0,1,0,1,0,0
0,0,0,-0.750132750251128,0,0,0,0,0,0,1,-1.4865878964296397,1,0,0,1,1,0,0,0,0,1,0
0,0,0,0.18586162163715025,0,1,0,0,1,1,1,1.0394175033200859,1,0,1,0,1,0,0,0,1,0,0
0,1,1,-0.9943051950915484,0,0,0,0,0,0,0,-1.4982131678288821,1,0,0,1,0,0,1,0,0,0,1
0,0,0,1.4067238458392524,1,0,1,1,0,1,1,0.25055980122862004,1,1,0,0,0,1,0,1,0,0,0
0,0,0,-0.953609787618145,0,0,1,0,1,1,0,1.1124906378296113,2,0,1,0,1,0,0,0,1,0,0
0,0,0,-1.2791730474053722,0,0,0,0,0,0,1,0.1990764564605455,1,0,1,0,1,0,0,0,0,0,1
0,0,0,-1.2384776399319688,0,0,0,0,0,0,0,-1.4882486494866742,1,0,0,1,1,0,0,0,0,0,1
0,1,0,0.6335111038445876,1,1,1,0,1,1,1,1.5492686918297285,2,0,1,0,1,0,0,1,0,0,0
0,1,0,0.023079991743536653,0,0,0,0,1,1,0,0.8783244567877236,1,0,1,0,1,0,0,0,0,1,0
0,0,0,-0.05831082320327015,0,1,0,0,1,1,1,0.9862734054949769,1,0,1,0,1,0,0,0,0,1,0
0,0,0,1.6102008832062693,1,1,1,1,1,1,1,1.7734703545294082,2,0,1,0,0,0,1,0,0,1,0
0,1,1,0.14516621416374687,0,0,0,0,0,0,0,-1.5148206983992287,1,0,0,1,1,0,0,1,0,0,0
1,0,0,-0.5873511203575144,0,0,1,0,0,1,1,0.6690695716013559,1,0,1,0,1,0,0,0,0,1,0
0,1,1,-0.01761541572986675,0,0,0,0,0,0,1,0.1642006422628176,1,0,1,0,1,0,0,1,0,0,0
0,0,0,-0.42456949046390074,0,1,1,0,0,1,1,-0.6993909473952082,0,1,0,0,0,1,0,1,0,0,0
0,1,1,-0.18039704562348036,0,1,0,0,0,1,0,-0.013499934839891363,2,1,0,0,1,0,0,0,0,1,0
0,1,1,-0.9943051950915484,0,0,0,1,1,1,1,0.12434256889398557,1,1,0,0,1,0,0,0,0,1,0
1,1,1,-0.8722189726713382,0,0,1,0,0,0,1,0.44154640278760654,2,0,1,0,1,0,0,0,1,0,0
1,0,0,-0.7094373427777246,0,0,0,0,0,0,1,0.3120076643389029,2,0,1,0,1,0,0,0,1,0,0
0,1,0,-0.34317867551709397,0,0,1,0,0,0,1,0.4930297475556815,2,0,1,0,1,0,0,0,0,0,1
0,0,0,-0.6280465278309177,0,0,0,0,0,0,1,0.1990764564605455,1,0,1,0,1,0,0,0,0,1,0
0,0,0,-0.9943051950915484,0,0,0,0,0,0,1,-0.6528898617982377,1,1,0,0,1,0,0,0,0,0,1
0,0,0,-1.2791730474053722,0,0,0,0,0,0,1,-1.4915701556007437,1,0,0,1,1,0,0,0,0,0,1
1,1,0,-0.4652648979373042,0,0,0,0,0,0,1,0.1426108525213668,1,0,1,0,1,0,0,0,0,1,0
0,0,0,-0.22109245309688375,0,1,0,1,0,0,1,-0.28752418925061135,1,1,0,0,1,0,0,0,0,0,1
0,0,0,-0.8315235651979348,0,1,0,0,0,0,1,-0.5233511233495338,1,1,0,0,1,0,0,1,0,0,0
0,0,0,0.5114248814243775,0,0,0,0,0,0,1,-1.4749626250303969,1,0,0,1,0,1,0,0,0,1,0
0,0,0,0.023079991743536653,0,1,1,0,1,1,0,1.4197299533810244,2,0,1,0,1,0,0,0,0,1,0
0,0,0,-1.0350006025649519,0,0,0,0,0,0,1,0.30038239293965996,2,0,1,0,1,0,0,0,0,1,0
0,0,0,-1.2791730474053722,0,0,0,0,0,1,1,-0.15466394468783815,2,1,0,0,1,0,0,0,0,1,0
0,0,0,-1.1977822324585654,0,1,0,0,1,1,0,1.016166960521601,1,0,1,0,1,0,0,0,0,1,0
0,1,1,0.9590743636318149,0,0,0,0,0,0,1,-1.340441627410589,2,0,0,1,0,1,0,0,0,0,1
0,0,0,-0.9943051950915484,1,0,0,1,0,1,0,0.21070172785978844,2,1,0,0,1,0,0,0,0,1,0
0,1,0,0.8369881412116047,0,0,0,0,0,0,0,-1.4616766005741197,1,0,0,1,0,1,0,1,0,0,0
0,0,0,-1.157086824985162,0,0,0,0,0,0,0,-1.3138695784980343,2,0,0,1,1,0,0,0,0,0,1
0,0,0,-1.2791730474053722,0,0,1,0,0,0,0,0.3485442315936654,1,0,1,0,1,0,0,0,0,1,0
0,1,1,0.38933865900416725,1,1,0,0,0,0,0,-0.3423290401327553,1,1,0,0,1,0,0,0,0,0,1
1,1,0,-0.8722189726713382,0,0,1,0,1,1,1,1.154009464255478,2,0,1,0,1,0,0,0,0,1,0
0,1,1,1.6102008832062693,0,0,0,0,0,0,0,-1.3254948498972772,2,0,0,1,0,0,1,0,0,0,1
0,0,0,-1.2384776399319688,1,0,0,0,0,0,1,-0.5648699497754005,1,1,0,0,1,0,0,0,0,1,0
0,0,0,-0.7094373427777246,0,0,1,0,1,1,0,-0.46688551941035517,0,1,0,0,0,1,0,0,0,1,0
0,0,0,0.7555973262647979,0,1,1,0,1,1,1,-0.279220423965438,0,1,0,0,0,1,0,0,1,0,0
0,0,0,1.4067238458392524,0,0,1,1,1,1,1,-0.37886560738751796,0,1,0,0,1,0,0,0,1,0,0
0,0,0,-1.2384776399319688,0,1,0,0,0,0,1,0.3302759479662841,1,0,1,0,1,0,0,0,0,1,0
0,1,1,0.9183789561584115,0,1,0,1,0,0,0,0.48472598227050817,1,0,1,0,1,0,0,0,0,1,0
0,0,0,-0.8315235651979348,0,0,0,0,1,0,1,0.5528168576089294,1,0,1,0,1,0,0,0,0,1,0
0,1,1,0.9590743636318149,1,0,1,0,0,1,1,0.13098558112212433,2,1,0,0,0,1,0,1,0,0,0
0,0,0,1.1625514009988318,1,0,1,0,1,1,1,1.383193386126262,2,0,1,0,1,0,0,0,0,1,0
0,1,1,1.2439422159456388,0,0,0,0,0,0,0,-1.3138695784980343,2,0,0,1,0,0,1,0,0,0,1
0,0,0,0.9997697711052183,1,1,1,1,1,0,1,0.31532917045297204,1,1,0,0,0,0,1,0,1,0,0
0,0,1,-1.0756960100383552,0,0,0,0,0,0,0,-1.4982131678288821,1,0,0,1,1,0,0,0,0,0,1
0,0,0,-0.546655712884111,0,0,0,0,1,1,0,0.15921838309171343,2,1,0,0,1,0,0,0,0,0,1
1,1,0,-1.1977822324585654,0,1,1,0,1,1,1,1.3649251024988807,2,0,1,0,1,0,0,0,0,1,0
0,0,0,-0.34317867551709397,0,0,0,1,0,1,1,0.821858852848545,2,0,1,0,1,0,0,0,0,1,0
0,1,1,1.4474192533126558,1,0,0,1,1,1,1,1.154009464255478,1,0,1,0,0,0,1,0,0,1,0
1,0,0,0.9183789561584115,1,1,0,0,1,0,1,-0.6628543801404456,0,1,0,0,1,0,0,0,0,1,0
0,1,1,-1.2791730474053722,0,0,0,0,0,0,1,0.1658613953198522,1,0,1,0,1,0,0,0,0,1,0
0,0,0,1.6102008832062693,1,1,1,1,1,1,1,0.8816459629017928,2,1,0,0,0,0,1,1,0,0,0
0,0,0,0.8776835486850081,1,1,0,1,1,1,1,1.4346767308943364,2,0,1,0,0,0,1,0,1,0,0
0,1,0,1.6102008832062693,1,1,1,0,1,1,1,0.5926749309777615,2,1,0,0,0,0,1,0,1,0,0
0,0,0,-0.9129143801447416,0,0,0,0,0,0,0,0.17748666671909513,1,0,1,0,1,0,0,0,0,0,1
1,0,0,-0.3024832680436906,0,1,0,0,1,0,1,0.8201980997915104,2,0,1,0,1,0,0,0,0,1,0
0,0,0,-1.0756960100383552,0,0,0,0,0,0,0,-1.4649981066881888,1,0,0,1,1,0,0,0,0,0,1
0,1,0,1.6102008832062693,1,1,1,1,1,1,1,1.6372886038525654,2,0,1,0,0,0,1,0,1,0,0
0,1,1,-0.05831082320327015,0,1,0,1,1,1,0,0.5229233025823052,2,1,0,0,0,0,1,1,0,0,0
0,0,1,0.9590743636318149,0,0,0,0,0,0,1,-1.4483905761178422,1,0,0,1,0,1,0,0,0,0,1
0,0,1,-0.8315235651979348,0,0,0,0,0,0,0,-1.5098384392281248,1,0,0,1,0,0,1,1,0,0,0
0,0,0,-0.8315235651979348,1,0,0,0,0,0,1,0.4697792047571961,2,0,1,0,1,0,0,0,0,1,0
1,0,0,0.2672524365839571,0,0,0,0,1,1,1,1.0244707258067745,2,0,1,0,1,0,0,1,0,0,0
0,0,0,-1.2791730474053722,0,0,0,0,0,0,1,-0.661193627083411,1,1,0,0,1,0,0,1,0,0,0
0,1,1,-0.8315235651979348,0,0,0,0,0,0,0,-1.5214637106273676,1,0,0,1,1,0,0,0,0,0,1
0,1,0,0.6335111038445876,0,1,1,0,0,1,1,0.19077269117537218,2,1,0,0,0,1,0,0,1,0,0
0,1,0,1.0404651785786216,0,0,1,0,0,0,0,-0.48183229692366725,1,1,0,0,0,1,0,0,1,0,0
0,1,0,-0.22109245309688375,0,0,0,0,1,1,0,1.0028809360653235,2,0,1,0,1,0,0,0,1,0,0
1,1,1,1.6102008832062693,1,1,1,1,1,1,1,0.772036261137505,2,1,0,0,0,0,1,0,1,0,0
0,0,1,0.7149019187913945,0,0,0,0,0,0,0,-1.4832663903155703,1,0,0,1,0,0,1,0,1,0,0
0,1,0,0.9183789561584115,0,0,1,1,1,1,1,-0.34066828707572067,0,1,0,0,1,0,0,1,0,0,0
0,1,1,-1.0350006025649519,0,0,0,0,0,0,1,-1.3321378621254156,0,1,0,0,1,0,0,0,0,1,0
0,1,1,1.081160586052025,1,1,1,1,1,1,1,0.7288566816546038,1,1,0,0,0,0,1,0,0,1,0
0,1,1,-0.7908281577245314,0,0,0,0,0,0,0,-0.6645151331974803,1,1,0,0,1,0,0,1,0,0,0
0,1,1,1.4881146607860591,1,0,0,1,0,0,0,-0.1131451182619715,2,1,0,0,0,0,1,0,1,0,0
0,1,1,-0.953609787618145,0,1,0,1,0,0,0,-0.3323645217905474,1,1,0,0,1,0,0,0,0,0,1
0,0,0,-1.2791730474053722,0,0,0,0,0,0,0,-1.4998739208859169,1,0,0,1,1,0,0,0,0,0,1
1,1,1,1.2846376234190422,0,0,0,0,0,0,1,-1.3421023804676238,2,0,0,1,0,0,1,1,0,0,0
0,0,0,-0.01761541572986675,0,0,0,0,0,0,0,-1.494891661714813,1,0,0,1,0,1,0,0,0,0,1
0,1,1,1.6102008832062693,1,1,1,1,0,1,0,0.5378700800956173,2,1,0,0,0,0,1,0,1,0,0
0,1,1,-0.9943051950915484,1,1,0,0,0,0,0,-0.3373467809616513,1,1,0,0,1,0,0,0,0,0,1
1,0,0,-0.546655712884111,0,0,1,0,1,1,1,1.0327744910919476,1,0,1,0,1,0,0,0,1,0,0
0,0,0,1.4067238458392524,1,1,1,1,1,1,1,0.796947556993025,2,1,0,0,0,1,0,1,0,0,0
0,0,0,-1.2791730474053722,0,0,0,0,0,0,1,-1.4799448842015008,1,0,0,1,1,0,0,0,0,0,1
0,1,1,-0.38387408299049736,1,0,0,0,0,0,0,0.5661028820652064,2,0,1,0,0,1,0,0,1,0,0
0,1,1,-0.5059603054107076,0,0,0,0,0,0,1,-1.3039050601558264,2,0,0,1,1,0,0,1,0,0,0
0,0,0,1.081160586052025,1,1,1,1,0,1,0,0.4996727597838198,2,1,0,0,0,1,0,0,1,0,0
0,1,1,0.14516621416374687,1,1,0,0,0,0,0,-0.3705618421023446,1,1,0,0,0,1,0,0,0,0,1
1,0,0,-1.0350006025649519,0,1,0,1,0,1,1,-0.6778011576537577,0,1,0,0,1,0,0,0,0,1,0
0,1,1,-1.3198684548787756,0,0,0,0,0,0,1,-1.4982131678288821,1,0,0,1,0,1,0,0,0,0,1
0,0,0,1.6102008832062693,0,1,1,0,1,1,1,1.333370794415222,2,0,1,0,0,1,0,0,0,1,0
0,1,0,0.8369881412116047,0,0,0,1,1,1,1,0.951397591297249,1,0,1,0,0,1,0,0,0,1,0
0,1,1,-1.157086824985162,0,0,0,0,0,0,1,-1.4716411189163277,1,0,0,1,1,0,0,0,0,0,1
0,0,0,-0.26178786057028713,0,0,0,0,0,0,0,-1.5081776861710903,1,0,0,1,0,1,0,0,0,0,1
0,0,0,0.22655702911055367,0,0,0,0,0,0,1,0.1558968769776443,1,0,1,0,1,0,0,0,1,0,0
0,0,0,-0.9943051950915484,1,0,1,0,0,1,1,0.06289470578370314,1,1,0,0,1,0,0,0,0,1,0
1,0,0,-1.1977822324585654,0,1,0,0,0,0,1,0.48472598227050817,2,0,1,0,1,0,0,0,0,1,0
0,1,0,0.7962927337382013,1,1,1,1,0,1,1,0.5511561045518948,2,1,0,0,0,1,0,0,1,0,0
0,1,0,1.569505475732866,1,0,1,1,1,1,1,0.5893534248636918,1,1,0,0,0,0,1,0,0,1,0
1,1,0,0.023079991743536653,1,1,0,1,0,1,1,0.9547190974113181,1,0,1,0,0,1,0,0,0,1,0
0,0,0,1.4881146607860591,1,1,1,0,1,1,1,1.5027676062327577,2,0,1,0,0,0,1,0,1,0,0
0,0,0,-1.2791730474053722,0,0,0,0,0,0,0,-1.310548072383965,0,1,0,0,1,0,0,0,0,0,1
0,0,0,-0.953609787618145,0,0,0,0,0,0,1,-1.4915701556007437,1,0,0,1,0,1,0,0,0,1,0
1,1,0,0.22655702911055367,0,1,1,0,1,1,1,1.2553154007345924,2,0,1,0,1,0,0,0,0,1,0
0,1,1,-0.38387408299049736,1,0,1,1,1,0,1,0.40999209470394826,2,1,0,0,0,0,1,1,0,0,0
0,0,1,0.6742065113179911,0,0,0,0,0,0,0,-1.4733018719733622,1,0,0,1,0,0,1,0,1,0,0
0,1,0,0.38933865900416725,1,0,1,1,1,1,0,0.6491405349169397,2,1,0,0,0,0,1,0,1,0,0
0,0,0,-1.2384776399319688,0,0,0,0,0,0,1,0.18246892589019884,1,0,1,0,1,0,0,0,0,1,0
0,1,0,-0.6280465278309177,0,0,1,0,1,1,1,1.0576857869474676,1,0,1,0,0,1,0,1,0,0,0
0,1,1,0.6742065113179911,0,0,1,0,1,1,1,1.1623132295406513,2,0,1,0,1,0,0,0,0,1,0
0,1,0,1.569505475732866,0,1,1,1,1,1,0,-0.21777256085515537,0,1,0,0,0,0,1,1,0,0,0
0,0,0,-1.2791730474053722,0,0,0,0,0,0,0,-1.494891661714813,1,0,0,1,1,0,0,0,0,0,1
0,0,0,0.9997697711052183,0,0,1,0,1,1,1,1.0111847013504969,1,0,1,0,0,0,1,0,0,1,0
1,0,0,0.06377539921694006,0,0,0,0,0,0,0,0.14427160557840182,1,0,1,0,1,0,0,0,1,0,0
0,0,0,-1.2791730474053722,1,0,0,0,0,0,1,-0.4984398274940139,1,1,0,0,1,0,0,0,1,0,0
1,1,0,-0.13970163815007697,0,0,0,0,0,0,1,-0.4386527174407658,2,1,0,0,1,0,0,0,0,1,0
0,0,0,0.7962927337382013,0,1,1,0,1,1,1,1.2702621782479044,2,0,1,0,1,0,0,0,0,1,0
0,1,0,-0.7094373427777246,0,0,0,0,0,0,0,-1.5281067228555063,1,0,0,1,0,1,0,0,0,0,1
0,0,0,0.6335111038445876,0,1,1,0,1,1,1,1.4379982370084057,2,0,1,0,0,0,1,1,0,0,0
0,0,0,-0.13970163815007697,0,0,1,0,1,1,0,1.1872245253961713,2,0,1,0,1,0,0,1,0,0,0
0,1,1,-1.2791730474053722,0,0,0,0,0,0,1,-1.5081776861710903,1,0,0,1,1,0,0,0,0,0,1
1,0,0,0.9183789561584115,0,0,1,0,1,1,1,1.16895624176879,2,0,1,0,0,1,0,0,0,1,0
0,0,1,-1.0756960100383552,0,0,0,0,0,0,0,-1.5031954269999863,1,0,0,1,1,0,0,0,0,0,1
0,1,0,1.5288100682594625,0,0,0,0,0,0,0,-1.5065169331140555,1,0,0,1,0,0,1,1,0,0,0
1,0,0,-1.2384776399319688,0,1,0,0,0,0,1,0.32861519490924956,1,0,1,0,1,0,0,0,0,1,0
0,1,0,1.569505475732866,0,0,0,0,0,0,0,-1.340441627410589,2,0,0,1,0,0,1,1,0,0,0
0,0,0,-1.2791730474053722,0,0,0,0,1,1,0,1.0244707258067745,2,0,1,0,1,0,0,0,0,0,1
0,1,0,-1.2791730474053722,0,0,0,0,1,0,0,-0.31907849733426985,1,1,0,0,1,0,0,0,0,0,1
0,1,0,-1.2384776399319688,0,0,0,1,1,1,1,0.976308887152769,1,0,1,0,1,0,0,0,0,1,0
0,1,1,-1.2791730474053722,0,0,0,0,0,0,1,-1.4832663903155703,1,0,0,1,1,0,0,0,1,0,0
0,0,0,0.8776835486850081,1,0,1,0,1,1,1,1.3001557332745286,2,0,1,0,0,1,0,1,0,0,0
0,0,0,-1.2791730474053722,0,0,0,0,0,1,1,-0.9817189670911013,0,1,0,0,1,0,0,1,0,0,0
0,0,0,-0.8315235651979348,0,0,0,0,0,1,1,0.722213669426465,2,0,1,0,1,0,0,0,0,1,0
0,0,0,-0.42456949046390074,1,0,0,1,0,1,1,0.8052513222781983,1,0,1,0,1,0,0,0,0,1,0
0,0,0,-0.4652648979373042,1,0,1,0,1,0,0,0.018054373243766898,1,1,0,0,1,0,0,1,0,0,0
0,0,1,-0.8315235651979348,1,0,0,0,1,1,1,0.16752214837688675,1,1,0,0,1,0,0,0,0,0,1
0,0,0,1.2439422159456388,0,0,0,0,0,0,0,-1.3138695784980343,2,0,0,1,0,0,1,0,0,0,1
0,0,0,-0.8315235651979348,0,0,0,0,1,0,1,0.6524620410310092,2,0,1,0,1,0,0,0,0,1,0
0,1,0,-0.9129143801447416,1,0,0,1,0,0,1,-0.3273822626194432,1,1,0,0,1,0,0,0,1,0,0
0,1,0,0.6335111038445876,1,1,1,0,1,0,1,1.065989552232641,2,0,1,0,0,0,1,1,0,0,0
0,0,0,-1.157086824985162,1,1,0,1,0,1,1,0.9995594299512544,1,0,1,0,1,0,0,0,0,0,1
0,1,1,1.4881146607860591,0,0,0,0,0,0,0,-1.5081776861710903,1,0,0,1,0,0,1,0,0,0,1
0,1,0,1.569505475732866,1,1,1,0,1,1,1,1.4878208287194457,2,0,1,0,0,1,0,0,0,1,0
0,1,1,0.9997697711052183,1,1,0,0,0,0,0,-0.3772048543304831,1,1,0,0,0,1,0,0,0,1,0
0,0,0,0.5521202888977809,1,0,0,0,0,0,1,-1.1311867422242212,0,1,0,0,0,1,0,1,0,0,0
0,1,1,0.7555973262647979,1,1,1,0,1,1,0,-0.1828967466574275,0,1,0,0,0,1,0,0,0,1,0
0,0,0,-0.8722189726713382,0,0,1,0,1,1,1,0.1509146178065401,1,1,0,0,1,0,0,0,0,1,0
0,0,0,-1.2791730474053722,0,0,0,0,0,0,1,0.3136684173959375,2,0,1,0,1,0,0,0,0,0,1
1,0,0,1.366028438365849,0,0,1,1,1,1,1,1.2636191660197658,2,0,1,0,0,1,0,0,1,0,0
0,1,0,-0.750132750251128,0,0,0,0,1,0,1,0.707266891913153,2,0,1,0,1,0,0,0,0,1,0
0,1,1,1.1625514009988318,0,0,0,0,0,0,0,-1.469980365859293,1,0,0,1,0,0,1,0,1,0,0
0,0,0,-1.2791730474053722,0,0,0,0,0,0,1,-1.3188518376691383,0,1,0,0,1,0,0,0,0,0,1
1,1,0,-0.05831082320327015,0,0,1,0,1,0,1,0.8600561731603424,2,0,1,0,0,1,0,0,0,1,0
0,0,0,-1.2384776399319688,0,1,0,0,0,0,0,0.4897082414416119,2,0,1,0,1,0,0,0,0,1,0
1,1,0,-0.38387408299049736,0,0,0,0,0,0,1,-1.4633373536311542,1,0,0,1,0,1,0,0,0,1,0
0,0,0,1.1625514009988318,0,1,1,0,1,1,1,1.3001557332745286,2,0,1,0,0,1,0,0,0,1,0
0,1,0,1.569505475732866,0,0,0,0,0,0,0,-1.3205125907261732,2,0,0,1,0,0,1,0,1,0,0
0,1,1,1.569505475732866,0,0,0,0,0,0,0,-1.4982131678288821,1,0,0,1,0,0,1,0,1,0,0
0,1,0,-0.750132750251128,0,0,0,0,0,0,0,-0.6711581454256189,1,1,0,0,0,1,0,0,0,1,0
0,1,1,1.6102008832062693,0,0,0,0,0,0,0,-1.3039050601558264,2,0,0,1,0,0,1,0,1,0,0
0,0,0,-1.1977822324585654,0,0,0,0,0,0,1,-1.4633373536311542,1,0,0,1,1,0,0,0,1,0,0
0,1,1,1.5288100682594625,0,0,0,0,0,0,0,-1.3321378621254156,2,0,0,1,0,0,1,1,0,0,0
0,1,0,1.5288100682594625,0,1,1,1,0,1,1,1.125776662285889,2,0,1,0,0,0,1,1,0,0,0
0,0,0,-0.9943051950915484,0,0,0,0,1,0,1,0.5079765250689932,1,0,1,0,1,0,0,1,0,0,0
0,1,0,0.7555973262647979,0,1,0,0,0,0,1,-1.1544372850227067,0,1,0,0,1,0,0,0,1,0,0
0,1,0,1.3253330308924456,1,1,1,0,1,0,1,1.1473664520273392,2,0,1,0,0,0,1,0,0,1,0
0,1,0,1.4881146607860591,0,0,0,0,0,0,0,-1.3470846396387277,2,0,0,1,0,0,1,1,0,0,0
1,1,0,-0.546655712884111,0,1,1,0,0,0,1,-1.0132732751747602,0,1,0,0,1,0,0,0,1,0,0
0,1,1,-1.0756960100383552,0,0,0,0,0,0,0,-1.5214637106273676,1,0,0,1,0,1,0,0,1,0,0
1,0,0,0.8776835486850081,0,0,1,1,0,1,0,0.014732867129697756,1,1,0,0,0,1,0,1,0,0,0
0,1,0,-0.8315235651979348,1,0,0,1,0,0,0,-0.35229355847496313,1,1,0,0,1,0,0,1,0,0,0
0,1,1,1.6102008832062693,1,1,1,1,0,1,0,0.5328878209245131,2,1,0,0,0,0,1,1,0,0,0
0,1,0,1.3253330308924456,0,0,0,0,0,0,0,-1.5098384392281248,1,0,0,1,0,0,1,1,0,0,0
1,0,0,-0.953609787618145,0,0,0,0,0,0,1,0.3236329357381454,2,0,1,0,1,0,0,0,0,1,0
0,0,0,0.023079991743536653,0,1,0,1,0,0,0,0.5245840556393397,1,0,1,0,0,0,1,1,0,0,0
0,1,1,1.6102008832062693,1,1,1,1,1,1,0,0.029679644643009838,0,1,0,0,0,0,1,1,0,0,0
0,0,0,1.0404651785786216,1,1,0,0,1,1,0,1.140723439799201,1,0,1,0,0,1,0,1,0,0,0
0,0,0,0.10447080669034346,0,0,0,0,0,0,0,-1.2823152704143757,2,0,0,1,0,1,0,1,0,0,0
0,1,1,-1.157086824985162,0,0,0,0,0,0,0,-1.5048561800570208,1,0,0,1,0,0,1,0,1,0,0
0,0,0,-0.42456949046390074,0,0,1,0,1,1,1,-0.4718677785814591,0,1,0,0,1,0,0,0,0,1,0
1,0,0,-1.1163914175117586,0,0,1,1,1,0,0,-0.6445860965130643,0,1,0,0,1,0,0,0,1,0,0
0,1,0,1.1625514009988318,1,0,1,1,1,0,0,1.1490272050843742,2,0,1,0,1,0,0,1,0,0,0
0,0,0,-1.0756960100383552,0,0,1,1,1,1,1,1.1672954887117555,1,0,1,0,1,0,0,0,0,0,1
0,0,0,-1.2791730474053722,0,0,0,0,0,0,1,-0.6479076026271338,1,1,0,0,1,0,0,0,0,0,1
1,1,0,0.5928156963711843,0,0,1,0,1,1,0,1.158991723426582,2,0,1,0,1,0,0,0,0,1,0
0,1,1,-0.546655712884111,0,0,0,0,0,0,0,-1.4915701556007437,1,0,0,1,0,1,0,0,0,0,1
0,1,1,-0.13970163815007697,0,0,0,0,0,0,0,-1.4882486494866742,1,0,0,1,0,1,0,0,0,1,0
0,1,0,-0.34317867551709397,1,1,1,0,0,0,0,0.04960868132742563,2,1,0,0,1,0,0,0,0,0,1
0,1,1,1.6102008832062693,1,1,1,1,1,1,1,0.6275507451754893,1,1,0,0,0,0,1,1,0,0,0
0,1,1,0.22655702911055367,0,0,1,0,1,1,1,1.2071535620805875,2,0,1,0,1,0,0,0,1,0,0
0,1,1,0.5521202888977809,1,0,1,1,0,0,0,-0.26261289339509136,1,1,0,0,0,1,0,0,0,0,1
0,1,1,1.4881146607860591,1,1,1,0,0,0,1,-0.16794996914411542,1,1,0,0,0,0,1,1,0,0,0
0,1,0,-1.2384776399319688,0,0,0,0,0,0,0,-1.4882486494866742,1,0,0,1,1,0,0,0,0,0,1
0,0,0,-0.9129143801447416,1,0,0,0,0,0,0,-1.1644018033649146,0,1,0,0,1,0,0,0,0,0,1
0,1,0,-0.09900623067667355,0,0,0,0,0,1,1,0.6707303246583904,2,0,1,0,1,0,0,0,0,1,0
0,1,0,1.1218559935254284,1,1,0,1,0,0,0,-0.9003420672964026,0,1,0,0,0,0,1,1,0,0,0
0,1,1,1.569505475732866,1,0,1,1,1,1,1,0.5710851412363106,1,1,0,0,0,0,1,0,1,0,0
0,1,1,-0.7908281577245314,1,1,0,1,0,0,0,-0.805679143045427,0,1,0,0,0,0,1,0,0,0,1
0,0,1,-0.22109245309688375,0,0,0,1,0,0,1,0.48804748838457734,2,0,1,0,1,0,0,0,0,1,0
0,1,1,-0.01761541572986675,1,1,0,1,0,0,0,-0.1131451182619715,1,1,0,0,1,0,0,1,0,0,0
0,0,0,1.081160586052025,0,1,1,0,0,0,1,0.6126039676621772,2,0,1,0,1,0,0,0,0,1,0
1,1,0,1.569505475732866,0,1,1,1,0,1,1,1.0194884666356703,1,0,1,0,0,0,1,0,1,0,0
0,0,0,1.6102008832062693,0,1,1,1,1,1,0,1.4745348042631685,2,0,1,0,0,0,1,1,0,0,0
0,0,0,-1.1977822324585654,0,0,0,0,0,0,0,-1.4483905761178422,1,0,0,1,0,1,0,0,0,0,1
0,1,0,1.569505475732866,1,1,1,1,1,1,1,1.7087009853050563,2,0,1,0,0,0,1,0,0,1,0
0,0,0,-0.34317867551709397,1,0,0,0,1,1,1,0.989594911609046,1,0,1,0,1,0,0,0,0,1,0
0,0,0,-1.1977822324585654,0,1,1,0,1,1,1,1.3466568188714991,2,0,1,0,1,0,0,1,0,0,0
0,0,0,0.14516621416374687,0,0,1,0,0,0,0,-0.29914946064985404,2,1,0,0,0,1,0,0,0,1,0
0,1,0,1.6102008832062693,1,1,1,1,1,1,1,0.7404819530538462,2,1,0,0,0,0,1,1,0,0,0
0,1,0,1.4881146607860591,1,1,0,1,1,1,1,1.3815326330692275,1,0,1,0,0,1,0,0,1,0,0
0,0,0,-1.157086824985162,0,0,0,0,0,0,0,-1.4965524147718476,1,0,0,1,1,0,0,0,0,0,1
0,0,0,0.34864325153076386,0,0,0,0,0,0,1,-1.3271556029543117,2,0,0,1,0,1,0,0,0,0,1
0,0,0,1.2439422159456388,1,1,1,0,1,0,0,1.1025261194874034,2,0,1,0,0,0,1,0,1,0,0
1,0,0,-1.0756960100383552,0,1,0,0,1,1,1,1.1108298847725768,2,0,1,0,1,0,0,0,0,1,0
0,1,0,0.5114248814243775,0,1,0,0,0,0,0,0.5511561045518948,2,0,1,0,1,0,0,1,0,0,0
0,0,1,1.2032468084722354,0,0,0,0,0,0,1,-1.3421023804676238,2,0,0,1,0,0,1,0,0,0,1
0,1,1,1.3253330308924456,0,0,0,0,0,0,1,-1.3122088254409998,2,0,0,1,0,0,1,1,0,0,0
0,0,0,-0.750132750251128,0,0,0,0,0,0,0,-1.5015346739429516,1,0,0,1,1,0,0,0,1,0,0
0,1,1,0.22655702911055367,1,1,1,1,1,0,0,0.30702540516779875,1,1,0,0,0,1,0,0,0,1,0
0,0,0,-0.26178786057028713,0,0,1,1,1,1,1,1.1241159092288542,1,0,1,0,1,0,0,0,0,1,0
0,0,0,-0.5873511203575144,0,0,0,0,0,0,0,-1.4998739208859169,1,0,0,1,1,0,0,0,0,0,1
1,1,0,0.34864325153076386,1,0,1,0,0,0,1,0.6292114982325239,2,0,1,0,1,0,0,1,0,0,0
0,0,0,-0.7908281577245314,0,0,0,0,0,1,1,0.5212625495252706,1,0,1,0,1,0,0,0,0,1,0
0,0,0,-1.2791730474053722,0,0,0,0,0,0,1,0.19243344423240674,1,0,1,0,1,0,0,0,0,1,0
0,0,0,-1.1163914175117586,0,0,1,0,1,1,1,0.17250440754799096,1,1,0,0,0,1,0,0,0,0,1
0,1,1,0.38933865900416725,0,0,1,0,1,1,1,0.9082180118143478,1,0,1,0,1,0,0,0,0,1,0
0,1,1,1.2439422159456388,0,0,0,0,0,0,0,-1.4882486494866742,1,0,0,1,0,0,1,0,1,0,0
0,0,0,-0.6687419353043211,0,0,0,0,0,0,0,-1.4849271433726048,1,0,0,1,0,1,0,1,0,0,0
1,1,0,-0.01761541572986675,0,0,0,0,0,1,1,0.5146195372971318,1,0,1,0,1,0,0,0,1,0,0
1,0,0,-0.953609787618145,0,0,1,0,0,0,0,0.3551872438218041,1,0,1,0,1,0,0,0,1,0,0
0,0,0,-0.6687419353043211,0,0,0,1,0,0,1,0.3236329357381454,1,0,1,0,1,0,0,0,1,0,0
1,1,1,1.1218559935254284,1,0,0,0,0,0,1,0.5362093270385827,2,0,1,0,1,0,0,0,0,1,0
0,0,0,-1.1163914175117586,1,0,1,0,0,0,1,-0.29914946064985404,1,1,0,0,1,0,0,0,0,0,1
1,0,0,-1.1977822324585654,0,0,0,0,1,1,1,0.9978986768942193,2,0,1,0,1,0,0,0,0,1,0
0,0,0,-0.4652648979373042,1,1,0,1,1,0,0,0.20738022174571882,1,1,0,0,0,0,1,0,1,0,0
0,0,1,0.18586162163715025,0,0,0,0,0,0,0,-1.4782841311444663,1,0,0,1,0,1,0,1,0,0,0
0,0,0,-0.09900623067667355,0,1,0,0,1,1,1,1.1755992539969289,2,0,1,0,1,0,0,0,0,1,0
0,1,1,0.7962927337382013,0,0,0,0,0,0,0,-1.3288163560113464,2,0,0,1,0,0,1,0,0,0,1
0,1,1,1.1625514009988318,0,1,1,1,1,1,0,1.298494980217494,1,0,1,0,0,1,0,0,1,0,0
0,1,1,1.6102008832062693,1,1,1,1,1,1,1,1.6439316160807043,2,0,1,0,0,0,1,0,1,0,0
0,0,0,1.6102008832062693,0,0,1,1,1,1,1,1.4180692003239899,2,0,1,0,0,0,1,0,1,0,0
0,1,0,0.4300340664775707,0,0,0,1,1,0,1,0.001446842673420246,2,1,0,0,0,1,0,1,0,0,0
0,1,1,-1.0350006025649519,1,0,0,0,1,1,0,0.16253988920578305,1,1,0,0,1,0,0,0,1,0,0
0,0,0,0.9997697711052183,1,1,0,1,0,0,1,0.7554287305671583,2,0,1,0,1,0,0,1,0,0,0
0,0,0,0.5521202888977809,1,1,0,0,0,0,0,0.6458190288028706,2,0,1,0,1,0,0,0,0,0,1
0,1,1,1.6102008832062693,1,1,1,1,1,1,1,0.009750607958593572,0,1,0,0,0,0,1,0,1,0,0
1,0,0,-0.8315235651979348,0,0,1,0,1,1,1,1.150687958141409,2,0,1,0,1,0,0,0,0,1,0
0,1,1,1.1625514009988318,0,0,0,0,0,0,1,-1.3487453926957622,2,0,0,1,0,0,1,0,0,0,1
0,1,0,1.2846376234190422,1,1,1,1,1,1,1,1.6671821588791895,2,0,1,0,0,1,0,0,0,1,0
0,1,1,0.9590743636318149,1,1,1,0,0,0,1,-0.11646662437604088,1,1,0,0,0,0,1,0,1,0,0
0,0,0,-0.7094373427777246,0,0,0,0,0,0,0,-0.5299941355776724,2,1,0,0,1,0,0,0,0,0,1
0,1,1,-0.18039704562348036,0,0,0,0,1,1,1,0.8401271364759262,1,0,1,0,0,1,0,1,0,0,0
0,1,1,-0.38387408299049736,0,0,0,0,0,0,0,-1.4749626250303969,1,0,0,1,0,0,1,1,0,0,0
0,1,0,1.6102008832062693,1,0,1,1,1,1,1,0.6674088185443213,2,1,0,0,0,0,1,1,0,0,0
0,0,0,-0.6687419353043211,0,0,0,0,0,0,0,-1.4799448842015008,1,0,0,1,1,0,0,1,0,0,0
0,0,0,-0.546655712884111,0,0,0,0,0,0,1,-1.3171910846121038,0,1,0,0,1,0,0,1,0,0,0
0,0,0,0.7555973262647979,1,1,1,0,1,1,0,1.4164084472669554,2,0,1,0,0,1,0,1,0,0,0
0,1,0,0.6742065113179911,0,0,0,0,0,0,0,-1.4649981066881888,1,0,0,1,0,1,0,0,1,0,0
0,1,1,-1.0756960100383552,0,0,0,0,0,0,0,-1.4849271433726048,1,0,0,1,0,0,1,0,0,0,1
1,0,0,-0.5059603054107076,0,0,0,0,0,1,1,0.5528168576089294,1,0,1,0,1,0,0,0,0,1,0
0,1,0,1.0404651785786216,0,0,0,0,1,1,1,-0.6578721209693417,0,1,0,0,0,1,0,0,1,0,0
0,0,0,0.9183789561584115,0,0,0,0,0,0,1,0.27547109708414,2,0,1,0,1,0,0,0,0,1,0
0,0,0,-0.4652648979373042,0,0,0,0,0,0,0,0.3485442315936654,2,0,1,0,1,0,0,0,0,0,1
0,0,0,-0.38387408299049736,0,0,0,1,1,1,1,0.29706088682559084,2,1,0,0,0,1,0,0,0,0,1
0,0,0,-0.4652648979373042,0,1,0,0,0,0,1,0.582710412635553,2,0,1,0,1,0,0,0,0,1,0
0,0,0,-1.2384776399319688,0,0,0,0,0,0,1,0.3352582071373883,2,0,1,0,1,0,0,0,0,0,1
0,0,0,-1.0756960100383552,0,0,0,0,0,0,1,0.30038239293965996,2,0,1,0,1,0,0,0,0,0,1
1,1,1,0.9183789561584115,1,0,1,1,1,0,0,0.3800985396773241,2,1,0,0,0,1,0,0,0,1,0
0,1,1,1.6102008832062693,0,0,0,0,0,0,1,-1.3786389477223864,2,0,0,1,0,1,0,1,0,0,0
1,1,0,-0.01761541572986675,0,0,0,0,1,1,1,0.9430938260120757,2,0,1,0,1,0,0,0,0,1,0
0,1,1,0.9590743636318149,1,0,1,1,1,1,1,1.4878208287194457,2,0,1,0,1,0,0,0,0,0,1
0,0,0,-1.2791730474053722,0,0,0,0,1,1,1,0.8550739139892383,1,0,1,0,1,0,0,0,0,1,0
0,1,0,-0.3024832680436906,0,1,0,0,0,0,0,-0.3556150645890325,2,1,0,0,1,0,0,0,0,1,0
0,1,0,0.9183789561584115,0,1,1,0,1,1,1,1.2901912149323207,2,0,1,0,1,0,0,0,1,0,0
0,0,0,-1.0756960100383552,0,1,0,0,1,0,0,-0.1779144874863233,1,1,0,0,1,0,0,0,0,1,0
0,1,1,1.6102008832062693,1,1,1,0,1,0,1,0.19409419728944177,1,1,0,0,0,0,1,0,1,0,0
0,1,1,-0.8315235651979348,0,0,0,0,1,0,1,-0.2825419300795074,1,1,0,0,1,0,0,0,0,0,1
0,1,1,0.7962927337382013,0,0,0,0,0,0,1,-1.3205125907261732,2,0,0,1,0,0,1,1,0,0,0
0,0,0,-1.0350006025649519,0,0,1,0,1,1,1,1.104186872544438,2,0,1,0,1,0,0,1,0,0,0
0,1,1,1.569505475732866,1,0,0,0,1,1,1,1.075954070574849,2,0,1,0,0,0,1,0,0,1,0
0,0,0,1.2846376234190422,0,0,0,0,0,0,0,-1.5031954269999863,1,0,0,1,0,0,1,0,0,0,1
0,0,0,-1.2791730474053722,0,0,0,0,0,0,1,-1.5081776861710903,1,0,0,1,1,0,0,0,0,0,1
0,1,0,1.4474192533126558,0,0,0,0,0,0,0,-1.2956012948706532,2,0,0,1,0,0,1,0,1,0,0
0,0,0,-1.2791730474053722,0,0,0,0,0,0,0,-1.2939405418136183,0,1,0,0,0,1,0,0,0,0,1
0,1,1,-0.5873511203575144,0,0,0,0,0,0,1,-1.4799448842015008,1,0,0,1,1,0,0,0,0,0,1
0,0,0,-0.3024832680436906,0,0,0,0,0,0,0,-1.3122088254409998,2,0,0,1,0,1,0,1,0,0,0
0,0,0,-0.3024832680436906,0,0,0,0,0,0,0,-1.3304771090683811,2,0,0,1,0,0,1,0,1,0,0
1,1,0,0.8776835486850081,0,1,1,1,1,1,1,1.516053630689035,2,0,1,0,0,0,1,0,0,1,0
0,0,0,-0.38387408299049736,0,1,1,0,0,0,0,-0.29914946064985404,1,1,0,0,0,1,0,1,0,0,0
0,0,0,0.6335111038445876,0,0,0,0,0,0,0,-1.4932309086577782,1,0,0,1,0,0,1,0,1,0,0
1,1,0,1.4067238458392524,1,1,0,0,1,1,1,1.3549605841566723,2,0,1,0,0,1,0,0,0,1,0
0,1,1,-1.0756960100383552,0,0,0,0,1,0,0,-0.33070376873351254,1,1,0,0,1,0,0,0,0,1,0
0,0,1,1.1218559935254284,1,0,1,1,1,1,1,0.6690695716013559,2,1,0,0,0,0,1,0,0,1,0
0,1,1,-1.2791730474053722,0,0,0,0,0,0,0,-0.6728188984826537,1,1,0,0,1,0,0,0,0,1,0
1,0,0,-0.8722189726713382,0,0,0,0,0,1,1,0.6640873124302518,2,0,1,0,1,0,0,0,1,0,0
1,0,0,-0.6687419353043211,0,0,0,1,1,0,0,-0.1795752405433581,1,1,0,0,1,0,0,0,0,1,0
0,0,0,0.023079991743536653,0,1,0,0,0,0,1,-0.3373467809616513,2,1,0,0,1,0,0,1,0,0,0
0,0,1,-1.1977822324585654,0,0,0,0,1,0,1,-0.3356860279046165,1,1,0,0,1,0,0,0,1,0,0
0,1,0,1.2846376234190422,1,0,1,0,1,1,1,1.1357411806280968,1,0,1,0,0,0,1,1,0,0,0
0,0,0,-0.5059603054107076,0,0,0,0,0,0,1,-1.4982131678288821,1,0,0,1,0,0,1,0,0,0,1
0,1,0,-1.2791730474053722,0,0,0,0,1,0,1,0.5229233025823052,1,0,1,0,1,0,0,0,0,1,0
0,1,1,-0.22109245309688375,0,1,0,1,0,0,1,0.6773733368865292,2,0,1,0,1,0,0,0,1,0,0
0,1,1,0.5114248814243775,1,1,1,1,1,1,1,0.6491405349169397,1,1,0,0,0,0,1,0,0,0,1
0,0,1,0.5521202888977809,0,0,1,1,0,0,1,0.6640873124302518,2,0,1,0,1,0,0,1,0,0,0
0,1,0,-0.9943051950915484,1,0,0,0,0,0,0,0.33857971325145747,1,0,1,0,1,0,0,0,0,1,0
0,0,0,-0.38387408299049736,0,0,1,1,1,0,1,1.065989552232641,2,0,1,0,1,0,0,0,1,0,0
0,1,0,0.7149019187913945,1,0,1,0,1,1,1,1.3001557332745286,2,0,1,0,0,1,0,0,0,1,0
0,0,0,-0.8315235651979348,0,0,0,0,0,0,0,-1.3238340968402422,2,0,0,1,0,1,0,0,1,0,0
1,0,0,-0.7908281577245314,0,0,1,0,0,0,1,0.31532917045297204,1,0,1,0,1,0,0,0,0,1,0
0,1,0,-0.34317867551709397,1,0,0,1,0,0,0,-0.37222259515937917,1,1,0,0,1,0,0,0,0,0,1
0,1,1,-0.22109245309688375,1,1,0,0,0,0,1,-0.33402527484758193,1,1,0,0,1,0,0,0,1,0,0
1,1,0,1.081160586052025,1,1,1,1,0,0,1,0.9713266279816648,2,0,1,0,0,1,0,0,0,1,0
0,0,1,1.2032468084722354,0,0,0,0,0,0,0,-1.2889582826425143,2,0,0,1,0,0,1,1,0,0,0
0,1,0,1.366028438365849,1,1,1,0,0,0,0,0.0695377180118419,2,1,0,0,0,0,1,1,0,0,0
0,1,0,-0.6280465278309177,0,1,0,0,1,1,1,-0.4984398274940139,0,1,0,0,1,0,0,0,0,0,1
0,1,0,1.5288100682594625,1,0,1,1,0,0,0,0.01639362018673233,2,1,0,0,0,0,1,0,1,0,0
0,0,0,0.7149019187913945,0,1,0,1,1,1,1,0.49136899449864646,2,1,0,0,0,0,1,0,0,0,1
0,1,1,-0.05831082320327015,0,0,0,0,0,0,1,-1.5031954269999863,1,0,0,1,1,0,0,0,0,0,1
0,0,1,-1.157086824985162,0,1,0,0,1,1,1,1.2254218457079689,2,0,1,0,1,0,0,0,0,1,0
0,1,1,1.4881146607860591,0,0,0,0,0,0,1,-1.4766233780874316,1,0,0,1,0,1,0,0,1,0,0
0,0,0,-0.13970163815007697,0,0,0,0,0,0,0,-1.5098384392281248,1,0,0,1,1,0,0,0,1,0,0
0,0,0,-1.2791730474053722,0,0,0,0,0,0,1,0.1558968769776443,1,0,1,0,1,0,0,0,0,1,0
0,1,1,1.6102008832062693,0,0,0,0,0,1,1,0.6541227940880439,2,0,1,0,0,0,1,0,1,0,0
0,0,0,-1.0350006025649519,0,0,0,0,0,0,0,0.14427160557840182,1,0,1,0,1,0,0,1,0,0,0
0,0,0,-0.9129143801447416,0,0,0,0,0,0,0,-1.5264459697984716,1,0,0,1,1,0,0,0,0,0,1
0,1,0,-0.750132750251128,1,1,0,1,1,1,0,1.3665858555559154,1,0,1,0,0,1,0,0,0,0,1
0,0,0,-0.13970163815007697,0,0,0,0,0,0,1,-1.3188518376691383,0,1,0,0,1,0,0,0,1,0,0
0,1,1,-0.7094373427777246,0,0,0,0,0,0,0,-1.494891661714813,1,0,0,1,1,0,0,0,0,0,1
0,0,0,-0.953609787618145,0,0,0,0,0,0,0,0.1409500994643322,1,0,1,0,1,0,0,0,0,1,0
0,0,0,-1.157086824985162,0,0,0,1,0,0,0,-1.1394905075093946,0,1,0,0,1,0,0,0,0,1,0
0,1,0,0.06377539921694006,0,0,0,1,0,0,0,-0.48515380303773636,1,1,0,0,1,0,0,1,0,0,0
0,0,0,-1.0350006025649519,0,0,0,0,1,1,1,0.06787696495480686,1,1,0,0,1,0,0,0,0,1,0
0,0,0,1.081160586052025,0,0,0,0,0,0,0,-1.3221733437832077,2,0,0,1,0,0,1,0,0,0,1
0,0,0,0.023079991743536653,0,1,1,0,1,0,1,0.05293018744149525,1,1,0,0,1,0,0,0,1,0,0
0,0,0,-1.2384776399319688,0,0,0,0,0,0,0,-0.6694973923685843,1,1,0,0,1,0,0,0,0,0,1
0,1,1,0.7555973262647979,1,0,0,1,1,0,1,1.0078631952364276,2,0,1,0,0,1,0,0,0,0,1
0,1,1,1.4881146607860591,0,0,0,0,0,0,0,-1.4816056372585356,1,0,0,1,0,0,1,1,0,0,0
1,1,0,0.6742065113179911,0,1,0,0,0,0,0,-0.4984398274940139,1,1,0,0,0,0,1,0,0,0,1
0,0,0,-0.7908281577245314,1,0,0,0,0,0,1,-1.1278652361101518,0,1,0,0,1,0,0,1,0,0,0
0,0,0,0.8776835486850081,1,1,0,0,0,1,0,-0.6180140476005096,0,1,0,0,0,0,1,1,0,0,0
0,1,1,-1.1977822324585654,1,0,0,0,0,0,0,-1.1660625564219491,0,1,0,0,1,0,0,0,1,0,0
0,1,1,-0.7094373427777246,0,0,0,0,0,0,1,-1.3138695784980343,2,0,0,1,1,0,0,0,0,1,0
0,1,0,0.7962927337382013,0,1,1,0,1,1,1,1.3366923005292912,2,0,1,0,1,0,0,0,0,1,0
0,1,0,-0.7094373427777246,0,0,0,0,0,0,0,-1.4733018719733622,1,0,0,1,1,0,0,0,1,0,0
0,0,0,-0.9943051950915484,0,0,0,0,0,1,1,-0.33402527484758193,1,1,0,0,1,0,0,0,1,0,0
0,1,0,1.569505475732866,1,1,1,1,1,1,0,0.6956416205139104,2,1,0,0,0,0,1,0,1,0,0
0,0,0,0.18586162163715025,0,0,0,0,1,1,1,-0.0018746634406488956,1,1,0,0,1,0,0,0,0,1,0
1,0,0,1.2846376234190422,1,1,0,1,1,0,1,0.1791474197761297,1,1,0,0,0,0,1,0,1,0,0
0,1,1,-0.5059603054107076,0,0,1,0,0,0,1,-0.5050828397221524,1,1,0,0,1,0,0,0,0,1,0
1,1,1,-0.18039704562348036,0,0,0,0,0,0,1,-0.4585817541251818,2,1,0,0,0,1,0,0,0,1,0
0,0,0,-1.1977822324585654,0,0,0,0,1,0,1,-0.9966657446044134,0,1,0,0,1,0,0,0,1,0,0
0,0,0,0.7149019187913945,1,0,1,1,1,1,1,0.5876926718066572,2,1,0,0,0,1,0,0,1,0,0
0,1,0,-1.2384776399319688,0,0,0,0,0,0,1,-0.6711581454256189,1,1,0,0,1,0,0,0,1,0,0
1,1,0,1.366028438365849,0,1,1,1,1,1,1,1.4379982370084057,2,0,1,0,0,1,0,0,1,0,0
0,1,1,-0.8315235651979348,0,1,0,1,0,0,0,-0.973415201805928,0,1,0,0,1,0,0,0,0,0,1
0,0,0,-0.546655712884111,0,0,0,0,0,0,1,-1.4899094025437087,1,0,0,1,0,0,1,0,0,0,1
0,0,1,1.366028438365849,0,0,0,0,0,0,0,-1.469980365859293,1,0,0,1,0,0,1,0,0,0,1
0,0,0,0.8369881412116047,0,1,1,1,0,1,1,0.9846126524379423,1,0,1,0,0,1,0,0,1,0,0
0,0,0,-0.13970163815007697,0,1,0,1,0,0,0,-1.0132732751747602,0,1,0,0,1,0,0,0,0,1,0
0,1,0,0.7149019187913945,0,0,1,0,1,1,0,0.36183025604994284,2,1,0,0,0,1,0,1,0,0,0
0,1,0,-1.2384776399319688,1,0,0,0,0,0,1,0.31865067656704166,1,0,1,0,1,0,0,0,0,1,0
0,1,1,-0.13970163815007697,1,0,0,1,1,0,0,0.1409500994643322,2,1,0,0,0,1,0,1,0,0,0
1,1,0,0.9183789561584115,0,0,0,0,0,0,1,0.30536465211076413,2,0,1,0,1,0,0,0,0,1,0
0,0,1,-1.2791730474053722,0,1,0,1,0,0,0,-1.0365238179732452,0,1,0,0,1,0,0,0,0,0,1
0,1,1,-0.38387408299049736,1,1,1,1,0,0,1,0.04794792827039106,1,1,0,0,0,1,0,0,0,0,1
0,0,0,-0.42456949046390074,0,0,0,0,1,1,1,0.9912556646660811,2,0,1,0,1,0,0,0,1,0,0
0,1,1,0.4300340664775707,0,0,1,1,1,1,1,1.3117810046737712,2,0,1,0,0,1,0,0,1,0,0
0,0,0,-1.2791730474053722,0,0,0,0,0,0,0,-0.6462468495700989,1,1,0,0,1,0,0,0,0,0,1
1,0,0,-0.750132750251128,0,0,0,0,1,1,1,1.0228099727497393,2,0,1,0,1,0,0,0,0,1,0
0,0,0,1.4067238458392524,1,1,0,1,0,0,0,-0.14303867328859543,1,1,0,0,0,1,0,0,1,0,0
0,0,0,-0.9943051950915484,0,1,0,1,1,0,1,0.02137587935783651,1,1,0,0,1,0,0,0,0,1,0
0,1,1,-0.01761541572986675,1,0,0,0,1,0,0,0.8235196059055795,2,0,1,0,1,0,0,0,0,1,0
1,1,0,-0.09900623067667355,0,0,0,1,1,1,1,1.21877883347983,2,0,1,0,1,0,0,0,0,1,0
0,0,0,-0.5059603054107076,0,1,0,1,0,1,1,0.1359678402932285,2,1,0,0,1,0,0,0,1,0,0
0,0,0,-0.953609787618145,0,0,0,0,0,0,1,0.1891119381183376,1,0,1,0,1,0,0,0,0,1,0
0,1,1,0.9590743636318149,0,0,1,1,1,1,1,1.2752444374190086,2,0,1,0,0,0,1,0,0,1,0
0,1,1,-0.5873511203575144,0,0,0,0,0,0,0,-1.4733018719733622,1,0,0,1,1,0,0,0,0,0,1
0,0,0,-0.7908281577245314,0,0,0,0,0,0,0,-1.5065169331140555,1,0,0,1,0,1,0,0,0,0,1
0,0,0,-0.26178786057028713,1,0,0,1,1,1,0,-0.34066828707572067,0,1,0,0,0,1,0,0,1,0,0
0,1,1,1.5288100682594625,1,1,1,1,1,0,1,0.479743723099404,2,1,0,0,0,0,1,1,0,0,0
0,1,1,-0.9943051950915484,0,1,0,1,0,0,0,-0.2825419300795074,1,1,0,0,1,0,0,1,0,0,0
0,0,0,1.2032468084722354,0,0,0,0,0,0,1,-1.4865878964296397,1,0,0,1,0,0,1,0,1,0,0
1,1,0,-0.09900623067667355,0,0,1,0,1,1,0,0.3335974540803533,2,1,0,0,0,0,1,0,0,1,0
0,0,0,-0.546655712884111,0,0,0,0,1,1,1,-0.6628543801404456,0,1,0,0,0,1,0,0,1,0,0
0,1,1,-0.34317867551709397,1,0,0,0,1,1,0,0.33193670102331874,2,1,0,0,0,1,0,0,0,0,1
1,0,0,-1.2791730474053722,0,0,0,0,0,0,1,-1.2956012948706532,0,1,0,0,1,0,0,0,0,0,1
0,1,0,0.06377539921694006,0,0,1,0,1,1,0,1.1971890437383792,2,0,1,0,1,0,0,0,0,1,0
1,0,0,1.4067238458392524,1,1,0,1,1,0,1,0.9181825301565557,1,0,1,0,0,0,1,1,0,0,0
1,1,1,-0.9129143801447416,0,0,0,0,0,1,1,-1.0049695098895868,0,1,0,0,1,0,0,1,0,0,0
0,0,0,0.7555973262647979,0,0,0,0,0,0,1,-1.335459368239485,2,0,0,1,0,1,0,1,0,0,0
0,1,0,0.14516621416374687,1,1,1,1,0,1,1,1.3699073616699844,2,0,1,0,0,0,1,0,1,0,0
0,1,0,0.9997697711052183,0,0,0,0,0,0,1,-1.5015346739429516,1,0,0,1,0,0,1,1,0,0,0
0,0,0,-1.2791730474053722,0,0,0,0,0,0,1,-1.4932309086577782,1,0,0,1,1,0,0,0,0,1,0
1,0,0,-1.2791730474053722,0,0,0,0,0,0,1,-1.5065169331140555,1,0,0,1,1,0,0,0,0,1,0
1,1,1,1.366028438365849,1,1,1,1,1,1,1,1.7087009853050563,2,0,1,0,0,1,0,0,0,1,0
0,0,0,-0.5873511203575144,0,0,1,0,1,0,1,0.8235196059055795,2,0,1,0,0,1,0,0,1,0,0
0,1,1,-0.42456949046390074,0,0,0,0,0,0,0,-1.4832663903155703,1,0,0,1,0,1,0,0,0,0,1
1,0,0,-1.0756960100383552,0,0,0,0,1,1,1,0.8152158406204062,1,0,1,0,1,0,0,0,0,1,0
0,0,0,-1.2384776399319688,0,0,0,0,0,0,1,0.36847326827808163,2,0,1,0,1,0,0,0,0,1,0
1,0,0,-0.34317867551709397,0,0,0,0,0,0,1,-1.4782841311444663,1,0,0,1,1,0,0,0,0,0,1
0,1,0,-0.42456949046390074,0,0,0,0,0,1,1,0.6740518307724597,2,0,1,0,1,0,0,0,0,1,0
1,1,0,-1.0350006025649519,0,0,0,0,1,1,1,0.8035905692211637,1,0,1,0,1,0,0,0,0,1,0
0,1,0,0.5521202888977809,1,1,0,1,0,1,0,0.19243344423240674,1,1,0,0,0,1,0,0,0,0,1
1,1,0,0.3079478440573605,1,1,1,1,1,0,1,1.1075083786585076,1,0,1,0,0,1,0,0,1,0,0
1,0,0,1.2846376234190422,0,1,0,1,1,0,1,-0.6960694412811389,0,1,0,0,1,0,0,0,0,1,0
0,1,1,-0.9129143801447416,0,0,1,1,0,0,0,-0.31907849733426985,1,1,0,0,1,0,0,0,1,0,0
0,0,0,1.1625514009988318,1,1,1,0,1,1,1,1.426372965609163,2,0,1,0,0,1,0,0,0,1,0
0,1,0,1.6102008832062693,0,0,0,0,0,0,0,-1.2939405418136183,2,0,0,1,0,0,1,0,1,0,0
0,0,0,0.2672524365839571,0,0,0,0,0,0,0,-1.4649981066881888,1,0,0,1,0,0,1,0,1,0,0
0,0,0,-0.42456949046390074,0,0,0,0,1,1,0,0.8118943345063371,1,0,1,0,1,0,0,0,0,1,0
0,0,0,-1.1977822324585654,0,1,1,0,0,1,0,0.8500916548181345,1,0,1,0,1,0,0,0,0,1,0
0,1,0,-0.34317867551709397,0,0,0,0,0,0,1,0.351865737707735,2,0,1,0,1,0,0,0,1,0,0
0,0,0,1.2846376234190422,1,1,1,1,1,0,0,0.5461738453807906,2,1,0,0,0,1,0,0,0,1,0
0,1,0,-1.1977822324585654,0,0,0,0,0,0,1,-0.6213355537145789,1,1,0,0,1,0,0,0,0,0,1
1,0,0,0.06377539921694006,0,1,1,0,1,1,1,-0.28420268313654196,0,1,0,0,1,0,0,0,0,1,0
0,1,0,0.06377539921694006,1,0,0,1,0,0,1,-0.13141340188935274,2,1,0,0,1,0,0,1,0,0,0
0,1,0,1.4474192533126558,0,1,0,1,1,1,1,1.178920760110998,1,0,1,0,0,1,0,0,0,1,0
0,0,0,-0.5873511203575144,0,0,0,0,0,0,0,-1.4849271433726048,1,0,0,1,0,1,0,0,0,0,1
1,0,0,-0.6280465278309177,0,0,1,0,0,0,1,0.5926749309777615,2,0,1,0,1,0,0,0,1,0,0
1,0,0,-1.2384776399319688,0,0,0,0,0,0,1,0.25886356651379333,2,0,1,0,1,0,0,0,0,0,1
0,0,0,-0.09900623067667355,0,0,0,0,0,0,0,-1.5081776861710903,1,0,0,1,0,0,1,0,1,0,0
0,1,1,0.9590743636318149,0,0,0,0,0,0,0,-1.3504061457527972,2,0,0,1,0,0,1,1,0,0,0
0,1,1,-0.546655712884111,0,0,0,0,0,0,0,-1.4816056372585356,1,0,0,1,1,0,0,0,0,0,1
0,0,0,-1.1163914175117586,0,0,0,0,0,0,0,-1.4533728352889463,1,0,0,1,1,0,0,0,0,0,1
0,1,0,1.5288100682594625,1,0,1,1,0,0,1,-0.8521802286423975,0,1,0,0,0,0,1,0,1,0,0
0,0,0,-1.2791730474053722,1,0,0,0,0,0,0,-0.5001005805510484,1,1,0,0,1,0,0,0,0,1,0
0,1,0,1.6102008832062693,0,1,1,1,1,1,1,1.5060891123468272,2,0,1,0,0,0,1,0,0,1,0
0,0,1,1.2439422159456388,0,0,0,0,0,0,0,-1.5048561800570208,1,0,0,1,0,0,1,0,1,0,0
1,0,0,-0.4652648979373042,1,0,0,0,1,0,1,-0.760838810505491,0,1,0,0,1,0,0,0,0,1,0
0,0,0,-0.13970163815007697,0,1,1,0,0,1,0,0.20239796257461512,2,1,0,0,0,1,0,0,1,0,0
0,0,0,-0.01761541572986675,1,0,0,1,0,0,0,0.758750236681228,2,0,1,0,1,0,0,1,0,0,0
0,0,0,0.8776835486850081,1,1,0,0,1,1,1,1.1706169948258247,1,0,1,0,0,1,0,0,1,0,0
0,0,0,-0.5059603054107076,1,0,1,0,1,0,1,0.8168765936774413,1,0,1,0,1,0,0,1,0,0,0
0,0,0,0.2672524365839571,0,1,1,1,0,0,0,-0.7874108594180455,0,1,0,0,1,0,0,1,0,0,0
0,1,1,0.5114248814243775,0,0,0,0,0,0,0,-1.5148206983992287,1,0,0,1,0,0,1,0,0,1,0
0,1,0,1.366028438365849,1,1,0,1,0,0,0,0.8035905692211637,2,0,1,0,0,1,0,0,0,1,0
0,0,0,0.9997697711052183,1,1,1,0,1,1,1,1.5990912835407685,2,0,1,0,0,0,1,1,0,0,0
0,0,0,-1.1977822324585654,0,0,1,0,1,0,0,-0.24102310365364077,1,1,0,0,1,0,0,0,0,1,0
1,1,0,1.1625514009988318,0,1,1,0,1,1,1,1.3151025107878407,2,0,1,0,0,1,0,0,1,0,0
0,1,0,1.1218559935254284,0,1,1,1,1,1,1,1.5276789020882777,2,0,1,0,0,0,1,0,1,0,0
0,1,0,1.2846376234190422,1,0,0,1,1,1,1,1.065989552232641,1,0,1,0,0,1,0,0,0,0,1
0,0,1,-1.2791730474053722,0,0,1,0,0,1,0,-0.18621825277149665,1,1,0,0,1,0,0,0,0,1,0
0,0,0,0.2672524365839571,0,1,0,0,1,0,1,-0.20614728945591265,1,1,0,0,0,1,0,0,1,0,0
0,0,1,0.7149019187913945,1,1,0,0,1,0,1,-0.7226414901936937,0,1,0,0,0,1,0,1,0,0,0
0,0,0,0.7149019187913945,1,0,0,1,0,0,1,-0.9767367079199974,0,1,0,0,0,1,0,0,0,0,1
0,1,1,1.4474192533126558,1,1,0,0,0,0,1,0.6873378552287371,2,0,1,0,0,1,0,1,0,0,0
0,1,1,1.6102008832062693,1,1,1,1,1,1,1,1.6040735427118722,2,0,1,0,0,0,1,1,0,0,0
0,1,1,0.7962927337382013,0,0,1,0,1,1,0,1.2104750681946568,2,0,1,0,0,1,0,1,0,0,0
0,0,0,-1.0350006025649519,0,0,1,0,0,0,0,0.326954441852215,1,0,1,0,1,0,0,0,0,0,1
0,0,1,-0.8315235651979348,0,0,0,0,0,0,1,0.29706088682559084,2,0,1,0,1,0,0,0,1,0,0
0,0,0,-1.1163914175117586,0,0,1,1,1,1,0,0.34356197242256165,1,1,0,0,1,0,0,1,0,0,0
0,0,0,-0.9943051950915484,0,0,0,0,1,1,1,0.04794792827039106,1,1,0,0,1,0,0,0,0,1,0
0,0,0,-1.0350006025649519,0,0,1,0,1,0,1,0.8152158406204062,2,0,1,0,1,0,0,0,1,0,0
0,0,0,-0.09900623067667355,1,1,1,1,1,1,0,0.682355596057633,1,1,0,0,0,1,0,1,0,0,0
0,0,0,1.0404651785786216,1,0,0,0,0,0,1,0.49801200672678525,2,0,1,0,1,0,0,1,0,0,0
0,0,1,-0.546655712884111,0,0,0,0,0,0,1,-1.4882486494866742,1,0,0,1,1,0,0,0,0,1,0
1,1,1,1.6102008832062693,1,0,1,1,1,1,1,1.3051379924456323,1,0,1,0,0,0,1,0,1,0,0
0,0,1,0.3079478440573605,0,0,0,0,0,0,1,-1.4749626250303969,1,0,0,1,0,1,0,1,0,0,0
0,1,1,1.1218559935254284,1,1,0,1,1,1,1,0.47310071087126526,1,1,0,0,1,0,0,0,1,0,0
0,1,1,-1.2791730474053722,0,0,0,0,0,0,0,-1.4965524147718476,1,0,0,1,1,0,0,0,0,1,0
0,1,1,0.38933865900416725,0,0,0,0,0,0,0,-1.4882486494866742,1,0,0,1,0,0,1,0,0,0,1
0,1,0,1.6102008832062693,0,0,0,0,0,0,1,-1.3138695784980343,2,0,0,1,0,0,1,1,0,0,0
0,1,1,-0.953609787618145,0,1,0,0,0,0,1,-1.1577587911367757,0,1,0,0,1,0,0,0,0,1,0
0,0,0,1.6102008832062693,1,1,1,1,0,1,1,0.27214959097007085,1,1,0,0,0,0,1,0,1,0,0
0,0,0,0.8776835486850081,1,0,0,1,0,1,0,-0.6877656759959656,0,1,0,0,0,1,0,1,0,0,0
0,0,0,0.5928156963711843,1,0,1,1,0,0,0,-0.760838810505491,0,1,0,0,0,0,1,0,0,0,1
1,1,0,1.3253330308924456,0,1,1,1,1,1,1,1.3632643494418457,1,0,1,0,0,0,1,0,1,0,0
0,1,0,1.366028438365849,0,1,1,0,0,1,0,1.0128454544075314,2,0,1,0,0,1,0,0,0,1,0
1,0,0,-1.2791730474053722,0,0,0,0,0,0,0,-0.6495683556841683,1,1,0,0,1,0,0,1,0,0,0
0,0,0,-1.1977822324585654,0,0,0,1,0,1,0,-0.13805641411749148,1,1,0,0,1,0,0,0,0,0,1
1,0,0,-0.6687419353043211,0,0,0,0,0,1,1,0.46313619252905736,1,0,1,0,1,0,0,0,0,1,0
0,1,0,0.38933865900416725,1,0,0,0,0,0,0,-0.2891849423076459,2,1,0,0,0,1,0,0,1,0,0
0,1,1,0.9997697711052183,1,0,1,1,0,0,1,-0.1828967466574275,1,1,0,0,0,1,0,0,0,0,1
0,0,0,1.0404651785786216,0,0,0,0,0,0,0,-1.3437631335246583,2,0,0,1,0,0,1,0,1,0,0
0,1,0,1.6102008832062693,1,1,1,1,0,1,0,0.4664576986431265,2,1,0,0,0,0,1,1,0,0,0
0,1,0,-0.42456949046390074,1,0,0,1,0,0,1,-0.28420268313654196,1,1,0,0,0,1,0,0,1,0,0
0,0,1,0.34864325153076386,1,1,1,1,1,1,1,1.5393041734875206,1,0,1,0,0,0,1,0,0,1,0
0,0,1,-0.6687419353043211,0,0,0,1,0,0,1,0.48804748838457734,2,0,1,0,0,1,0,0,1,0,0
0,0,0,-1.1163914175117586,0,0,0,1,0,1,1,0.684016349114668,1,0,1,0,1,0,0,0,1,0,0
0,1,1,0.7149019187913945,1,0,0,1,1,0,1,0.1891119381183376,2,1,0,0,0,0,1,0,1,0,0
0,0,0,-1.0350006025649519,0,0,0,0,0,0,1,0.16752214837688675,1,0,1,0,1,0,0,1,0,0,0
0,1,0,1.6102008832062693,0,1,1,1,1,1,1,1.447962755350614,2,0,1,0,0,0,1,0,0,1,0
0,0,0,-1.2791730474053722,0,0,0,0,0,0,1,-1.4998739208859169,1,0,0,1,1,0,0,1,0,0,0
1,1,1,1.6102008832062693,1,1,1,1,1,1,1,1.665521405822155,2,0,1,0,0,0,1,1,0,0,0
0,1,1,1.4474192533126558,0,1,1,0,0,0,1,0.6508012879739747,2,0,1,0,0,0,1,0,1,0,0
1,1,0,1.569505475732866,0,1,1,0,0,1,0,0.8185373467344758,1,0,1,0,0,0,1,0,1,0,0
0,0,1,-0.8722189726713382,0,0,0,0,0,0,0,-1.315530331555069,0,1,0,0,1,0,0,0,0,1,0
0,1,1,-0.7094373427777246,1,0,0,1,1,1,0,1.2320648579361075,1,0,1,0,0,1,0,0,0,1,0
0,0,1,-0.953609787618145,1,0,1,1,0,1,0,0.9364508137839369,1,0,1,0,1,0,0,1,0,0,0
0,1,1,-0.09900623067667355,0,0,1,0,1,1,1,1.1706169948258247,2,0,1,0,1,0,0,0,0,1,0
0,1,1,-1.2791730474053722,0,1,0,0,0,0,0,0.32529368879517995,1,0,1,0,1,0,0,0,1,0,0
0,0,0,-0.05831082320327015,0,0,0,0,0,0,1,0.37345552744918536,2,0,1,0,1,0,0,0,0,1,0
0,1,0,1.569505475732866,1,1,0,0,1,0,0,1.0244707258067745,2,0,1,0,0,1,0,0,0,0,1
0,1,1,1.1218559935254284,1,0,1,1,1,1,0,-0.16462846303004602,0,1,0,0,0,0,1,0,1,0,0
0,1,1,1.4067238458392524,0,0,0,0,0,0,1,-1.5081776861710903,1,0,0,1,0,0,1,0,1,0,0
0,0,0,-0.4652648979373042,1,0,0,1,1,0,1,-0.706033959623347,0,1,0,0,1,0,0,0,0,0,1
0,1,1,0.3079478440573605,0,0,0,0,0,0,1,-1.4749626250303969,1,0,0,1,1,0,0,1,0,0,0
0,0,0,1.081160586052025,0,0,0,0,0,0,1,-1.4816056372585356,1,0,0,1,0,0,1,1,0,0,0
0,0,1,-0.22109245309688375,0,0,0,0,0,0,0,-1.4982131678288821,1,0,0,1,0,0,1,0,1,0,0
0,0,0,0.6335111038445876,0,0,0,0,0,0,0,-1.3371201212965198,2,0,0,1,0,1,0,1,0,0,0
0,1,1,1.6102008832062693,1,1,1,0,1,1,1,0.6242292390614197,2,1,0,0,0,0,1,0,1,0,0
0,0,0,-1.2791730474053722,0,0,0,0,0,0,0,-1.4899094025437087,1,0,0,1,1,0,0,0,0,0,1
1,1,0,-0.13970163815007697,0,0,1,0,1,1,1,1.1374019336851313,2,0,1,0,1,0,0,1,0,0,0
0,1,0,-0.8315235651979348,1,0,0,1,0,0,0,0.5328878209245131,1,0,1,0,1,0,0,1,0,0,0
1,1,0,1.4474192533126558,0,1,0,0,1,1,1,1.1755992539969289,2,0,1,0,1,0,0,0,0,1,0
0,0,0,-0.9943051950915484,0,0,1,0,1,1,1,1.1573309703695476,2,0,1,0,1,0,0,0,0,1,0
0,0,0,1.3253330308924456,0,1,1,0,1,1,0,1.3383530535863257,2,0,1,0,0,0,1,0,1,0,0
1,0,0,-1.2791730474053722,0,0,0,0,0,0,1,0.16752214837688675,1,0,1,0,1,0,0,0,0,1,0
1,0,0,1.4067238458392524,0,0,0,0,0,0,0,-1.3188518376691383,2,0,0,1,0,0,1,0,1,0,0
0,0,0,-1.2384776399319688,0,0,0,0,0,0,0,-0.6229963067716138,1,1,0,0,1,0,0,1,0,0,0
0,0,0,0.7962927337382013,1,0,1,0,0,0,0,-0.3672403359882752,1,1,0,0,0,1,0,0,0,1,0
0,1,1,-0.6280465278309177,0,0,0,0,0,0,1,0.13928934640729765,1,0,1,0,1,0,0,0,0,1,0
0,1,1,-0.42456949046390074,0,1,0,0,1,0,0,-0.8505194755853627,0,1,0,0,1,0,0,0,0,1,0
0,1,0,1.4474192533126558,0,0,0,0,0,0,0,-1.3138695784980343,2,0,0,1,0,0,1,1,0,0,0
0,1,1,0.8776835486850081,0,1,1,1,1,1,1,0.7105883980272225,2,1,0,0,1,0,0,0,0,1,0
0,1,0,0.06377539921694006,1,1,0,1,0,0,0,-0.07162629183610487,2,1,0,0,1,0,0,0,0,1,0
0,0,1,0.4707294739509741,0,1,0,0,1,1,1,0.4232781191602253,2,1,0,0,0,1,0,0,0,0,1
0,0,0,-1.1163914175117586,1,0,1,0,0,0,0,-0.29914946064985404,1,1,0,0,1,0,0,0,1,0,0
0,1,0,1.6102008832062693,0,0,0,0,0,0,0,-1.3337986151824504,2,0,0,1,0,0,1,1,0,0,0
0,0,1,-0.546655712884111,0,0,0,1,0,0,0,-0.5316548886347072,1,1,0,0,1,0,0,0,0,0,1
0,1,1,-0.7908281577245314,0,0,0,0,0,0,1,-1.4965524147718476,1,0,0,1,0,0,1,1,0,0,0
1,1,0,1.1218559935254284,0,1,0,0,1,1,1,-0.5100650988932564,0,1,0,0,0,0,1,0,1,0,0
0,1,1,1.569505475732866,1,1,1,1,1,1,0,0.8716814445595849,2,1,0,0,0,0,1,0,0,0,1
1,0,0,0.9590743636318149,1,1,0,0,0,1,1,1.0643287991756059,2,0,1,0,1,0,0,0,0,1,0
0,0,1,-0.4652648979373042,1,0,1,0,0,1,0,0.001446842673420246,1,1,0,0,0,1,0,0,0,0,1
1,0,0,-0.7908281577245314,0,0,0,0,1,1,1,1.0045416891223582,2,0,1,0,1,0,0,0,0,1,0
0,0,0,-0.953609787618145,0,0,0,0,0,0,1,-1.335459368239485,0,1,0,0,1,0,0,0,0,0,1
0,1,0,-0.26178786057028713,0,1,1,1,1,1,0,0.5677636351222415,1,1,0,0,1,0,0,1,0,0,0
1,1,0,0.9590743636318149,1,1,1,1,1,1,1,0.6923201143998413,1,1,0,0,0,0,1,1,0,0,0
0,1,1,1.4881146607860591,0,0,0,0,0,0,1,-1.469980365859293,1,0,0,1,0,1,0,0,1,0,0
1,1,0,-0.7908281577245314,0,0,0,0,1,1,1,1.0111847013504969,2,0,1,0,1,0,0,0,0,1,0
0,1,0,1.6102008832062693,1,1,1,1,1,1,1,1.6937542077917442,2,0,1,0,0,0,1,1,0,0,0
1,1,0,1.4067238458392524,0,0,0,0,0,0,1,-1.4865878964296397,1,0,0,1,0,0,1,1,0,0,0
0,0,0,-0.953609787618145,0,0,0,0,0,1,0,-0.16296770997301147,2,1,0,0,1,0,0,0,0,0,1
0,0,1,1.5288100682594625,1,1,1,1,1,1,1,1.6538961344229122,2,0,1,0,0,0,1,0,0,1,0
0,0,0,1.366028438365849,1,1,1,1,1,1,1,1.6439316160807043,2,0,1,0,0,1,0,1,0,0,0
0,1,1,0.10447080669034346,0,0,0,0,0,0,0,-1.4915701556007437,1,0,0,1,0,1,0,0,0,1,0
0,1,1,0.9183789561584115,0,0,1,0,1,0,1,0.8500916548181345,2,0,1,0,1,0,0,0,1,0,0
0,1,0,1.3253330308924456,1,0,1,0,1,1,1,1.3101202516167365,2,0,1,0,1,0,0,0,0,1,0
0,0,0,-1.2791730474053722,0,0,0,0,0,0,0,-1.4899094025437087,1,0,0,1,1,0,0,0,0,1,0
0,1,0,-0.05831082320327015,0,0,1,1,1,1,1,0.48140447615643855,2,1,0,0,0,1,0,0,0,0,1
0,1,1,0.9183789561584115,0,0,0,0,0,0,0,-1.4716411189163277,1,0,0,1,0,0,1,0,0,0,1
0,0,0,-1.0756960100383552,0,0,0,0,0,0,0,-1.4816056372585356,1,0,0,1,1,0,0,0,0,0,1
0,1,0,0.18586162163715025,0,0,0,0,0,0,0,-1.5048561800570208,1,0,0,1,1,0,0,1,0,0,0
0,0,0,0.38933865900416725,0,0,1,1,1,1,1,0.45317167418684945,2,1,0,0,0,0,1,0,1,0,0
0,0,0,-1.0350006025649519,1,0,1,0,0,0,0,-0.9800582140340668,0,1,0,0,0,1,0,0,0,0,1
0,0,0,-1.2791730474053722,0,0,0,0,0,0,1,0.35352649076476955,2,0,1,0,1,0,0,0,0,1,0
0,0,0,0.34864325153076386,0,0,1,1,0,1,1,0.12600332195102013,2,1,0,0,0,1,0,0,0,1,0
0,1,1,0.5114248814243775,0,1,1,0,0,1,1,1.0028809360653235,2,0,1,0,0,1,0,0,1,0,0
0,1,0,-0.6687419353043211,1,1,1,0,0,0,0,0.8600561731603424,2,0,1,0,1,0,0,0,0,1,0
0,1,1,-1.1163914175117586,0,0,0,0,0,0,0,-1.4849271433726048,1,0,0,1,0,1,0,0,0,0,1
1,1,0,0.14516621416374687,0,1,0,0,1,0,1,0.901574999586209,2,0,1,0,1,0,0,0,1,0,0
0,0,0,1.1218559935254284,0,0,1,1,1,1,0,0.5229233025823052,2,1,0,0,0,1,0,0,1,0,0
0,0,0,-0.18039704562348036,0,0,1,0,0,0,1,-1.1644018033649146,0,1,0,0,1,0,0,0,0,0,1
0,1,0,1.4881146607860591,0,1,1,0,0,0,1,0.684016349114668,2,0,1,0,1,0,0,1,0,0,0
0,0,0,-1.2791730474053722,0,0,0,0,0,0,1,0.1509146178065401,1,0,1,0,1,0,0,0,0,1,0
0,1,0,0.8776835486850081,0,1,0,0,0,0,0,-1.1428120136234639,0,1,0,0,1,0,0,0,0,1,0
0,1,1,1.4881146607860591,1,1,0,1,1,1,1,1.3798718800121923,1,0,1,0,0,0,1,0,1,0,0
0,0,0,-1.2791730474053722,0,0,0,0,1,0,1,0.4897082414416119,1,0,1,0,1,0,0,0,0,1,0
0,1,1,-1.2791730474053722,0,1,0,0,0,0,1,0.32861519490924956,1,0,1,0,1,0,0,0,0,1,0
0,1,0,-0.953609787618145,0,0,0,0,0,0,0,-1.3520668988098317,0,1,0,0,0,1,0,1,0,0,0
0,1,1,0.10447080669034346,0,0,0,1,1,1,1,0.28709636848338294,2,1,0,0,0,1,0,1,0,0,0
0,1,1,-0.13970163815007697,0,1,1,0,1,1,0,0.5079765250689932,2,1,0,0,1,0,0,0,1,0,0
1,1,0,1.0404651785786216,0,0,1,0,1,1,1,1.125776662285889,2,0,1,0,1,0,0,0,0,1,0
0,0,0,-0.18039704562348036,0,0,1,0,1,0,1,-0.17459298137225418,1,1,0,0,1,0,0,1,0,0,0
0,0,0,-0.953609787618145,0,0,0,0,1,1,1,0.7836615325367479,1,0,1,0,1,0,0,0,0,0,1
0,1,0,0.023079991743536653,0,0,1,1,0,1,1,1.0028809360653235,2,0,1,0,1,0,0,0,1,0,0
0,1,1,-1.1163914175117586,0,1,0,1,1,1,1,1.140723439799201,1,0,1,0,1,0,0,0,0,0,1
1,0,0,0.18586162163715025,0,1,1,0,0,0,0,-0.9352178814941308,0,1,0,0,1,0,0,0,0,1,0
0,0,0,-1.2791730474053722,0,0,0,0,0,0,0,-1.4749626250303969,1,0,0,1,1,0,0,0,0,0,1
1,0,0,-1.2791730474053722,0,0,0,0,1,0,1,0.6939808674568759,2,0,1,0,1,0,0,0,0,1,0
0,1,1,-0.5059603054107076,0,0,0,0,0,0,0,-1.4865878964296397,1,0,0,1,1,0,0,0,0,0,1
0,1,0,1.366028438365849,1,1,1,0,0,0,1,0.042965669099286875,2,1,0,0,0,0,1,0,1,0,0
0,1,1,1.6102008832062693,1,1,1,1,1,1,0,0.8301626181337183,2,1,0,0,0,0,1,0,1,0,0
0,0,0,-1.2791730474053722,0,0,0,0,0,0,0,-1.4832663903155703,1,0,0,1,1,0,0,0,0,0,1
1,0,0,-0.8315235651979348,0,0,1,1,0,1,1,-0.7027124535092777,0,1,0,0,1,0,0,0,0,1,0
0,0,0,-0.26178786057028713,0,0,0,1,0,0,1,0.5212625495252706,2,0,1,0,1,0,0,0,0,1,0
0,0,0,-1.2791730474053722,0,0,0,0,1,0,1,-0.3373467809616513,1,1,0,0,1,0,0,0,0,1,0
0,0,0,1.4881146607860591,0,1,1,1,1,0,1,1.090900848088161,2,0,1,0,0,0,1,0,1,0,0
0,1,0,-0.9129143801447416,0,0,1,0,1,1,1,1.11913365005775,2,0,1,0,1,0,0,0,0,1,0
0,0,0,-1.1977822324585654,1,0,0,0,0,0,1,0.3236329357381454,1,0,1,0,1,0,0,0,0,1,0
0,0,0,0.3079478440573605,0,0,0,0,0,0,1,-1.4683196128022582,1,0,0,1,0,0,1,1,0,0,0
0,0,0,-0.7094373427777246,0,0,0,0,0,0,1,-0.5316548886347072,2,1,0,0,1,0,0,0,0,0,1
0,0,0,-0.7094373427777246,0,0,0,0,0,0,0,-1.494891661714813,1,0,0,1,0,1,0,0,0,0,1
1,1,0,-0.750132750251128,0,0,0,0,0,0,1,0.3419012193655266,2,0,1,0,1,0,0,0,0,1,0
0,0,0,-1.2384776399319688,0,0,0,0,0,1,1,0.7039453857990838,2,0,1,0,1,0,0,0,0,1,0
0,0,0,-0.7094373427777246,1,0,1,1,1,1,0,1.3383530535863257,1,0,1,0,1,0,0,0,0,1,0
0,1,1,1.6102008832062693,1,1,1,1,1,0,0,1.3715681147270191,2,0,1,0,0,0,1,0,1,0,0
1,0,0,0.10447080669034346,1,1,1,1,1,1,1,1.5276789020882777,2,0,1,0,0,1,0,1,0,0,0
0,0,0,0.2672524365839571,0,1,1,0,1,1,1,1.283548202704182,2,0,1,0,1,0,0,0,0,1,0
0,0,0,1.366028438365849,1,1,0,0,0,0,1,-0.3323645217905474,1,1,0,0,0,1,0,0,0,0,1
0,0,0,1.6102008832062693,0,0,0,0,0,0,0,-1.3072265662698956,2,0,0,1,0,0,1,0,1,0,0
1,1,0,1.6102008832062693,1,1,0,0,1,1,1,1.3964794105825389,2,0,1,0,0,1,0,1,0,0,0
0,0,0,-1.2384776399319688,0,0,0,0,0,1,1,0.5362093270385827,1,0,1,0,1,0,0,0,0,1,0
0,0,0,-0.9129143801447416,0,0,0,0,0,0,1,0.36349100910697746,2,0,1,0,1,0,0,0,0,0,1
1,0,0,1.366028438365849,0,1,1,1,1,1,0,1.5310004082023472,2,0,1,0,0,1,0,0,1,0,0
0,0,0,1.3253330308924456,0,1,1,1,1,1,1,1.472874051206134,2,0,1,0,1,0,0,0,0,1,0
0,1,0,-0.6280465278309177,1,0,1,0,0,0,0,-1.0099517690606907,0,1,0,0,1,0,0,0,0,0,1
0,1,0,1.4067238458392524,1,1,0,0,1,1,1,1.1988497967954141,1,0,1,0,0,1,0,0,1,0,0
0,1,1,1.4474192533126558,1,1,1,1,0,0,0,-0.07162629183610487,1,1,0,0,0,0,1,0,1,0,0
0,1,0,-0.546655712884111,0,0,1,0,0,1,0,0.8251803589626145,2,0,1,0,1,0,0,0,0,0,1
0,0,0,-0.7094373427777246,1,1,1,1,1,1,0,0.6524620410310092,1,1,0,0,1,0,0,0,0,0,1
0,0,0,-0.3024832680436906,0,1,0,0,1,1,1,1.1772600070539634,2,0,1,0,1,0,0,0,0,1,0
0,1,0,-1.2791730474053722,1,0,0,0,1,1,1,1.0028809360653235,1,0,1,0,1,0,0,0,0,1,0
0,0,0,-0.26178786057028713,0,1,1,0,0,0,1,-0.33402527484758193,1,1,0,0,1,0,0,0,1,0,0
0,0,0,-0.9129143801447416,0,0,0,0,0,0,0,-1.4882486494866742,1,0,0,1,1,0,0,0,0,1,0
0,1,1,-0.546655712884111,1,1,0,0,0,0,1,-0.9916834854333092,0,1,0,0,1,0,0,0,0,0,1
0,0,0,1.569505475732866,0,0,0,0,0,0,0,-1.3039050601558264,2,0,0,1,0,0,1,1,0,0,0
1,0,0,0.7555973262647979,0,1,0,0,0,0,1,0.49136899449864646,2,0,1,0,0,1,0,1,0,0,0
0,1,1,1.569505475732866,1,1,1,1,1,1,0,0.7321781877686729,2,1,0,0,0,0,1,1,0,0,0
0,0,0,1.4474192533126558,1,1,1,1,1,1,1,1.740255293388715,2,0,1,0,0,1,0,0,1,0,0
0,0,0,0.5114248814243775,1,0,1,1,0,0,0,-0.7475527860492136,0,1,0,0,0,1,0,1,0,0,0
0,1,0,1.2032468084722354,0,0,1,0,1,1,1,1.2137965743087258,2,0,1,0,1,0,0,0,0,1,0
0,1,1,0.14516621416374687,0,0,0,0,0,0,0,-1.5065169331140555,1,0,0,1,0,0,1,0,1,0,0
0,0,0,-1.0350006025649519,1,0,0,0,0,1,1,-0.189539758885566,1,1,0,0,0,1,0,0,0,1,0
0,0,0,-1.0756960100383552,0,0,0,0,0,1,1,-0.3257215095624086,1,1,0,0,1,0,0,0,0,1,0
0,1,1,1.2032468084722354,0,1,1,1,1,1,1,1.5276789020882777,2,0,1,0,0,1,0,0,0,1,0
0,1,1,1.4881146607860591,0,1,1,0,1,1,1,-0.3273822626194432,0,1,0,0,0,0,1,0,1,0,0
0,0,1,-0.05831082320327015,0,1,0,1,1,1,1,0.4863867353275428,2,1,0,0,0,1,0,0,0,0,1
0,0,0,-1.1977822324585654,0,0,0,0,0,0,1,-1.5065169331140555,1,0,0,1,0,1,0,0,0,0,1
0,0,0,-1.1163914175117586,1,0,0,1,0,0,0,-0.35229355847496313,1,1,0,0,1,0,0,0,0,1,0
0,0,0,-0.38387408299049736,1,0,0,0,0,0,1,0.33857971325145747,1,0,1,0,1,0,0,1,0,0,0
0,1,1,-0.9943051950915484,0,0,0,0,0,0,1,-1.4932309086577782,1,0,0,1,0,0,1,0,0,0,1
0,0,0,-0.09900623067667355,1,1,1,0,0,0,0,0.8500916548181345,2,0,1,0,0,1,0,1,0,0,0
0,0,0,-0.4652648979373042,0,1,0,1,1,1,1,1.140723439799201,1,0,1,0,1,0,0,1,0,0,0
0,1,0,1.4474192533126558,1,0,1,0,1,1,1,-0.3556150645890325,0,1,0,0,0,0,1,1,0,0,0
0,0,0,-1.1977822324585654,0,0,0,1,0,0,1,-1.1644018033649146,0,1,0,0,1,0,0,0,0,1,0
0,0,1,0.2672524365839571,0,0,1,1,1,1,0,-0.33070376873351254,0,1,0,0,0,1,0,1,0,0,0
0,0,0,-1.2791730474053722,0,0,0,0,0,0,0,-0.6329608251138217,1,1,0,0,1,0,0,0,0,1,0
0,1,0,-0.05831082320327015,0,0,0,0,1,0,1,-0.19120051194260082,2,1,0,0,1,0,0,0,1,0,0
0,0,0,-0.7908281577245314,0,0,0,0,0,0,1,-1.4749626250303969,1,0,0,1,1,0,0,0,0,1,0
0,0,0,-0.13970163815007697,0,0,0,0,0,0,0,-1.4882486494866742,1,0,0,1,0,1,0,0,0,0,1
1,1,0,-1.0350006025649519,1,1,0,0,0,1,1,0.9929164177231157,2,0,1,0,1,0,0,0,1,0,0
0,0,0,-1.2791730474053722,0,1,0,0,0,1,1,0.6707303246583904,1,0,1,0,1,0,0,0,0,1,0
0,0,0,-0.38387408299049736,0,0,0,0,0,0,0,-1.4832663903155703,1,0,0,1,0,1,0,1,0,0,0
0,1,0,-1.1977822324585654,0,0,0,1,0,0,1,-1.1594195441938107,0,1,0,0,1,0,0,0,0,1,0
0,1,1,0.5521202888977809,0,0,0,0,0,0,0,-1.4965524147718476,1,0,0,1,0,0,1,0,1,0,0
0,1,1,-1.2384776399319688,1,1,0,1,0,0,0,-0.17625373442928874,1,1,0,0,0,0,1,0,0,0,1
0,1,0,1.6102008832062693,1,0,1,1,1,0,1,1.109169131715542,2,0,1,0,0,0,1,1,0,0,0
0,0,0,0.34864325153076386,1,0,1,1,1,1,1,0.4996727597838198,1,1,0,0,0,1,0,1,0,0,0
0,0,0,-0.34317867551709397,0,0,0,0,1,1,1,0.9729873810386994,2,0,1,0,1,0,0,0,0,1,0
1,0,0,-0.5059603054107076,0,0,0,0,0,0,0,0.21568398703089214,1,0,1,0,1,0,0,0,1,0,0
0,1,0,1.6102008832062693,0,1,1,1,1,1,0,1.472874051206134,2,0,1,0,0,1,0,0,1,0,0
0,0,0,-0.6687419353043211,0,1,1,0,0,1,1,1.0228099727497393,2,0,1,0,1,0,0,0,1,0,0
0,0,0,0.023079991743536653,0,0,0,0,0,0,0,-1.4766233780874316,1,0,0,1,0,0,1,0,0,0,1
0,0,0,-0.5873511203575144,0,0,0,0,0,0,0,-1.5131599453421942,1,0,0,1,1,0,0,0,0,0,1
1,0,0,0.14516621416374687,1,0,0,0,1,0,1,0.8650384323314462,2,0,1,0,1,0,0,0,0,1,0
0,1,0,1.4474192533126558,1,1,1,1,1,1,1,0.8932712343010357,2,1,0,0,0,0,1,0,0,1,0
1,0,0,0.34864325153076386,0,0,1,1,1,1,1,1.2054928090235526,1,0,1,0,0,1,0,1,0,0,0
0,1,0,0.8369881412116047,1,0,1,1,1,0,0,0.41829585998912155,2,1,0,0,0,1,0,1,0,0,0
0,0,0,-1.0350006025649519,0,0,0,0,0,0,0,-1.4666588597452237,1,0,0,1,1,0,0,0,0,0,1
0,0,0,1.081160586052025,0,0,1,0,0,1,1,-0.11480587131900608,1,1,0,0,0,1,0,1,0,0,0
0,1,1,-0.05831082320327015,1,0,1,1,0,0,0,0.8135550875633716,2,0,1,0,1,0,0,0,0,1,0
0,1,1,0.9590743636318149,0,1,1,1,0,1,1,1.1606524764836168,2,0,1,0,0,1,0,0,1,0,0
0,0,0,-1.2791730474053722,0,0,0,0,0,0,1,-1.4849271433726048,1,0,0,1,1,0,0,0,0,0,1
0,0,0,0.06377539921694006,0,1,0,0,0,0,1,-0.4984398274940139,1,1,0,0,1,0,0,0,0,1,0
0,1,0,1.2439422159456388,0,1,0,0,1,1,1,1.0360959972060169,1,0,1,0,0,1,0,0,0,1,0
1,1,0,-0.8722189726713382,0,0,0,0,0,0,1,0.1791474197761297,1,0,1,0,1,0,0,0,0,1,0
0,1,1,1.4474192533126558,1,1,1,0,1,1,1,1.2769051904760433,1,0,1,0,0,0,1,0,1,0,0
0,0,0,-1.2791730474053722,0,0,0,0,0,0,0,-0.6927479351670696,1,1,0,0,1,0,0,0,0,0,1
0,0,0,-1.2791730474053722,0,0,0,0,0,1,0,-0.3074532259350274,1,1,0,0,1,0,0,0,0,0,1
0,0,0,-0.42456949046390074,0,0,0,0,1,1,1,1.0062024421793927,2,0,1,0,1,0,0,0,0,1,0
0,1,1,0.3079478440573605,0,0,1,0,1,0,1,0.6723910777154251,1,0,1,0,0,1,0,0,0,1,0
0,1,1,1.569505475732866,1,1,1,1,1,1,1,1.7020579730769174,2,0,1,0,0,0,1,1,0,0,0
0,1,1,0.06377539921694006,0,1,0,0,1,1,1,1.0925616011451955,2,0,1,0,1,0,0,1,0,0,0
0,1,0,-0.9129143801447416,0,0,0,0,0,0,1,0.1758259136620601,1,0,1,0,1,0,0,0,0,1,0
0,0,0,0.9183789561584115,1,0,0,0,0,0,1,-0.4735285316384939,1,1,0,0,1,0,0,0,1,0,0
1,0,0,-1.2791730474053722,0,0,0,0,1,0,1,0.47808297004236944,1,0,1,0,1,0,0,0,0,1,0
0,1,0,0.3079478440573605,0,1,0,0,0,0,1,-0.48681455609477114,1,1,0,0,1,0,0,0,0,0,1
0,1,0,0.3079478440573605,0,1,1,0,0,0,0,0.5312270678674785,1,0,1,0,0,1,0,0,0,1,0
0,1,1,-0.34317867551709397,0,0,0,0,0,0,1,-1.4982131678288821,1,0,0,1,0,0,1,0,0,0,1
1,0,0,-0.4652648979373042,0,0,1,0,1,1,1,1.0626680461185714,1,0,1,0,1,0,0,1,0,0,0
0,0,0,0.34864325153076386,0,0,0,1,0,0,1,0.3136684173959375,1,0,1,0,1,0,0,0,0,1,0
0,1,0,-1.2384776399319688,0,1,1,0,0,0,0,0.4946905006127161,1,0,1,0,1,0,0,1,0,0,0
1,0,0,-0.6687419353043211,0,0,0,0,0,0,1,0.3203114296240762,2,0,1,0,1,0,0,1,0,0,0
0,0,0,-0.953609787618145,1,0,1,1,0,1,1,0.11437805055177766,1,1,0,0,1,0,0,1,0,0,0
0,0,0,1.1218559935254284,1,0,1,1,0,0,0,-0.0018746634406488956,2,1,0,0,0,1,0,0,0,1,0
0,0,0,-0.7908281577245314,0,0,0,0,0,0,0,-1.4998739208859169,1,0,0,1,0,1,0,0,0,1,0
0,0,0,-0.4652648979373042,1,0,1,0,1,1,0,1.2968342271604592,2,0,1,0,1,0,0,0,0,0,1
0,0,0,0.7555973262647979,1,0,0,0,1,0,0,0.7155706571983262,1,0,1,0,0,1,0,0,0,0,1
0,1,0,-1.1977822324585654,0,0,0,0,1,1,0,0.9995594299512544,2,0,1,0,1,0,0,0,0,1,0
0,0,0,-1.1977822324585654,0,0,0,0,0,0,1,-1.4998739208859169,1,0,0,1,1,0,0,0,0,0,1
0,0,0,-1.2384776399319688,0,0,0,0,0,0,0,-1.3454238865816932,0,1,0,0,1,0,0,0,0,0,1
0,1,0,1.4881146607860591,0,1,0,0,1,1,1,1.0244707258067745,1,0,1,0,0,1,0,0,1,0,0
1,1,0,-1.2791730474053722,0,0,0,0,0,0,1,0.18246892589019884,1,0,1,0,1,0,0,0,0,1,0
0,0,0,-0.7094373427777246,1,0,0,0,1,1,1,1.158991723426582,2,0,1,0,1,0,0,0,0,1,0
0,0,1,-0.42456949046390074,0,0,0,0,0,1,1,0.6624265593732171,2,0,1,0,1,0,0,0,0,1,0
0,0,0,-0.8315235651979348,0,0,0,0,0,0,0,-1.4849271433726048,1,0,0,1,1,0,0,0,0,0,1
0,1,1,1.366028438365849,1,1,1,0,1,1,0,1.476195557320203,2,0,1,0,0,0,1,1,0,0,0
0,0,1,-1.2791730474053722,0,1,0,0,0,0,1,0.35020498465069994,1,0,1,0,1,0,0,0,0,1,0
0,0,0,0.5928156963711843,1,1,0,0,1,0,0,0.9962379238371848,2,0,1,0,0,1,0,1,0,0,0
0,1,0,1.4067238458392524,0,1,1,1,1,1,1,1.491142334833515,2,0,1,0,0,1,0,0,1,0,0
0,0,0,-0.26178786057028713,1,0,1,1,0,1,1,1.0311137380349127,1,0,1,0,0,1,0,1,0,0,0
0,1,0,-0.5059603054107076,0,0,0,0,0,0,1,0.1658613953198522,1,0,1,0,1,0,0,1,0,0,0
0,0,0,-0.9129143801447416,0,1,0,1,0,0,0,-0.948503905950408,0,1,0,0,1,0,0,0,0,1,0
0,1,1,0.9183789561584115,0,0,0,0,0,0,0,-1.5164814514562637,1,0,0,1,0,1,0,0,1,0,0
0,0,0,0.18586162163715025,0,0,0,1,1,1,0,1.129098168399958,2,0,1,0,1,0,0,1,0,0,0
0,0,1,-1.2791730474053722,0,0,0,0,0,0,0,-1.3321378621254156,0,1,0,0,1,0,0,0,0,0,1
0,0,0,-0.05831082320327015,0,0,0,0,0,0,0,-1.4733018719733622,1,0,0,1,0,0,1,0,0,0,1
0,0,0,-1.2791730474053722,0,1,0,0,0,0,0,-0.4735285316384939,1,1,0,0,1,0,0,0,0,1,0
0,0,0,-0.8315235651979348,0,0,0,0,0,0,0,-1.4782841311444663,1,0,0,1,1,0,0,0,0,0,1
0,1,0,-0.18039704562348036,0,0,0,0,0,0,0,-1.3039050601558264,2,0,0,1,0,1,0,0,0,0,1
0,1,0,1.569505475732866,1,1,1,0,1,0,1,1.1357411806280968,2,0,1,0,0,0,1,0,0,1,0
1,1,0,0.06377539921694006,0,0,0,0,0,0,0,0.22398775231606546,1,0,1,0,1,0,0,0,1,0,0
0,0,0,1.569505475732866,1,1,1,1,1,0,0,0.41663510693208655,1,1,0,0,0,0,1,0,1,0,0
0,1,1,0.9183789561584115,0,0,1,1,0,0,1,-0.3174177442772353,1,1,0,0,0,0,1,0,1,0,0
0,0,0,1.4881146607860591,0,0,0,0,0,0,1,-1.5181422045132982,1,0,0,1,0,0,1,0,0,0,1
0,0,0,-1.1977822324585654,0,0,0,0,0,0,1,-0.6462468495700989,1,1,0,0,1,0,0,0,0,1,0
0,1,0,1.569505475732866,0,0,0,0,0,0,1,-1.3337986151824504,2,0,0,1,0,0,1,1,0,0,0
1,1,0,0.4707294739509741,0,0,0,0,0,0,1,-1.5098384392281248,1,0,0,1,0,0,1,0,1,0,0
0,0,0,-0.8722189726713382,1,0,0,0,0,0,1,0.4714399578142307,2,0,1,0,1,0,0,1,0,0,0
0,0,0,-0.7908281577245314,0,1,0,0,0,0,1,0.326954441852215,1,0,1,0,0,1,0,0,0,0,1
0,0,0,0.5928156963711843,1,0,1,1,0,0,1,0.00642910184452443,2,1,0,0,0,0,1,0,0,0,1
1,0,0,-1.2791730474053722,0,0,1,0,0,0,1,0.3485442315936654,1,0,1,0,1,0,0,1,0,0,0
0,0,0,0.5114248814243775,1,1,0,1,0,0,1,-0.07494779795017426,1,1,0,0,0,1,0,0,1,0,0
0,1,0,1.1625514009988318,0,1,1,0,1,1,0,0.5345485739815481,2,1,0,0,0,0,1,1,0,0,0
0,1,1,-1.2791730474053722,0,0,0,0,0,0,1,0.17084365449095637,1,0,1,0,1,0,0,0,1,0,0
1,1,0,0.5521202888977809,0,0,1,0,1,1,1,1.1307589214569926,2,0,1,0,1,0,0,0,0,1,0
0,0,1,-1.1977822324585654,1,0,1,0,0,0,0,-0.2958279545357847,1,1,0,0,1,0,0,0,0,0,1
0,1,0,1.6102008832062693,0,1,1,1,1,1,1,1.4928030878905498,2,0,1,0,0,0,1,0,1,0,0
0,1,1,0.2672524365839571,1,0,0,0,0,0,0,-0.45692100106814726,1,1,0,0,1,0,0,0,1,0,0
0,1,1,-0.9943051950915484,0,1,0,0,0,0,0,-0.30081021370688865,2,1,0,0,1,0,0,0,0,1,0
1,0,0,0.8369881412116047,0,1,1,0,1,1,1,-0.34398979318978984,0,1,0,0,1,0,0,0,0,1,0
0,1,1,0.7149019187913945,1,1,1,1,0,1,1,0.5063157720119585,2,1,0,0,0,1,0,1,0,0,0
0,0,0,1.569505475732866,0,0,1,1,0,0,1,0.7172314102553613,2,0,1,0,0,0,1,0,1,0,0
0,0,0,0.7962927337382013,0,1,0,0,0,0,0,-1.1527765319656718,0,1,0,0,0,1,0,0,0,0,1
0,0,0,-1.0350006025649519,0,0,1,0,0,0,1,0.34356197242256165,1,0,1,0,1,0,0,0,0,1,0
0,1,0,1.6102008832062693,1,1,1,1,1,1,1,0.9032357526432436,2,1,0,0,0,0,1,0,1,0,0
0,0,0,-0.9129143801447416,1,0,0,0,0,0,1,-0.3423290401327553,2,1,0,0,1,0,0,0,1,0,0
0,0,0,0.9183789561584115,0,1,0,1,0,1,1,-0.020142947068030118,1,1,0,0,0,1,0,0,0,1,0
0,0,0,-0.8722189726713382,0,0,0,0,0,0,0,-1.4882486494866742,1,0,0,1,0,1,0,0,0,0,1
0,1,1,1.6102008832062693,0,0,0,0,0,0,0,-1.5081776861710903,1,0,0,1,0,0,1,0,1,0,0
1,0,0,0.9183789561584115,1,0,0,0,1,1,1,1.129098168399958,2,0,1,0,1,0,0,0,0,1,0
0,1,1,1.4881146607860591,0,0,0,0,0,0,1,-1.2889582826425143,2,0,0,1,0,0,1,1,0,0,0
1,1,0,0.5521202888977809,0,0,1,0,1,1,1,1.2021713029094834,2,0,1,0,1,0,0,0,0,1,0
0,0,0,0.9590743636318149,0,1,0,1,1,1,1,0.36349100910697746,1,1,0,0,0,1,0,1,0,0,0
1,1,0,1.2439422159456388,0,1,1,0,1,1,1,1.2852089557612165,2,0,1,0,1,0,0,0,0,1,0
0,1,1,-1.2791730474053722,0,0,1,0,0,0,0,-0.476850037752563,1,1,0,0,1,0,0,0,0,0,1
0,0,0,1.4881146607860591,0,0,0,0,0,0,0,-1.3570491579809356,2,0,0,1,0,0,1,1,0,0,0
0,1,1,0.7555973262647979,0,0,0,0,0,0,1,-1.3238340968402422,2,0,0,1,0,0,1,0,0,0,1
0,0,0,0.22655702911055367,0,0,0,0,0,0,0,-1.4865878964296397,1,0,0,1,0,0,1,0,0,0,1
0,0,0,-0.26178786057028713,0,0,0,0,1,1,1,0.796947556993025,1,0,1,0,1,0,0,1,0,0,0
0,0,0,-0.34317867551709397,0,1,1,0,1,1,1,1.3067987455026675,2,0,1,0,1,0,0,0,0,1,0
0,0,0,1.2032468084722354,0,1,1,0,0,1,1,-0.7043732065663122,0,1,0,0,0,0,1,0,1,0,0
1,0,0,0.18586162163715025,1,1,0,0,1,1,1,1.3931579044684699,2,0,1,0,1,0,0,1,0,0,0
0,0,0,-0.18039704562348036,1,1,0,1,0,0,1,-0.16296770997301147,1,1,0,0,0,1,0,0,0,1,0
0,1,1,-1.157086824985162,0,0,0,0,0,0,0,-1.3520668988098317,2,0,0,1,0,1,0,0,1,0,0
0,0,0,-1.0756960100383552,1,1,1,1,1,1,1,-0.0467149959805849,0,1,0,0,0,0,1,0,0,0,1
0,0,0,1.4881146607860591,1,1,1,1,1,1,0,0.8583954201033078,2,1,0,0,0,0,1,0,0,0,1
0,1,1,-1.2791730474053722,0,0,0,0,0,0,0,-1.4899094025437087,1,0,0,1,1,0,0,1,0,0,0
0,1,0,0.9183789561584115,0,0,0,0,0,0,0,-1.4982131678288821,1,0,0,1,0,1,0,0,0,1,0
1,0,0,-1.2791730474053722,0,1,0,0,0,1,1,0.7039453857990838,1,0,1,0,1,0,0,0,0,1,0
0,0,0,-1.157086824985162,0,0,0,0,0,0,0,-1.4566943414030156,1,0,0,1,1,0,0,1,0,0,0
0,1,1,1.6102008832062693,0,1,1,0,1,1,1,1.3167632638448754,2,0,1,0,0,1,0,0,1,0,0
0,1,0,-1.157086824985162,0,0,0,0,1,0,1,0.5162802903541664,1,0,1,0,1,0,0,0,0,1,0
0,1,1,1.4881146607860591,0,1,1,0,1,1,1,1.3350315474722565,2,0,1,0,0,0,1,0,0,1,0
1,1,0,-0.5059603054107076,0,0,0,0,1,1,1,0.9879341585520115,2,0,1,0,1,0,0,0,0,1,0
0,0,0,-1.1977822324585654,0,0,0,0,0,0,0,0.32197218268111083,2,0,1,0,1,0,0,0,0,1,0
0,1,1,1.6102008832062693,1,1,0,1,1,0,0,1.165634735654721,2,0,1,0,0,0,1,1,0,0,0
